id,mean_1,stdev_1,mean_2,stdev_2
502fe43f-a501-4c56-a4c2-ea384a0689a6,314567.6666666667,117195.7293019768,344019.93333333335,132082.48575011332
