id,mean_1,stdev_1,mean_2,stdev_2
415e2c65-ee74-4050-8e8c-ac803e64a2e4,330324.2,129554.6488151879,338694.06666666665,130239.14265763406
