id,mean_1,stdev_1,mean_2,stdev_2
5a313e56-ee2b-4e53-84f5-182d23ddacdc,405841.5333333333,147389.73980431005,379733.3333333333,136204.01700227332
