id,mean_1,stdev_1,mean_2,stdev_2
58fc28e6-f9b8-4ac3-aa61-0ef76e543df2,346290.4666666667,140329.3341374101,358331.6666666667,141686.23089661496
