id,mean_1,stdev_1,mean_2,stdev_2
6d1bcfc7-e110-43b4-9b08-0533ffc66ab1,315938.06666666665,117166.51678841055,303193.5333333333,122827.04108779233
