id,mean_1,stdev_1,mean_2,stdev_2
0e8e7ea8-4d81-4357-b4a1-95fe68e96a84,326237.6666666667,116280.28572930532,329497.4666666667,112776.98415655957
