id,mean_1,stdev_1,mean_2,stdev_2
9a72327c-6ae2-4bd9-9163-3949832e7f87,319813.8,120923.66115815932,340817.86666666664,131856.7491585049
