id,mean_1,stdev_1,mean_2,stdev_2
3df5088b-c7eb-40cd-9754-69057f9b4dc6,366896.3333333333,147792.25661297535,365177.93333333335,137926.21644123917
