id,mean_1,stdev_1,mean_2,stdev_2
1ad74447-59a6-4fca-8849-a89aa10a2e9a,289215.8,108568.16551592523,301687.6,114640.21410994194
