id,mean_1,stdev_1,mean_2,stdev_2
eb9f221d-da80-499f-840a-876461889517,319709.5333333333,135361.10380995306,292128.73333333334,122795.41280925585
