id,mean_1,stdev_1,mean_2,stdev_2
a9ff39d0-9919-40f4-857e-852d6e944e9f,350718.93333333335,129349.69099433089,376230.3333333333,151011.8274050818
