id,mean_1,stdev_1,mean_2,stdev_2
8f38b14c-a676-424a-af45-f8d2aea14be8,352065.4,137019.58013841184,337289.3333333333,132045.75858121642
