id,mean_1,stdev_1,mean_2,stdev_2
08fc96b4-8c5c-4ab0-8aba-883360d0f412,291717.5333333333,120456.29253239074,322355.4,126919.2057937122
