id,mean_1,stdev_1,mean_2,stdev_2
5d2d0035-9718-4a41-ae7c-9b24e310471d,307159.4,120969.62814403731,319750.8,130602.11600695195
