id,mean_1,stdev_1,mean_2,stdev_2
baa2d0de-e901-4483-83ed-9229394b856e,371821.13333333336,135727.27375138065,339427.4666666667,120261.32525067603
