id,mean_1,stdev_1,mean_2,stdev_2
76856315-5d71-43a6-949e-a5ffa387c9a5,165163.2,76999.96053869117,320058.2,121590.5815098083
