id,mean_1,stdev_1,mean_2,stdev_2
0252b899-b47d-4b8b-aa12-d8477df08eb1,270550.2,107650.66034242428,300531.2,122713.30134216639
