id,mean_1,stdev_1,mean_2,stdev_2
f2de0bfa-a721-4353-a73a-b870d3cdd043,294086.2,113583.018962754,290701.3333333333,112932.25927706494
