id,mean_1,stdev_1,mean_2,stdev_2
e8d15c97-6980-4d68-b0bb-83517de426de,312818.93333333335,121479.32990401656,333142.13333333336,129904.48204167381
