id,mean_1,stdev_1,mean_2,stdev_2
4239c7d1-938e-488f-89ab-c1958ebafe72,340027.26666666666,143902.90643600252,331441.3333333333,138095.32684425722
