id,mean_1,stdev_1,mean_2,stdev_2
b2e68a09-9a12-4ef8-b0b1-c0a91d6b646e,331657.93333333335,132578.53171986615,319335.86666666664,120790.98612278796
