id,mean_1,stdev_1,mean_2,stdev_2
e6373225-aa61-45c2-8179-c8d79d822897,292781.86666666664,120258.11935713762,282065.3333333333,115860.23771692437
