id,mean_1,stdev_1,mean_2,stdev_2
9be418cd-e293-4365-8e49-e29ec7407853,382166.2,144263.1997035049,340787.2,132524.78511393006
