id,mean_1,stdev_1,mean_2,stdev_2
8d257264-569b-45c2-8b7e-0f701ed377cf,288376.93333333335,113294.48013589285,306498.2,118044.64593545387
