id,mean_1,stdev_1,mean_2,stdev_2
e8778b7b-ffaf-485b-9f1d-9f50c11df7a9,312424.86666666664,121907.73843136,304035.3333333333,114531.19167555284
