id,mean_1,stdev_1,mean_2,stdev_2
c3f4b749-db06-4346-a18e-d034f32cccf0,329963.8,123141.77962126961,329250.8,126487.83074124827
