id,mean_1,stdev_1,mean_2,stdev_2
c2a0afe8-0427-4fbe-91e4-566144adb941,320791.13333333336,123046.13176846407,309281.93333333335,120030.77026355459
