id,mean_1,stdev_1,mean_2,stdev_2
271a5e06-0f0e-4ee5-8202-0ee5755ec19e,350303.4,141671.31931660222,323430.3333333333,128089.79345322127
