id,mean_1,stdev_1,mean_2,stdev_2
928d1377-17e8-450d-9c4d-ede71d5f8e5c,360336.3333333333,132983.61216814985,265071.8,109954.39123090993
