id,mean_1,stdev_1,mean_2,stdev_2
d63f7a1b-d791-48a1-aabe-2151c40224e0,324992.86666666664,122858.76218154823,339317.0,130248.87448470845
