id,mean_1,stdev_1,mean_2,stdev_2
a65d9c2c-48b6-418e-93ad-ebf3d823f96f,333964.26666666666,123492.63954285785,338751.4,131180.00567352734
