id,mean_1,stdev_1,mean_2,stdev_2
b88199b0-cc48-45bd-b02d-55662d002e0d,311635.73333333334,115617.43912142128,293340.6,109110.26152035383
