id,mean_1,stdev_1,mean_2,stdev_2
8a4cf536-e4fc-4f67-9e11-585ba80fe91f,347819.5333333333,141121.18691151784,337062.8,127825.0110034287
