id,mean_1,stdev_1,mean_2,stdev_2
9f0afcdc-7e02-4c13-b8af-f5ecf8e40509,300221.86666666664,109648.3023445821,385956.4,146495.27161325037
