id,mean_1,stdev_1,mean_2,stdev_2
ed7e9985-6378-4eee-ab75-5f7210880591,350739.6666666667,128970.61453817903,368749.6,144425.1881858101
