id,mean_1,stdev_1,mean_2,stdev_2
c5b07efb-d7ae-46ce-91be-b704c3180202,322611.93333333335,121047.11588549128,374829.8,148813.37422700512
