id,mean_1,stdev_1,mean_2,stdev_2
128d5162-6fd7-4760-8003-281c457d23bc,312224.73333333334,113113.84492888371,315624.6666666667,117997.8609566951
