id,mean_1,stdev_1,mean_2,stdev_2
06e703ff-7ebf-4942-8824-a55442af56d6,324280.4,120907.41523705925,318535.86666666664,126737.25570742365
