id,mean_1,stdev_1,mean_2,stdev_2
cac95e71-3bf6-4279-a5a1-efd27e59d375,291097.4666666667,121906.17756283813,329041.8,139146.06205672273
