id,mean_1,stdev_1,mean_2,stdev_2
1dc9cb9d-2753-4f3e-927f-f562787e10e9,313166.06666666665,117133.8754653362,124192.2,84501.74269145775
