id,mean_1,stdev_1,mean_2,stdev_2
5ed44bc5-b585-4137-84b4-d4a8d3de32c2,379520.6666666667,132369.60845585197,362076.93333333335,134744.448344
