id,mean_1,stdev_1,mean_2,stdev_2
a2808720-58b9-404e-ab9b-c85e90099119,350297.8,133403.857520538,357636.13333333336,136675.95620243117
