id,mean_1,stdev_1,mean_2,stdev_2
70a8d125-c936-4649-89f7-05e4fb18675d,306274.86666666664,123094.16328587188,290950.4666666667,121681.15012379235
