id,mean_1,stdev_1,mean_2,stdev_2
982b46ef-8c2e-47aa-a532-a87efbdda530,271541.8,113669.23641701245,292209.73333333334,122208.9887880411
