id,mean_1,stdev_1,mean_2,stdev_2
cdbe343f-bed2-4eea-98d2-b9805ecc7f43,317841.4,124411.2822498024,309135.4,116319.79661995059
