id,mean_1,stdev_1,mean_2,stdev_2
e34e6ae4-a7d0-42fe-a498-e516d0d95a17,321564.5333333333,127843.99129870054,321101.13333333336,122950.1579095457
