id,mean_1,stdev_1,mean_2,stdev_2
3641dd91-d72b-47e3-a8d1-95f698f98cf8,369505.06666666665,143045.47574272397,313655.26666666666,119407.7315679163
