id,mean_1,stdev_1,mean_2,stdev_2
ffafdb2b-68c3-46e5-a5e5-7cb89a591186,342589.4,139579.3955571762,337052.5333333333,133454.10716490602
