id,mean_1,stdev_1,mean_2,stdev_2
447e59c1-cfd7-4224-9691-1384028f46a5,300431.6,120934.99116456465,334439.5333333333,127030.37650413472
