id,mean_1,stdev_1,mean_2,stdev_2
aad1f630-f81f-4c16-bbcc-6144ef0a728e,336680.3333333333,117131.47356178681,345071.26666666666,128203.60184824067
