id,mean_1,stdev_1,mean_2,stdev_2
828ef9d9-c8a5-4850-94c8-7bfee881936f,386148.06666666665,149711.84741694812,343416.3333333333,137117.28739618827
