id,mean_1,stdev_1,mean_2,stdev_2
e461e46e-2e64-467a-809c-180ed8d5480f,367010.5333333333,143518.72177285986,347137.6,132791.47888465333
