id,mean_1,stdev_1,mean_2,stdev_2
9070f1e7-e7fb-4d0e-bbeb-fb809845c405,343797.6,138078.2275025284,359284.6666666667,138872.92194312834
