id,mean_1,stdev_1,mean_2,stdev_2
190d5d8a-ecac-45f1-bfdc-bc81210b464b,323673.13333333336,125999.16985327943,360247.26666666666,138740.72250374878
