id,mean_1,stdev_1,mean_2,stdev_2
58f252df-12a9-4fcc-ad9c-062526b79f51,285175.5333333333,106294.90111061561,290397.4,113289.66550855376
