id,mean_1,stdev_1,mean_2,stdev_2
80018616-8709-436f-9476-93753e5eb5f9,319497.6,123137.9767479283,307062.3333333333,116755.76733373343
