id,mean_1,stdev_1,mean_2,stdev_2
a7236151-a99d-4b63-aebe-db8ae38cd0ef,129211.6,68057.40368032464,128013.46666666666,71455.37913025785
