id,mean_1,stdev_1,mean_2,stdev_2
3b8efdcf-c07e-42a1-aaf2-b5f3a1e8209b,352052.73333333334,127604.39100149424,326110.73333333334,114960.25367547205
