id,mean_1,stdev_1,mean_2,stdev_2
077cc6c3-0ed6-4994-afda-7f17c3ec5ba1,337486.6666666667,125951.98626654876,349516.06666666665,127430.03276489503
