id,mean_1,stdev_1,mean_2,stdev_2
9b4ae693-231a-4946-a875-cd541329bbe2,284833.2,120860.17175242912,293882.2,125143.64844513685
