id,mean_1,stdev_1,mean_2,stdev_2
abf6ec72-0e69-4f34-91e0-72cb4d528a29,356989.0,138350.49497225034,351594.86666666664,134946.7900370941
