id,mean_1,stdev_1,mean_2,stdev_2
b61326f1-6478-4082-a60c-262cb3cafd30,306814.8,114135.96772399721,315256.5333333333,120659.17296631681
