id,mean_1,stdev_1,mean_2,stdev_2
13387472-4d58-4662-ab81-7c10ac0b01d1,346528.86666666664,128298.21401140217,180612.4,68216.57047257652
