id,mean_1,stdev_1,mean_2,stdev_2
b0ec4bc8-0ac7-4d9f-95c1-c479cbffb6f9,278450.73333333334,108611.44643082311,322425.6666666667,136403.86723044998
