id,mean_1,stdev_1,mean_2,stdev_2
5eebee98-ac03-48fe-aa4a-426be47f23b7,400273.26666666666,146255.34631662376,397421.2,152541.92967364745
