id,mean_1,stdev_1,mean_2,stdev_2
9729b711-4f6b-4368-97a4-b0cf2f4598cb,291382.13333333336,104539.46749042785,299925.6,123148.47531539586
