id,mean_1,stdev_1,mean_2,stdev_2
e7488600-ce19-466b-86ae-754f4f7e364f,329309.6666666667,125294.75643333557,319667.0,121727.77268479038
