id,mean_1,stdev_1,mean_2,stdev_2
bd0920d5-df0f-4fac-ad32-399e37cb6aef,322806.8,125201.04348564084,172345.86666666667,61992.480654637104
