id,mean_1,stdev_1,mean_2,stdev_2
c2d8eaa0-598c-49d2-b209-5d031dcdc626,283954.73333333334,116870.53464779828,282300.6666666667,114861.433806517
