id,mean_1,stdev_1,mean_2,stdev_2
63abc4c6-dc0d-45f4-8226-8d7f31d3718c,292135.8,120337.23422238578,215682.53333333333,120486.7189028825
