id,mean_1,stdev_1,mean_2,stdev_2
91fda102-0a3e-460a-9fca-51592b6645e0,338187.73333333334,129131.59651686938,327666.93333333335,126353.44104981428
