id,mean_1,stdev_1,mean_2,stdev_2
fd966750-be64-4202-8519-0553e6f5c363,303268.93333333335,126970.02392662958,280440.2,112183.02456622689
