id,mean_1,stdev_1,mean_2,stdev_2
3f8b8472-444d-4c1c-ac6a-d4531ba7f108,309154.4,127866.08383920003,279816.26666666666,114032.46552829689
