id,mean_1,stdev_1,mean_2,stdev_2
c682d8ee-a8a1-4c05-a156-358d16c08ee4,331572.73333333334,133486.86012561517,348475.8,140729.97476500875
