id,mean_1,stdev_1,mean_2,stdev_2
34e21e7d-480a-4190-927f-51439755b991,351828.26666666666,133567.41945622652,380027.0,147937.78107163837
