id,mean_1,stdev_1,mean_2,stdev_2
672ef90b-d9cd-4b40-a89b-2b18118183a5,328436.86666666664,124089.2853687036,332027.8,131561.91076761796
