id,mean_1,stdev_1,mean_2,stdev_2
0937a91a-cef0-40b2-bac6-ddb3064ed00a,336078.0,135723.24440222708,333829.6,137323.15178623985
