id,mean_1,stdev_1,mean_2,stdev_2
27028664-6633-4a92-a9de-3d7cce57ebfd,303281.6,119816.71597224375,283875.73333333334,104789.33030321148
