id,mean_1,stdev_1,mean_2,stdev_2
b966f4cc-dd92-428e-8e5c-8ff9c2ff890d,346858.13333333336,133837.88590921814,333221.13333333336,125876.1486498358
