id,mean_1,stdev_1,mean_2,stdev_2
8d2af103-4527-4ddf-b735-cce216b31087,141692.53333333333,80512.9325867314,317164.5333333333,123094.92357789939
