id,mean_1,stdev_1,mean_2,stdev_2
8fcdad38-8bf5-4e87-aefa-a6d34be0d492,316194.5333333333,117976.2206818909,313926.6,116850.40025936297
