id,mean_1,stdev_1,mean_2,stdev_2
00bfd7c5-41b5-491a-875b-d97cac12dcb2,379987.5333333333,137929.06102673055,376433.2,133920.18584475358
