id,mean_1,stdev_1,mean_2,stdev_2
d9110b7f-5f0e-4666-ad8c-64b7c954aee6,269523.5333333333,104870.51625369047,293454.4,115361.0470091183
