id,mean_1,stdev_1,mean_2,stdev_2
d177ab59-2415-4c53-8052-08ebc434a3e2,358603.4666666667,138525.38968091333,337363.2,133910.26656842508
