id,mean_1,stdev_1,mean_2,stdev_2
7d25502a-b894-4419-8636-7f2c83f55046,168547.6,78326.11372443635,195464.66666666666,82379.90309103846
