id,mean_1,stdev_1,mean_2,stdev_2
df7331fe-2357-46f3-b715-7ff4c16bfc33,277922.06666666665,110461.72334491658,298442.86666666664,122592.08403420218
