id,mean_1,stdev_1,mean_2,stdev_2
11284cb6-13e3-4429-9907-8a811eef45fe,318212.0,116559.89160084185,351632.86666666664,137958.380309844
