id,mean_1,stdev_1,mean_2,stdev_2
693b853b-7234-43f0-9cb9-e8f0fc528395,318306.0,123558.0921726025,309369.86666666664,128657.86507626426
