id,mean_1,stdev_1,mean_2,stdev_2
22a852cb-a292-45f3-b701-ca14a45ea3bf,310158.4,118645.7582558545,317252.4666666667,116545.89247838048
