id,mean_1,stdev_1,mean_2,stdev_2
e5c38d83-8c3e-4778-9891-fa819b2554d8,281324.73333333334,115972.91680644905,280428.26666666666,121385.98222829885
