id,mean_1,stdev_1,mean_2,stdev_2
e6077b9b-037b-4922-9948-4da5ee5fb5d6,269569.26666666666,107415.0581457843,294694.93333333335,113172.17347414611
