id,mean_1,stdev_1,mean_2,stdev_2
2037aafd-b8da-48c9-a068-c47dde6aef73,311432.3333333333,115209.61590519354,327896.6,124927.19703667412
