id,mean_1,stdev_1,mean_2,stdev_2
72fa02d8-fd1e-41a0-94ad-8016a1bcb575,357490.4666666667,133744.70251732922,352222.26666666666,133575.329278759
