id,mean_1,stdev_1,mean_2,stdev_2
33bb0a3f-de86-4759-84c5-1063b9489edc,331634.5333333333,127331.63748985909,341906.26666666666,142202.42702685803
