id,mean_1,stdev_1,mean_2,stdev_2
62a28ac0-efc5-45b6-9647-dcd725a83842,323320.6,128472.10770010223,301069.26666666666,116840.64669595461
