id,mean_1,stdev_1,mean_2,stdev_2
c9c798e4-3bbe-4d9b-a826-58b51891225a,369595.26666666666,150810.92353427925,332732.2,133979.93825156562
