id,mean_1,stdev_1,mean_2,stdev_2
4985d3e9-78e6-4f08-98f7-2e4d2ae3516e,296878.6666666667,118716.7216728779,326358.06666666665,134351.416466155
