id,mean_1,stdev_1,mean_2,stdev_2
9045e6ff-870c-4bbd-8f1a-b370027acfd3,342034.93333333335,129332.23894320481,348912.06666666665,130484.56265958138
