id,mean_1,stdev_1,mean_2,stdev_2
d7b2b74c-29e5-4d47-ac56-60594a2f0bfc,352526.8,136123.78194726544,377070.6666666667,154323.4825810886
