id,mean_1,stdev_1,mean_2,stdev_2
8a94ef69-1626-44ca-b712-6440c8a788d2,363727.4666666667,147165.07125395696,307638.26666666666,126003.89752250611
