id,mean_1,stdev_1,mean_2,stdev_2
4ed37871-fdac-4ca3-917a-91f956dfd89a,381266.6666666667,151027.97684652853,348608.6666666667,132400.34044702788
