id,mean_1,stdev_1,mean_2,stdev_2
c679aed3-4a4a-4cba-a2c2-4e5b9c850345,318142.26666666666,116333.00019195853,356606.4666666667,135195.11645463464
