id,mean_1,stdev_1,mean_2,stdev_2
adc1b7dc-b44b-4cbb-b3dc-9cd5d27485d0,316199.4666666667,118371.96847388415,313273.86666666664,119289.01711438296
