id,mean_1,stdev_1,mean_2,stdev_2
a296d467-ddfd-4761-93c1-0caa614eddec,330328.86666666664,129250.0986835815,331201.6,129386.7153231222
