id,mean_1,stdev_1,mean_2,stdev_2
8170e5e8-ba60-4025-b7ec-a3a5bc4fd509,308336.26666666666,125571.62617803257,365334.0,142947.12976015528
