id,mean_1,stdev_1,mean_2,stdev_2
a26c3061-059a-4b9b-a59e-292387548bdf,352238.8,135565.92960534003,346531.5333333333,135664.71321404434
