id,mean_1,stdev_1,mean_2,stdev_2
ea9b7386-ef5a-439d-8d01-2f3ce2619f3e,285191.5333333333,111992.44485402675,323012.93333333335,121944.22249234369
