id,mean_1,stdev_1,mean_2,stdev_2
965483c7-f268-4818-a3f1-b8d0fdea1a5a,261110.26666666666,113241.56825327977,298076.06666666665,123928.76217325644
