id,mean_1,stdev_1,mean_2,stdev_2
fee59517-ce44-44fc-b455-8616367916cf,271654.26666666666,114514.60260855623,295947.3333333333,121318.60194087669
