id,mean_1,stdev_1,mean_2,stdev_2
2904f6cb-af0f-4536-8f65-71163a314525,280422.5333333333,108083.83539448545,304448.06666666665,115844.88769526641
