id,mean_1,stdev_1,mean_2,stdev_2
2dd82294-e27f-42c9-9e52-ed93a8e7a197,299107.4666666667,117555.50140358762,301478.0,114950.53383202128
