id,mean_1,stdev_1,mean_2,stdev_2
de2a4a2f-2a58-4b36-b893-f6f3c7744fab,348778.2,129940.04973125106,329817.26666666666,126304.912067302
