id,mean_1,stdev_1,mean_2,stdev_2
cde41c11-4c12-419c-9c99-f17d1294fcef,326535.5333333333,125087.81278385552,320908.4,121733.38625143062
