id,mean_1,stdev_1,mean_2,stdev_2
9b2f5e8d-e8a6-40bf-ac4d-603887ce3909,316543.3333333333,122807.13540923517,274426.0,108629.01429789986
