id,mean_1,stdev_1,mean_2,stdev_2
f7f16b1b-7e68-483f-93b4-90599cabd193,334746.06666666665,130414.60025445344,329476.4666666667,131013.81888735587
