id,mean_1,stdev_1,mean_2,stdev_2
8ff8be3f-6b6f-4639-be37-8a3028d97fac,274489.26666666666,118225.07185729354,291766.06666666665,119213.84155120394
