id,mean_1,stdev_1,mean_2,stdev_2
d72c0506-f0f9-46a5-83df-b560b4169c6f,288646.26666666666,112687.09106339063,323808.73333333334,129813.71830407175
