id,mean_1,stdev_1,mean_2,stdev_2
bca11371-02b6-408f-95c8-7c901a551e80,297627.06666666665,114599.19304338732,305074.26666666666,117663.52396415052
