id,mean_1,stdev_1,mean_2,stdev_2
dbb52a16-6012-4e7a-8f0e-d45b24182442,348494.6,138576.38687972783,301715.2,121453.6309972932
