id,mean_1,stdev_1,mean_2,stdev_2
47cb433f-57b1-4898-95d3-0f231e4cbc27,335786.73333333334,130226.44122372214,338098.2,132769.962413793
