id,mean_1,stdev_1,mean_2,stdev_2
8e3a339f-700b-4802-889b-a561ea598aee,384096.73333333334,140644.26486066025,414793.6666666667,146369.09678602088
