id,mean_1,stdev_1,mean_2,stdev_2
47fad25b-4738-494c-830b-0a182b0bd871,368019.13333333336,143867.6705897317,345356.0,131948.50441996934
