id,mean_1,stdev_1,mean_2,stdev_2
bb6a1aa0-2ffb-4fb6-b0d6-f594a288665b,266240.06666666665,109723.71036712569,271522.06666666665,110037.65084761771
