id,mean_1,stdev_1,mean_2,stdev_2
58f99ede-f721-457b-8648-9126c15cb808,330188.6666666667,118181.20289491427,330108.13333333336,122702.35560459121
