id,mean_1,stdev_1,mean_2,stdev_2
510a982a-2774-4db4-91bf-e69e8e7f29ac,367200.73333333334,149598.65050570772,359699.26666666666,141343.00708629188
