id,mean_1,stdev_1,mean_2,stdev_2
2b010acd-e400-40da-9f65-1b24b16b46d9,296053.4,118485.57861433322,314370.13333333336,123562.25291831195
