id,mean_1,stdev_1,mean_2,stdev_2
2b9127a6-a328-488e-affa-7b7bf9fddd8b,387602.4,157746.77347014102,370864.6666666667,152052.81654156302
