id,mean_1,stdev_1,mean_2,stdev_2
9a08717e-6c1e-4bc0-a6aa-09b72493d41e,319243.2,126265.79872169132,313165.6666666667,118149.84950401852
