id,mean_1,stdev_1,mean_2,stdev_2
b932b268-7787-42fd-8954-7016cacac5f6,283606.4666666667,106456.6555519924,300747.93333333335,117505.86476453941
