id,mean_1,stdev_1,mean_2,stdev_2
38104a97-5905-44a0-ab48-ef0b85124cc0,334012.2,124430.67250438427,329851.86666666664,131444.28066820643
