id,mean_1,stdev_1,mean_2,stdev_2
97c3a02f-bee3-4160-8011-9c042711b513,304179.0,130462.33145037178,298680.3333333333,124757.3623615946
