id,mean_1,stdev_1,mean_2,stdev_2
fa8f2152-5eb0-4fdc-ab30-245e3f010511,323076.4,129088.96878189605,324537.13333333336,126765.52583457206
