id,mean_1,stdev_1,mean_2,stdev_2
b7eb218b-7c27-47c6-ad00-763e067b5bff,334006.2,133873.34724691595,340206.06666666665,132585.7025788561
