id,mean_1,stdev_1,mean_2,stdev_2
429b21a8-9dc5-40a8-b44d-cae9080280e0,47333.73333333333,48665.570380529,301600.06666666665,113686.03366785603
