id,mean_1,stdev_1,mean_2,stdev_2
823d16dd-1ff9-4a9c-944b-b261aba91a52,325015.93333333335,135048.96706329237,343191.0,141109.34673082433
