id,mean_1,stdev_1,mean_2,stdev_2
d8fd352a-92b5-4e66-bdc9-e4cbe176f8b6,352119.13333333336,137259.42723464288,365100.0,138922.11205564073
