id,mean_1,stdev_1,mean_2,stdev_2
4bad901b-f12d-4df7-ada0-08a69f4248bb,320967.86666666664,122476.05342099418,308556.86666666664,120416.25079247217
