id,mean_1,stdev_1,mean_2,stdev_2
025077f4-2f88-4785-9e71-f72a7d08b2fe,129092.8,65343.356848981464,314892.5333333333,117255.99247564658
