id,mean_1,stdev_1,mean_2,stdev_2
66dca855-c86c-4ab3-90a3-29d9866986ea,363250.93333333335,145324.41279448618,322275.4,121395.33074370421
