id,mean_1,stdev_1,mean_2,stdev_2
d0bb589b-9e09-4999-bfe1-d8f3524d3f6e,310384.0,131644.50612008083,331904.0,136754.78301495223
