id,mean_1,stdev_1,mean_2,stdev_2
8e778114-dc0c-4f76-b13d-4d7aeda1bba7,322367.4666666667,122433.53962367593,332506.6666666667,121778.8565959716
