id,mean_1,stdev_1,mean_2,stdev_2
e2b6da15-6b7e-42bb-b08b-d5bb15245b04,361680.06666666665,141667.61748706803,372248.0,141888.8023174016
