id,mean_1,stdev_1,mean_2,stdev_2
f39cb7e6-f846-4bbd-8511-2fae7fd9c604,341731.4,132490.76299566447,379300.2,144194.1278768314
