id,mean_1,stdev_1,mean_2,stdev_2
bb2b1457-6108-4b24-a0ec-7b4cca1398f2,423500.26666666666,162435.26297142365,364744.93333333335,144632.89185496117
