id,mean_1,stdev_1,mean_2,stdev_2
a52ada7d-2999-4d0b-8679-163b24cd274b,323659.93333333335,124681.07055013959,344295.13333333336,133965.88651337905
