id,mean_1,stdev_1,mean_2,stdev_2
30e25b86-0b43-4e1a-a63c-30aa31ea760d,335678.2,133734.21613942584,342090.2,137531.90572721662
