id,mean_1,stdev_1,mean_2,stdev_2
97193a0b-b35f-4d54-ab88-4bbeeeb0b46b,312446.6666666667,117590.12435158924,337078.4666666667,127777.88291608042
