id,mean_1,stdev_1,mean_2,stdev_2
60b8a0eb-9d12-435a-973c-10211d4aa81c,256949.66666666666,106315.9828208137,259218.46666666667,106290.99805149176
