id,mean_1,stdev_1,mean_2,stdev_2
e5010d4f-b519-4410-b791-be9a69607220,320419.2,133409.3712866279,325610.86666666664,130184.62291984497
