id,mean_1,stdev_1,mean_2,stdev_2
34f6f668-b457-46fb-9a2f-c5f7c6466243,420474.0,145553.7936127625,390038.4,140586.20379814418
