id,mean_1,stdev_1,mean_2,stdev_2
bf5a1de3-3e17-4f1b-a068-b278c37990e0,310370.4,128660.4848531203,291927.06666666665,118814.37895780496
