id,mean_1,stdev_1,mean_2,stdev_2
034ce09e-6085-41b0-9b89-70236ec09742,353382.0,140352.257276706,314061.73333333334,119395.91035959127
