id,mean_1,stdev_1,mean_2,stdev_2
08d8656a-5bb0-4699-8b8e-70b59bee6148,313930.6,135524.06058054784,276131.5333333333,118872.30459271085
