id,mean_1,stdev_1,mean_2,stdev_2
38a3f970-b775-4d5b-b4d6-7b4ce925e707,351099.6,135650.28373716486,381895.0,145680.70973925592
