id,mean_1,stdev_1,mean_2,stdev_2
e1bc631f-fd29-4660-880c-76ca8f4b86a9,368814.5333333333,136640.68476256338,323479.0,114743.47065403475
