id,mean_1,stdev_1,mean_2,stdev_2
babfaaaf-eb0f-4de5-b735-9e881666e509,356086.0,136720.80146244512,337663.06666666665,130526.02638833715
