id,mean_1,stdev_1,mean_2,stdev_2
4c448ed0-e109-4e4c-be74-3def9cd58ef3,279977.6666666667,112182.87863999372,300340.4666666667,119316.06015445794
