id,mean_1,stdev_1,mean_2,stdev_2
47c170ca-ba11-4203-b475-e09b9bccf81a,289070.5333333333,111657.76715772571,216462.53333333333,114728.53164804105
