id,mean_1,stdev_1,mean_2,stdev_2
feb6a80a-3f2c-4da5-b537-4589e21b55e5,367382.13333333336,144519.06265581556,352375.5333333333,139522.2697248802
