id,mean_1,stdev_1,mean_2,stdev_2
ebcbdc92-6da6-4a58-ad16-8e58df89924b,377287.06666666665,150493.65126962075,350691.06666666665,130471.71686791824
