id,mean_1,stdev_1,mean_2,stdev_2
438cc733-cf23-45fa-9f18-c8ebc4a56a01,328666.86666666664,126502.84368812513,312066.3333333333,118259.14130962093
