id,mean_1,stdev_1,mean_2,stdev_2
132a3ef5-dc38-42b1-921a-d3828c4b18fb,297685.6,114310.4547757553,287455.0,109151.80712384015
