id,mean_1,stdev_1,mean_2,stdev_2
b5861d0b-d1b4-490d-a6fa-09e6dd33a789,364705.4,143042.012437745,324673.3333333333,128979.90957027205
