id,mean_1,stdev_1,mean_2,stdev_2
a8df6409-fabf-4fe6-932d-5c91de11f959,298131.8,115667.29520724516,302930.3333333333,113383.56866240462
