id,mean_1,stdev_1,mean_2,stdev_2
0ba9865e-35c4-47bd-bf2b-6325ea0e8699,373587.86666666664,133593.03869282347,367615.13333333336,139269.06461994906
