id,mean_1,stdev_1,mean_2,stdev_2
2808c887-400f-41b9-96ec-a7637a508090,293825.5333333333,119352.2117532064,287560.73333333334,116645.69299290718
