id,mean_1,stdev_1,mean_2,stdev_2
d968f10c-ee1f-46fe-b0e1-12cedfc6f293,299052.13333333336,118570.48014120359,302272.6,119820.09468855102
