id,mean_1,stdev_1,mean_2,stdev_2
4b81aca9-c048-4d9b-a027-9c6f76a7d863,349765.26666666666,132790.23069310817,383693.0,141497.0363826277
