id,mean_1,stdev_1,mean_2,stdev_2
a463b94f-1ff8-455e-ab61-88e394790823,273563.0,115630.136563095,300323.26666666666,127988.668468979
