id,mean_1,stdev_1,mean_2,stdev_2
2885f003-6b88-4d82-ba74-3615b130cbab,375398.3333333333,144046.93226383624,395379.0,160997.3160099261
