id,mean_1,stdev_1,mean_2,stdev_2
8b4313dd-bb55-4a55-bd84-67ccfcee4026,332128.6,129678.45398512944,326854.06666666665,135714.4480063277
