id,mean_1,stdev_1,mean_2,stdev_2
0c8934c4-6bcd-4296-b03e-c7ee937133e1,281675.06666666665,115378.79723962382,277555.13333333336,108827.81016502886
