id,mean_1,stdev_1,mean_2,stdev_2
19e47f1b-64ea-4688-990a-2fec40cad9e9,309952.06666666665,125521.86585264294,271794.6,103763.76132786759
