id,mean_1,stdev_1,mean_2,stdev_2
5404f1c3-4d8a-4687-884a-89fbde3671bc,327478.13333333336,126489.57968879843,351486.8,139360.5771578175
