id,mean_1,stdev_1,mean_2,stdev_2
1aeb1557-1a5f-4a0c-8ec0-1faa3bd4b11c,286285.93333333335,108306.9694639372,266794.3333333333,103240.65126209841
