id,mean_1,stdev_1,mean_2,stdev_2
cacf3b72-0714-4adb-aa07-16b995085191,408501.2,157558.0661005967,326927.0,126543.63716231119
