id,mean_1,stdev_1,mean_2,stdev_2
6bbd410b-3f0d-4d93-bcc7-7d95fd876d1a,367848.0,135956.75692317268,402118.2,161995.67509502635
