id,mean_1,stdev_1,mean_2,stdev_2
0d4b687e-a3ac-44e6-b2e7-ff69d254065c,157853.86666666667,56660.551333788564,283418.4666666667,109687.8759370525
