id,mean_1,stdev_1,mean_2,stdev_2
579ef2ad-d33c-4198-8491-1cce81973f2b,337479.13333333336,123698.0989440914,347480.8,134040.9362501869
