id,mean_1,stdev_1,mean_2,stdev_2
069502a1-b9b4-4555-90a5-17deb49a92a6,281650.06666666665,106341.31943101368,269605.06666666665,109925.75052550498
