id,mean_1,stdev_1,mean_2,stdev_2
6d128561-0b75-4a92-855a-fb99ddbd239b,354204.26666666666,141912.4369487357,339163.6,139987.3086170314
