id,mean_1,stdev_1,mean_2,stdev_2
c8e19919-ccee-46d4-bddf-14451c48fae7,298564.6666666667,121638.77998273777,273566.0,113190.0393568268
