id,mean_1,stdev_1,mean_2,stdev_2
38001586-7a94-4f8a-ab53-80e1e77a88b0,287254.3333333333,109934.44039648763,265757.4666666667,102756.04576268114
