id,mean_1,stdev_1,mean_2,stdev_2
a31b0a52-8011-4e81-9269-8f8a2269c8b1,370274.4666666667,142578.7944798088,356670.5333333333,136342.52877116355
