id,mean_1,stdev_1,mean_2,stdev_2
37eb53f0-0ac9-4953-be2b-868322142d0e,275370.6,104781.98047425268,292949.86666666664,108948.80760361213
