id,mean_1,stdev_1,mean_2,stdev_2
f42d9576-2902-4d60-93bd-3542fe508f53,368018.73333333334,127041.08398281592,388833.5333333333,153239.97018918474
