id,mean_1,stdev_1,mean_2,stdev_2
9a4d5fea-0a79-4824-a2f9-536734a8bce6,279130.6,116564.59831915805,281917.6666666667,117979.26001783345
