id,mean_1,stdev_1,mean_2,stdev_2
2af5ce24-8499-4229-9569-d93ef7a5c493,340577.8,133534.70548547796,370141.73333333334,147733.47743937012
