id,mean_1,stdev_1,mean_2,stdev_2
93aa81b9-727c-473e-b3ec-37c7c71b4e80,296233.3333333333,109876.93305249387,330051.0,124482.22011623454
