id,mean_1,stdev_1,mean_2,stdev_2
26c2d361-9373-47e5-9868-7894b314e965,366696.8,145656.8986420714,380307.13333333336,154210.79324088254
