id,mean_1,stdev_1,mean_2,stdev_2
eb6ae8b9-c205-49b4-97a1-1bb10d0e7dd2,345069.0,135799.3085922507,319770.5333333333,126200.61196305224
