id,mean_1,stdev_1,mean_2,stdev_2
ab068816-ddea-415e-9a0b-4185a8486642,301917.3333333333,120761.73174460341,318050.6666666667,130669.83487944806
