id,mean_1,stdev_1,mean_2,stdev_2
04011644-6fd7-4dd7-96d0-78eb669aae63,345501.0,136098.08387286967,354268.13333333336,134392.44830563292
