id,mean_1,stdev_1,mean_2,stdev_2
377a26b7-83be-4d9a-ae51-8de0b3f92481,342215.93333333335,133963.60905831435,312019.2,127408.2596695625
