id,mean_1,stdev_1,mean_2,stdev_2
5550e705-324a-4f42-98f3-3efac250d806,321164.26666666666,125372.1119411951,320166.2,128985.77476357615
