id,mean_1,stdev_1,mean_2,stdev_2
ae460bac-8722-4593-bc6e-9b8cad5b571c,296697.3333333333,117777.09331142831,107242.86666666667,61018.7836597515
