id,mean_1,stdev_1,mean_2,stdev_2
5e20aab1-77b0-41be-8663-a097c8222930,353152.73333333334,135556.62648180977,339372.06666666665,130841.25967266168
