id,mean_1,stdev_1,mean_2,stdev_2
9d668f46-ba66-4285-bb4c-74effcccf8b7,317675.86666666664,133803.18203235013,309310.4,133210.06558454956
