id,mean_1,stdev_1,mean_2,stdev_2
c8a22b06-f7a7-415e-9e3c-d5eb126d5d7b,308093.4666666667,118482.51149648862,297915.8,116833.280278181
