id,mean_1,stdev_1,mean_2,stdev_2
6d173c77-ca1e-42c5-a377-7da80dd993a1,320415.06666666665,119320.99124767985,336941.73333333334,129645.31735133704
