id,mean_1,stdev_1,mean_2,stdev_2
1fed62c3-e240-4dc9-afa5-016c6ae41e85,285181.6666666667,109972.98287347166,285058.93333333335,108313.01767344908
