id,mean_1,stdev_1,mean_2,stdev_2
c10be418-4f8a-4e9e-a855-8607c3689e33,364844.0,130760.09284487374,396290.73333333334,156866.60208617453
