id,mean_1,stdev_1,mean_2,stdev_2
785092d6-995c-455f-8241-751d9cfaf9e5,358689.5333333333,139871.9036632526,368446.4,138608.6463179937
