id,mean_1,stdev_1,mean_2,stdev_2
0ae8afaf-926e-4c8b-b06c-d232d86430bd,339238.26666666666,126444.16469544526,343310.0,125187.7664651516
