id,mean_1,stdev_1,mean_2,stdev_2
0729c435-dba6-4931-ac59-2180f34dfba2,308448.26666666666,129134.8781052672,273921.4666666667,112376.8405238177
