id,mean_1,stdev_1,mean_2,stdev_2
eba3128f-6add-4bbe-883d-c8df9f06c541,278245.73333333334,105145.5662729638,287362.13333333336,111046.08208659242
