id,mean_1,stdev_1,mean_2,stdev_2
7134af47-c1d3-4668-8b42-3269c2f91d1a,384434.5333333333,152709.9064910838,336805.6,132188.1236767257
