id,mean_1,stdev_1,mean_2,stdev_2
aaa9aa7e-fb3b-4acb-a835-aa9d40a33695,354004.6,132695.87985354583,334551.4,127004.5305007135
