id,mean_1,stdev_1,mean_2,stdev_2
0941a9b4-033b-4ee0-998f-824301202c85,326454.8,121473.74092546369,312531.6666666667,121776.78344012138
