id,mean_1,stdev_1,mean_2,stdev_2
f954d96c-4f4d-4ed7-980d-46835d9d73a4,340409.2,140537.6126239046,316666.2,125518.11248272764
