id,mean_1,stdev_1,mean_2,stdev_2
ba99d115-1289-4dd1-86f2-240477e11bee,320085.3333333333,128655.1185154412,286938.93333333335,116566.53543304023
