id,mean_1,stdev_1,mean_2,stdev_2
010eced2-d9d9-4d32-9ed2-ab121d489714,304830.13333333336,116815.3098441391,291460.8,112085.20604980245
