id,mean_1,stdev_1,mean_2,stdev_2
45ea8b67-8aff-48b5-a5b3-84d3f661aa07,357383.4,141645.28042863507,348188.6,133338.90129430848
