id,mean_1,stdev_1,mean_2,stdev_2
a946b78f-6c91-494b-95d7-4449d3a990ca,350848.3333333333,132003.98501745655,393242.6,146775.17441574828
