id,mean_1,stdev_1,mean_2,stdev_2
7bc2bcf1-e449-4f96-8783-214c17171441,297850.73333333334,117688.3236272637,280909.3333333333,105499.03720677056
