id,mean_1,stdev_1,mean_2,stdev_2
033b0eba-7576-468b-9e58-f13cfbf0b353,347307.86666666664,131194.50898258746,342319.93333333335,135698.49777722507
