id,mean_1,stdev_1,mean_2,stdev_2
89f1fa46-5c6d-448a-8ac2-3cda50f31c8d,423085.8,156676.118107047,395617.13333333336,153862.97497616362
