id,mean_1,stdev_1,mean_2,stdev_2
6d7e8105-7bf4-416d-8889-36f161343290,384523.93333333335,143289.6954510764,390957.6666666667,139407.95467483994
