id,mean_1,stdev_1,mean_2,stdev_2
4b9ad31d-efce-4c95-908e-0c1762c323fc,254114.46666666667,103814.78504905853,303290.3333333333,129401.82984108929
