id,mean_1,stdev_1,mean_2,stdev_2
3a07d211-dc4f-4fa0-8f17-c0077b8d9c79,388702.93333333335,146776.09707645024,339411.73333333334,127070.63278217443
