id,mean_1,stdev_1,mean_2,stdev_2
0b85eb82-a0ae-4673-ae63-065b3e2582bc,341477.2,137501.5003856079,345988.0,124920.44406101029
