id,mean_1,stdev_1,mean_2,stdev_2
346b2c32-82ca-4fbc-84a1-e19e27a0cd15,271033.6,107319.0180765118,289061.3333333333,117462.35970253998
