id,mean_1,stdev_1,mean_2,stdev_2
56cb59c1-45f1-4002-879e-d21186b75a8d,365290.4666666667,132026.91585726838,359649.6666666667,129088.9128534627
