id,mean_1,stdev_1,mean_2,stdev_2
16e32b8e-080b-41dd-9707-5861eab64350,419670.6666666667,158940.36018107197,405090.2,155972.38292817527
