id,mean_1,stdev_1,mean_2,stdev_2
afeb299f-e399-4837-881e-c00dfa514a07,328223.13333333336,134764.14512615078,202219.73333333334,101333.6435217621
