id,mean_1,stdev_1,mean_2,stdev_2
4b1b7078-155c-48d1-8bd9-271f4b22445e,306132.6,145574.51369283933,279869.13333333336,117967.4636594722
