id,mean_1,stdev_1,mean_2,stdev_2
3787a464-ef14-4e4b-bf35-5f79a764b8ff,324513.26666666666,120604.02621829101,309565.2,114639.15816229636
