id,mean_1,stdev_1,mean_2,stdev_2
9076b7c9-acd3-4611-b3ca-83c487c8153d,300616.8,121921.45995418528,355090.0,148928.96245794502
