id,mean_1,stdev_1,mean_2,stdev_2
8c4ee328-0bea-464d-9e57-22b75162d8da,347675.0,125477.06839418906,343642.6,125156.58090291003
