id,mean_1,stdev_1,mean_2,stdev_2
1abd3294-7000-405e-a901-05d3b32c6acd,335174.06666666665,131371.3811388496,355602.13333333336,145656.7533849663
