id,mean_1,stdev_1,mean_2,stdev_2
ef869ed4-0115-4def-921f-0a0b53047ed0,276466.93333333335,105361.38209322974,299063.6666666667,119348.48503306984
