id,mean_1,stdev_1,mean_2,stdev_2
5d561499-a14a-4094-aa47-fc6dd6151243,359645.06666666665,132587.55498183917,352800.26666666666,121390.55212465624
