id,mean_1,stdev_1,mean_2,stdev_2
80fd7602-9ebd-4034-802b-a777bf4d2e70,116313.06666666667,92957.69706087938,305830.73333333334,116381.4735459596
