id,mean_1,stdev_1,mean_2,stdev_2
34a7d6a3-92f1-4dbf-8852-573dfdea6528,332545.13333333336,118859.78121964647,206143.0,104928.59895757686
