id,mean_1,stdev_1,mean_2,stdev_2
f372bbf0-b884-4ac8-a217-8860c94c7cd4,226144.46666666667,104287.69970031087,347267.86666666664,126135.32258854201
