id,mean_1,stdev_1,mean_2,stdev_2
1c04bb2f-b2c6-4f25-8ee9-3b962eb81b07,64614.6,72321.93602202124,336396.3333333333,132348.7924945126
