id,mean_1,stdev_1,mean_2,stdev_2
1f47cb1b-2bc9-462c-ad8d-1b6a4285787c,298167.06666666665,118918.76808615575,325877.4,128515.16989979563
