id,mean_1,stdev_1,mean_2,stdev_2
96d342a0-f2b8-472b-9b96-6a3f00a34d0a,213483.86666666667,116647.6735518068,190454.2,125876.3450630287
