id,mean_1,stdev_1,mean_2,stdev_2
482f56e9-6ff9-4832-83f6-771c6c742c1b,312288.6666666667,118026.85213778919,318582.4666666667,120540.58867665926
