id,mean_1,stdev_1,mean_2,stdev_2
0f5e4c5f-b521-417e-bc4d-bee60637ed4c,340433.0,131447.5083171986,333234.2,132078.88050767238
