id,mean_1,stdev_1,mean_2,stdev_2
8a996b1c-22f0-4eb6-a7f1-8efee80adb57,369968.86666666664,140705.06302990267,356108.26666666666,133490.4616554889
