id,mean_1,stdev_1,mean_2,stdev_2
1b27d259-f118-48ed-83de-a17672b1ccac,365507.8,143676.94233160728,340773.2,133243.87420175583
