id,mean_1,stdev_1,mean_2,stdev_2
c7556d8f-bdb6-45f7-9e95-69cddceac7db,349500.06666666665,140701.32828061323,353257.93333333335,132031.48541387983
