id,mean_1,stdev_1,mean_2,stdev_2
fd41eedb-431b-492a-a740-e70e83ec3f4d,341813.26666666666,138518.97638926186,337836.4666666667,137131.4611467729
