id,mean_1,stdev_1,mean_2,stdev_2
29df950f-03c3-4319-a5cd-274ae596118d,295614.93333333335,119700.65958073172,289290.8,116726.71952396617
