id,mean_1,stdev_1,mean_2,stdev_2
960b612b-9580-442c-8f7e-183a6bab9c46,329846.4,128586.78814756461,319000.5333333333,119872.01914312149
