id,mean_1,stdev_1,mean_2,stdev_2
03aeba64-5426-489f-bbc2-c075258644fe,335914.93333333335,126983.801749917,307305.06666666665,114747.41226971333
