id,mean_1,stdev_1,mean_2,stdev_2
15c6ea58-7216-43bb-883a-c3af7bfc99e0,296903.93333333335,124716.49476016485,311700.26666666666,133764.81548970775
