id,mean_1,stdev_1,mean_2,stdev_2
38608944-5f1c-465c-9945-fe5e86db9740,336894.6666666667,127977.85386525106,361219.26666666666,141341.08924888837
