id,mean_1,stdev_1,mean_2,stdev_2
b52f352d-9696-4ab7-aeed-f33b9bb87293,345378.5333333333,125175.71330992642,368315.6,141774.02632631033
