id,mean_1,stdev_1,mean_2,stdev_2
42508821-50e3-4228-bf2a-785f1eb024b3,316419.26666666666,125274.72802682733,325303.13333333336,129493.24803292083
