id,mean_1,stdev_1,mean_2,stdev_2
b0da155b-c457-4a63-ba79-3b2f437edaca,341475.4666666667,136513.67844621127,359382.93333333335,141874.8481408722
