id,mean_1,stdev_1,mean_2,stdev_2
8af1cf4b-28ea-4589-b289-c7c8e59a86ff,306114.0,115350.74734796188,304580.73333333334,119773.68581034632
