id,mean_1,stdev_1,mean_2,stdev_2
26d08bac-b393-412b-a4d5-324fecdac159,305773.5333333333,129526.21596720188,323109.13333333336,134126.2209029821
