id,mean_1,stdev_1,mean_2,stdev_2
871a8b88-0f49-45d5-bd38-385774166151,310753.93333333335,122435.82395441114,312534.6,118931.01891421486
