id,mean_1,stdev_1,mean_2,stdev_2
5a282893-ed99-4921-b94f-2c897409e215,390100.06666666665,152660.1996280046,388059.2,140230.6202069529
