id,mean_1,stdev_1,mean_2,stdev_2
a89ea154-1964-4de1-a59a-fa0587829fbe,178499.8,74679.2220725417,184753.6,61564.490138174086
