id,mean_1,stdev_1,mean_2,stdev_2
b6e80d32-1b2d-4930-9c28-6f9426edd1df,290549.13333333336,108743.82387113098,289026.93333333335,118817.8647883483
