id,mean_1,stdev_1,mean_2,stdev_2
ed0da45a-1867-4095-9a50-9ef7cd8546d7,333934.13333333336,124961.2972221755,352210.5333333333,134847.05194645113
