id,mean_1,stdev_1,mean_2,stdev_2
d312ce42-05c7-4a69-b66e-c997eddfa721,354739.06666666665,127168.96889648652,390466.13333333336,144038.68159022037
