id,mean_1,stdev_1,mean_2,stdev_2
a28af9e8-b6d6-4e7c-bccb-d4dce4dc32c0,312885.6666666667,114639.65385773906,321620.06666666665,119995.05028984413
