id,mean_1,stdev_1,mean_2,stdev_2
a82aae74-79f1-4d3d-9fdb-08993af002d0,366858.73333333334,150221.1198020956,301777.4666666667,113045.22214752033
