id,mean_1,stdev_1,mean_2,stdev_2
59ccbb7c-1b1a-447a-8a2f-d6725b5efffe,301049.5333333333,121543.61684315452,293301.13333333336,118216.87726088671
