id,mean_1,stdev_1,mean_2,stdev_2
0c444ffa-357f-47a5-abcc-1344266906ab,293168.5333333333,121992.10778071762,289949.6666666667,118360.70999993576
