id,mean_1,stdev_1,mean_2,stdev_2
1122fa34-27d8-4e75-9b37-b743ced27276,265777.73333333334,100026.6039354642,298660.2,117114.55661371334
