id,mean_1,stdev_1,mean_2,stdev_2
daf469f8-5243-41f4-a236-08cedc265ad4,283024.26666666666,107283.30818008095,293833.86666666664,110124.39144220299
