id,mean_1,stdev_1,mean_2,stdev_2
eb9b00f5-9474-433a-96ae-5e92af80c3ab,337312.73333333334,127519.22378134035,345902.93333333335,129820.6281366546
