id,mean_1,stdev_1,mean_2,stdev_2
ef3fb467-9d9a-4c3a-adad-50fe2d1b5db7,339846.6,142020.79852697632,283883.6,110955.31740407938
