id,mean_1,stdev_1,mean_2,stdev_2
a091dfad-b561-441e-8df7-382e77d809f5,291216.4666666667,110942.84823088968,283831.06666666665,108741.30637156955
