id,mean_1,stdev_1,mean_2,stdev_2
c9852b52-35b8-41f2-a313-9ed8e8e8de8e,325760.0,133812.15729870487,326614.6,131440.60543266934
