id,mean_1,stdev_1,mean_2,stdev_2
f98a5adc-4381-46bd-9d26-fdcd688295b3,342027.86666666664,120027.21205730345,164537.46666666667,81463.59834827385
