id,mean_1,stdev_1,mean_2,stdev_2
50c97840-95c6-4d11-b849-99323cb1af76,370305.4,139708.7644928072,396619.4666666667,148913.85045359464
