id,mean_1,stdev_1,mean_2,stdev_2
0a9b7c4a-20a2-4398-bd73-5c77f34ffe63,326494.2,127784.72177230995,347055.86666666664,130897.37431991861
