id,mean_1,stdev_1,mean_2,stdev_2
36f6917a-adcf-4060-87b2-4c805af54dce,316777.5333333333,131480.40496635062,342170.6,139228.23214075514
