id,mean_1,stdev_1,mean_2,stdev_2
20834daf-1818-4c2a-9eae-e48493ff2109,356226.5333333333,130686.83853847803,369217.86666666664,144121.05383871647
