id,mean_1,stdev_1,mean_2,stdev_2
378f5275-e428-4edc-8dbd-1fdabafd8a3d,321084.3333333333,124108.22591306706,319580.5333333333,126931.19531875878
