id,mean_1,stdev_1,mean_2,stdev_2
544dbac0-f554-4b39-be49-bd0c1df19b39,368179.4,138867.06290156304,346503.8,135306.30654787185
