id,mean_1,stdev_1,mean_2,stdev_2
c130a920-ade7-4514-85c5-be038113614a,340514.8,127547.78086568187,328915.2,123227.5003832072
