id,mean_1,stdev_1,mean_2,stdev_2
0e19a61d-6762-4d8c-ab93-7fc2999f59ee,357646.3333333333,124603.6494193578,380754.2,134906.58694973594
