id,mean_1,stdev_1,mean_2,stdev_2
7815d108-f993-4451-81c1-bb324c52f4b5,303819.06666666665,120117.1951623173,288837.4,111618.76080348979
