id,mean_1,stdev_1,mean_2,stdev_2
688fa5d9-ee50-4169-a764-dc7acca1d1b5,333979.73333333334,129155.1828158497,340231.06666666665,132016.09846503148
