id,mean_1,stdev_1,mean_2,stdev_2
1f969ad8-2098-4266-89d2-5e62546d95ed,372431.73333333334,133302.54239809368,387120.93333333335,139464.9522761742
