id,mean_1,stdev_1,mean_2,stdev_2
653f9441-c8dc-455b-99fa-27540abb3887,326637.6666666667,131736.29131345023,339379.06666666665,135068.5610956977
