id,mean_1,stdev_1,mean_2,stdev_2
0b3042de-47f4-4e16-9491-4243596981e2,295515.3333333333,118812.27027130751,303483.6666666667,117367.5725702045
