id,mean_1,stdev_1,mean_2,stdev_2
b9c16a4d-d5f6-4fc9-bbd8-486e4d413292,323970.86666666664,134063.86231139582,361038.4,138345.29697092465
