id,mean_1,stdev_1,mean_2,stdev_2
8441d4bd-f451-4b7b-a34a-e1ba21bc8fa0,344080.2,127932.01276313394,360642.6,138337.92242707708
