id,mean_1,stdev_1,mean_2,stdev_2
480d2bd2-586c-4c44-8f52-befa77c56fa7,322011.13333333336,123811.90689313994,332716.4666666667,124132.84485575209
