id,mean_1,stdev_1,mean_2,stdev_2
eca60903-8c50-4e75-875a-2c615471d0f5,188416.6,88509.23300899178,198070.93333333332,76265.83676891131
