id,mean_1,stdev_1,mean_2,stdev_2
c6d45c44-750a-4049-b4ee-ae6d960efac4,302318.73333333334,114044.7949824785,311690.8,120480.64238717633
