id,mean_1,stdev_1,mean_2,stdev_2
83acfbc4-e73f-4173-bc0d-d843f24d43bc,328619.3333333333,130746.87890916897,339434.8,135199.51255395365
