id,mean_1,stdev_1,mean_2,stdev_2
25f0085a-cd19-489e-a186-9e548b79b83b,286389.13333333336,112034.70684739717,301716.93333333335,120370.80580797914
