id,mean_1,stdev_1,mean_2,stdev_2
5fefcfbf-662f-49df-85cd-afb978b6c22b,349448.2,131916.71481870674,341306.13333333336,127867.91699972628
