id,mean_1,stdev_1,mean_2,stdev_2
762aade5-01c5-400a-b7e4-4383cc839914,264251.0,108554.04829730366,307280.93333333335,125873.84364697147
