id,mean_1,stdev_1,mean_2,stdev_2
15b45c3f-d989-4cf7-9821-8e366c51dba3,313629.93333333335,123927.41967967468,341383.4,135922.27465469617
