id,mean_1,stdev_1,mean_2,stdev_2
c7f673e9-702b-4f2a-9aa7-4951b0bc4f53,270234.13333333336,112498.80414230583,265455.06666666665,107066.19554429347
