id,mean_1,stdev_1,mean_2,stdev_2
3e4d109f-4091-4c2a-801d-d2c8be1cf653,228605.46666666667,82734.84985572216,156529.6,60123.7169119364
