id,mean_1,stdev_1,mean_2,stdev_2
aa066ab3-191c-48bc-a0a6-b5268e3aae9e,373848.3333333333,149087.00003897797,415818.0,166745.28154003838
