id,mean_1,stdev_1,mean_2,stdev_2
adb39cf9-d8a1-4659-a2c7-fb1d61482664,287639.3333333333,113240.24846591527,310770.6666666667,118059.36743953112
