id,mean_1,stdev_1,mean_2,stdev_2
d3c7265c-4a6f-4b10-87a6-bd317c1e47f5,305437.4,121778.85676684603,296730.13333333336,112917.36907129134
