id,mean_1,stdev_1,mean_2,stdev_2
fd032c76-2ade-4960-a202-5dacf055721e,298025.86666666664,118072.27973399269,301854.8,120236.37118953094
