id,mean_1,stdev_1,mean_2,stdev_2
932f2fde-14d1-4cad-88b4-fd04b3cd6b30,318973.6,127095.94359894682,306899.4,119517.57494126125
