id,mean_1,stdev_1,mean_2,stdev_2
948e8021-a1b3-4a1e-a2f6-bcaab586ed95,329538.86666666664,129489.56074570473,150304.13333333333,61206.23474218582
