id,mean_1,stdev_1,mean_2,stdev_2
c75651f3-eee9-4d56-8ced-eb6aab852f1d,374528.6,145227.48351456528,347854.0,140810.70757107454
