id,mean_1,stdev_1,mean_2,stdev_2
33bf6b50-82b4-4b97-9069-9843b44e0f1a,336644.13333333336,130225.56433453798,379044.2,146074.56064864044
