id,mean_1,stdev_1,mean_2,stdev_2
7c865823-2a82-46be-8a15-f3efdb6c95ac,363998.8,132818.01587846933,425432.26666666666,170193.66911353928
