id,mean_1,stdev_1,mean_2,stdev_2
6ded6b4b-6c1b-4669-b9d4-0a8aceeb7d45,296487.2,122135.46457285315,293455.93333333335,120428.59087800629
