id,mean_1,stdev_1,mean_2,stdev_2
18d86c19-1c55-408f-88f2-8dad402bac9b,294246.06666666665,108373.65556472764,297128.2,118592.55862557315
