id,mean_1,stdev_1,mean_2,stdev_2
b13225b2-325f-43e3-900e-8def4d8cb334,304262.93333333335,124394.7663719374,292361.8,118214.81759869757
