id,mean_1,stdev_1,mean_2,stdev_2
bc14bfa5-3c6e-485a-9e5f-995e46cad51b,354383.26666666666,138113.36236221154,365196.4666666667,142860.10781687408
