id,mean_1,stdev_1,mean_2,stdev_2
02874749-ae5c-43df-aa86-fb87f1b15654,341893.5333333333,135285.9785530226,352760.06666666665,141555.56025884522
