id,mean_1,stdev_1,mean_2,stdev_2
02469e71-2a47-47dc-9a93-1678fa8f51f6,272333.8,115725.54735476519,276780.5333333333,117916.70307063748
