id,mean_1,stdev_1,mean_2,stdev_2
2180c5e9-742d-4f03-95e4-32bd05005766,294328.6,112243.50246721039,319462.0,123381.22295335976
