id,mean_1,stdev_1,mean_2,stdev_2
aaebc756-de65-422d-90e5-7f4a5d8dd277,363647.13333333336,136918.2908038546,308694.8,114742.34633949811
