id,mean_1,stdev_1,mean_2,stdev_2
d7b2323b-1a40-42ca-9a69-00b25c60bd40,316303.3333333333,125158.47124541308,362509.0,143450.1140945288
