id,mean_1,stdev_1,mean_2,stdev_2
1f8871c0-7c8d-4dc5-bbc9-def65b9ee0ac,294951.26666666666,119282.73096273783,278946.4666666667,113003.12516024598
