id,mean_1,stdev_1,mean_2,stdev_2
629ea021-e895-4743-bb30-045de7c9a614,375031.6,145439.6970022513,328794.86666666664,126717.30138270605
