id,mean_1,stdev_1,mean_2,stdev_2
83ba2678-d03c-4931-8d61-188911cf7680,193192.53333333333,91209.54878144916,180026.06666666668,66768.42262473748
