id,mean_1,stdev_1,mean_2,stdev_2
e4915627-bca2-4416-a949-a26d0dc8e4c7,386861.8,144369.27722623906,450226.8,171437.17197823038
