id,mean_1,stdev_1,mean_2,stdev_2
d852fe41-0571-4f3b-b9c4-280365960015,350797.06666666665,132337.48863390484,328090.06666666665,125128.58259910971
