id,mean_1,stdev_1,mean_2,stdev_2
38e66948-7db2-4b25-8572-f09b1cb7ec27,326239.13333333336,135140.5743398908,328566.4,129895.58538190075
