id,mean_1,stdev_1,mean_2,stdev_2
3d8f41df-c639-4f32-8b2a-5acfdf3a9395,309775.6,119998.50034162927,313812.4666666667,120625.4906415537
