id,mean_1,stdev_1,mean_2,stdev_2
f439f3b9-a9df-4694-98d2-5d4974c30cc4,400819.73333333334,151716.0145805167,367695.0,134474.84354183127
