id,mean_1,stdev_1,mean_2,stdev_2
a882e423-7f2d-4c94-a2d8-b6b126d10fa1,303975.6666666667,127963.62413158237,313372.0,131802.81085571228
