id,mean_1,stdev_1,mean_2,stdev_2
5acd1d5a-c97c-444d-99c0-080f418e66ff,352749.6666666667,134293.78282391018,340767.3333333333,120932.11930041121
