id,mean_1,stdev_1,mean_2,stdev_2
fe287f13-dbe7-477b-a06b-5a196bd0e9b3,294236.86666666664,120823.58672757383,323491.8,128661.46997097979
