id,mean_1,stdev_1,mean_2,stdev_2
6106676d-c6c9-41c6-b33d-cd56828aef54,332791.6,132742.3907126381,351350.3333333333,142096.5674568609
