id,mean_1,stdev_1,mean_2,stdev_2
9b4fd1d9-c7c0-478e-8324-e3acc5e33c54,340376.8,136439.41897374575,290195.0,109569.96052507579
