id,mean_1,stdev_1,mean_2,stdev_2
c30049d1-dfa4-4a04-a8b1-f01ebfcdae2d,301493.06666666665,109374.06758183386,343145.4,127067.15202957319
