id,mean_1,stdev_1,mean_2,stdev_2
f5ee5fc3-1e45-43b6-a0f3-f5dba854e032,288520.8,119130.37034397792,268264.86666666664,110341.56381640097
