id,mean_1,stdev_1,mean_2,stdev_2
047a959e-689a-4b58-9210-28a4dee50e68,369524.93333333335,140900.58200091138,387200.06666666665,151225.82197251308
