id,mean_1,stdev_1,mean_2,stdev_2
3cdf413f-b5ea-4133-816b-fcb3c2641a1d,341143.5333333333,132445.71660916618,323907.2,122769.7063362674
