id,mean_1,stdev_1,mean_2,stdev_2
8af1c727-afac-4185-8662-f6c25d8080f2,284197.6,115809.87769374423,294119.73333333334,123532.59384063608
