id,mean_1,stdev_1,mean_2,stdev_2
ca2faf0f-303b-48b0-b3cb-6490577060ba,273527.06666666665,116974.97296115191,271462.93333333335,114711.62828557918
