id,mean_1,stdev_1,mean_2,stdev_2
6511027d-2922-4b02-9102-6ae448a059be,299093.6666666667,121550.32271870867,340146.26666666666,133791.76410101715
