id,mean_1,stdev_1,mean_2,stdev_2
84c0d02a-bc01-4b69-a351-ed8dbf603c3e,318999.8,113953.53300546091,361316.3333333333,132211.65640979703
