id,mean_1,stdev_1,mean_2,stdev_2
d9831edb-27d1-4e70-a334-3ee394747e33,402955.4,169155.86502899232,144224.13333333333,67702.07997087107
