id,mean_1,stdev_1,mean_2,stdev_2
4bf52889-5c9d-4b87-bd71-e4f6897e73c9,350552.6666666667,139955.24506482622,324494.86666666664,127887.20043010123
