id,mean_1,stdev_1,mean_2,stdev_2
7a2fad70-2338-4445-a074-555f002c7056,321133.06666666665,120530.51976517077,397051.93333333335,154803.54100276763
