id,mean_1,stdev_1,mean_2,stdev_2
5c39b9ba-a528-4f70-8e6c-15b0e0ea3681,314520.93333333335,118609.66086311109,323598.8,132300.35751082964
