id,mean_1,stdev_1,mean_2,stdev_2
e7f5d85c-f0d8-4feb-9ffe-025fa6d535ba,323430.26666666666,127881.02717211632,328630.06666666665,126799.54790059607
