id,mean_1,stdev_1,mean_2,stdev_2
34cf9df5-5c64-4849-9fcc-9d57cebf6b63,348095.5333333333,133216.54421072814,343157.4,130927.25787591621
