id,mean_1,stdev_1,mean_2,stdev_2
8d6b5f43-6c3b-4b38-879c-6bcedb11143c,139774.46666666667,68446.64261731338,177358.26666666666,64100.16493943071
