id,mean_1,stdev_1,mean_2,stdev_2
689f2ce3-81a2-4711-9585-54c334df35a1,306727.13333333336,129676.23065304692,330829.93333333335,138583.54716029204
