id,mean_1,stdev_1,mean_2,stdev_2
42299a8c-ac9a-4691-9aa4-da7b772cba4a,298868.0,123183.18347512645,331572.86666666664,134683.40387583847
