id,mean_1,stdev_1,mean_2,stdev_2
2c194125-90a9-4ab6-8def-25b0c347b0d5,364591.13333333336,141711.53110826548,377734.6,146579.14184849084
