id,mean_1,stdev_1,mean_2,stdev_2
97632b6f-d987-4f5e-96ab-dee2374464e2,282419.4,123023.04380551368,301379.0,126709.73619839427
