id,mean_1,stdev_1,mean_2,stdev_2
59be2f12-d695-495b-b6a8-3c63d704ba29,345556.93333333335,131894.5659757402,341095.5333333333,135989.66487880205
