id,mean_1,stdev_1,mean_2,stdev_2
147b4e8e-2a83-48df-8bd3-191366efa4f5,345498.0,130756.49620267439,410416.6666666667,154145.41560386703
