id,mean_1,stdev_1,mean_2,stdev_2
38a890fd-66f0-4411-8e70-9469ee964de7,312676.3333333333,122578.37402667008,322931.3333333333,128899.76946535717
