id,mean_1,stdev_1,mean_2,stdev_2
3b810562-e338-4952-a0b9-dff441b32189,340115.5333333333,133327.58768880338,347176.73333333334,137341.07500742652
