id,mean_1,stdev_1,mean_2,stdev_2
43ec7493-2311-41d7-885e-1360cd4e0f52,299388.6,119169.39214289324,319655.6,123652.09355165268
