id,mean_1,stdev_1,mean_2,stdev_2
8f3d88f1-e501-4dd3-b9d6-c269af4a620a,301782.4,129141.07832485628,303646.0,115608.25491460373
