id,mean_1,stdev_1,mean_2,stdev_2
34604468-09e4-4040-a561-d7b3bfac75b3,407815.4,162723.63452791158,359674.93333333335,149508.95418021697
