id,mean_1,stdev_1,mean_2,stdev_2
2bc651ce-18b1-4f6c-a2ea-137516d14f38,290059.73333333334,123338.43031132763,296888.4666666667,120568.88232700105
