id,mean_1,stdev_1,mean_2,stdev_2
b1b1cbfe-de5e-4f39-94e0-a2313dd60566,324244.8,133801.2244389415,329884.86666666664,130501.84203444113
