id,mean_1,stdev_1,mean_2,stdev_2
1d00ac2c-ae72-47b1-a63d-8253a27eba97,332051.4666666667,131564.8727144986,319971.73333333334,123102.3481560319
