id,mean_1,stdev_1,mean_2,stdev_2
b1471b8e-0a08-44aa-b28b-d68a09e4b42c,316213.5333333333,131797.76884953535,275371.4,124633.24409097276
