id,mean_1,stdev_1,mean_2,stdev_2
50d2a713-a590-4199-ae20-675edf45e571,317694.0,121740.08160174692,327587.6666666667,125430.78172105744
