id,mean_1,stdev_1,mean_2,stdev_2
dbf00d35-40b8-4eed-bda8-bb3be70c7dbf,388132.86666666664,148807.27571946505,359707.3333333333,134407.4990068965
