id,mean_1,stdev_1,mean_2,stdev_2
9a238249-92ce-4f56-826a-04aefef76165,291271.8,119028.84713446569,294134.0,113302.67298288539
