id,mean_1,stdev_1,mean_2,stdev_2
24020113-76f9-467b-b167-4d0e29637371,301716.6666666667,126643.94773783002,319526.86666666664,137529.13165234806
