id,mean_1,stdev_1,mean_2,stdev_2
352ee97f-659c-4eda-a979-21fe3269e2c2,310245.6,131116.0336474529,341612.3333333333,129473.46479113866
