id,mean_1,stdev_1,mean_2,stdev_2
e7052696-ded6-46d7-9798-5b7542ba19ed,268955.6666666667,107352.0687859448,274043.26666666666,109360.50993447719
