id,mean_1,stdev_1,mean_2,stdev_2
c36fca06-b17a-4098-8680-454a20574241,343966.93333333335,137330.47023899038,352531.26666666666,132992.7491945666
