id,mean_1,stdev_1,mean_2,stdev_2
586d3a21-6a4d-42de-af35-379686db23aa,258230.06666666668,106491.50038224753,274908.73333333334,119794.80838582094
