id,mean_1,stdev_1,mean_2,stdev_2
0c58fc15-63a9-48c3-ad76-2aa1bef1e3b2,310326.8,119113.50657710206,316600.6,125696.95888487784
