id,mean_1,stdev_1,mean_2,stdev_2
f54a99bd-fdc2-46e2-8f62-6863a44e9d00,151323.26666666666,80007.6128823307,145887.26666666666,76247.18653910379
