id,mean_1,stdev_1,mean_2,stdev_2
74813065-8788-4e7f-a12a-fc09b68d3bb9,327905.6666666667,130517.62012115026,303802.86666666664,121413.08472421285
