id,mean_1,stdev_1,mean_2,stdev_2
29f1e4a6-a902-4afa-8fd2-38d0652619ab,274706.26666666666,111410.22794846482,218487.0,85050.44569587315
