id,mean_1,stdev_1,mean_2,stdev_2
8b0a34b6-ba75-43f9-9acd-ab9e549e70fb,279597.2,107394.32566462716,268263.86666666664,108271.82642089103
