id,mean_1,stdev_1,mean_2,stdev_2
72bb7ef6-fabb-481f-bfc7-d042a3af7e20,340238.73333333334,137656.56852881698,335786.86666666664,131550.22357050134
