id,mean_1,stdev_1,mean_2,stdev_2
3737e7e2-f6e1-48e4-8b8d-6becb424d557,339440.86666666664,135484.2961009955,279481.06666666665,110418.07915522209
