id,mean_1,stdev_1,mean_2,stdev_2
a14a5124-a650-4474-99dd-e9ff3ba0eab3,278363.4666666667,118197.4155638871,275977.26666666666,110992.69003165128
