id,mean_1,stdev_1,mean_2,stdev_2
9694a8f8-ab5b-47b4-93ad-d78b04a511db,355458.6,144798.47867469693,311633.86666666664,130083.78959776486
