id,mean_1,stdev_1,mean_2,stdev_2
6e1b0dc3-fe86-48e5-8043-d5f51596a173,280356.73333333334,118925.63744147946,281840.4666666667,117457.52090173801
