id,mean_1,stdev_1,mean_2,stdev_2
728f6c6d-73a1-4c0e-97ee-2b92dd6bd464,332018.8,127947.68606593348,308283.26666666666,121104.02285719314
