id,mean_1,stdev_1,mean_2,stdev_2
f470896c-35ef-46e2-b2e1-0dc087cd59dd,270476.13333333336,101138.30158475516,290365.3333333333,118788.72636838154
