id,mean_1,stdev_1,mean_2,stdev_2
2abda254-ea5b-4005-8d66-5d9a73a1119f,343474.93333333335,135259.44981083166,369141.86666666664,140681.13192979677
