id,mean_1,stdev_1,mean_2,stdev_2
a82f0473-bcbc-4c6d-b3c8-54ab4f5c3358,225809.0,132260.2254239724,195829.66666666666,91847.156756332
