id,mean_1,stdev_1,mean_2,stdev_2
911dd953-98c3-4da9-86e2-e75c5e48da2e,330602.0,140001.70429438827,285869.0,124094.26007569139
