id,mean_1,stdev_1,mean_2,stdev_2
48fcaa03-10de-4eae-82c2-930c1a73124d,278730.26666666666,114087.80286163617,312672.06666666665,129078.44840275323
