id,mean_1,stdev_1,mean_2,stdev_2
fa4dd0f5-cdf1-4d20-953a-6133fb1ef329,269905.4,109358.24597825258,290725.73333333334,116334.06317410029
