id,mean_1,stdev_1,mean_2,stdev_2
1d7f6eaa-6ffc-433e-a8dd-dc29cdeec74c,270955.13333333336,105470.60530774546,121833.46666666666,65278.39813584752
