id,mean_1,stdev_1,mean_2,stdev_2
94cc2d87-5f09-4a45-8108-ca1ef9b663e3,308814.73333333334,123637.74697422393,349143.3333333333,139792.2394301232
