id,mean_1,stdev_1,mean_2,stdev_2
82759638-d564-4261-823a-8a8e63f28447,292813.0,121612.70713978316,313383.6,130772.08407750231
