id,mean_1,stdev_1,mean_2,stdev_2
53e2a253-317a-49de-bee9-a3f616694736,335937.8,141141.3049210849,325873.3333333333,136979.66624316503
