id,mean_1,stdev_1,mean_2,stdev_2
723692c5-ef0c-409c-809c-7f651018ab6d,313629.93333333335,125174.26600621855,305651.5333333333,120537.89584351564
