id,mean_1,stdev_1,mean_2,stdev_2
8c722256-b21f-4c7e-a191-94423e5f6ca1,319897.86666666664,122376.57639917135,305847.26666666666,114971.45285821559
