id,mean_1,stdev_1,mean_2,stdev_2
5deb5b80-c28c-4441-b5c7-4189400600c6,317078.86666666664,116332.0729468686,311233.73333333334,119315.1510722572
