id,mean_1,stdev_1,mean_2,stdev_2
5b048b64-49ee-4ae5-9a4c-d8484e253a3b,334023.4666666667,122871.24259096953,349688.8,137714.19775520606
