id,mean_1,stdev_1,mean_2,stdev_2
24e46a8f-9801-4901-808d-7429bb770627,276215.8,111583.11281802459,287346.73333333334,115971.99428739487
