id,mean_1,stdev_1,mean_2,stdev_2
9de08bc4-3204-4417-a090-e73265263343,289137.6,113157.6896363654,277683.6,108880.9460360566
