id,mean_1,stdev_1,mean_2,stdev_2
38d07f7d-35c8-4d7d-bd95-c5d56036f9dc,371819.73333333334,144591.618198966,366854.6666666667,143066.6287688673
