id,mean_1,stdev_1,mean_2,stdev_2
fa824b64-dcd0-4d5f-ac1f-a132218c183c,353802.26666666666,128449.840302206,341243.6666666667,121136.00759733756
