id,mean_1,stdev_1,mean_2,stdev_2
860f51a7-b400-45fb-b024-dca5772b98d5,181139.8,85771.25971652742,184993.53333333333,127607.9547399595
