id,mean_1,stdev_1,mean_2,stdev_2
197c00e7-081e-4d45-a117-ae236a5d840b,168627.73333333334,67825.0089612641,171812.26666666666,68089.00622711096
