id,mean_1,stdev_1,mean_2,stdev_2
535434be-5ccc-431d-87dd-596b207db68e,209582.26666666666,93730.11221193656,215175.46666666667,94840.24435780883
