id,mean_1,stdev_1,mean_2,stdev_2
3120f532-5392-4673-b6ef-427c333ae74b,398196.73333333334,161094.1303087387,370161.26666666666,153214.38409429957
