id,mean_1,stdev_1,mean_2,stdev_2
5734091a-0e15-4a63-a0fa-33733f222f15,278377.6666666667,116934.75006040286,292213.2,122569.47580872924
