id,mean_1,stdev_1,mean_2,stdev_2
202cdaa0-f10a-4725-b955-e82511e36f38,326183.73333333334,131843.648661823,243930.2,97333.56719186518
