id,mean_1,stdev_1,mean_2,stdev_2
a71ac6f2-cacf-42b0-9df3-6e3456b15e93,300999.4666666667,123146.81284432641,279939.4,110530.80797726335
