id,mean_1,stdev_1,mean_2,stdev_2
74e7397a-6e6d-4a6b-ba8b-bb8bc774a385,347223.6,133767.0982131755,381923.4666666667,152958.69433232257
