id,mean_1,stdev_1,mean_2,stdev_2
508c04ab-3e0b-4257-98c0-9c533b5a3bc1,270168.3333333333,108754.8240785463,263298.13333333336,102192.77953349845
