id,mean_1,stdev_1,mean_2,stdev_2
05fc277a-cd07-480e-b55d-5588530f8e32,303832.0,126304.4937252828,304138.2,124451.36064299711
