id,mean_1,stdev_1,mean_2,stdev_2
8c62354b-7c79-4358-a152-e945b5b143ed,384165.73333333334,150316.26887620057,376483.4666666667,146441.66378043586
