id,mean_1,stdev_1,mean_2,stdev_2
7a5c8ee9-0983-4347-abaa-f45d41268968,334988.26666666666,122780.3570730903,323600.73333333334,117228.23943201095
