id,mean_1,stdev_1,mean_2,stdev_2
ade1c853-42c6-43f4-9999-07ee76ce1435,279664.2,116258.2802288078,286339.4666666667,117156.86449933505
