id,mean_1,stdev_1,mean_2,stdev_2
e3c8a43d-bc6b-4978-a6ec-f778a3ab23d6,296048.4,109878.57824878028,325718.73333333334,124174.21240900044
