id,mean_1,stdev_1,mean_2,stdev_2
b68d51bb-549a-48fb-8bc1-fbdd4200b706,297582.3333333333,115027.64336492725,301945.6666666667,115633.01489895617
