id,mean_1,stdev_1,mean_2,stdev_2
cd382da4-e235-4947-9ec6-3cf6e717f2e6,319861.13333333336,132093.66676964072,288009.06666666665,119755.81720900055
