id,mean_1,stdev_1,mean_2,stdev_2
ce2ce811-b31c-4d7b-bd10-e14fef951a79,304850.13333333336,120039.54887556388,300799.73333333334,120687.90071721727
