id,mean_1,stdev_1,mean_2,stdev_2
1a07cd7b-fbce-46bd-833e-62273a7d16fe,363773.3333333333,144968.9586583586,325258.8,131111.68349220447
