id,mean_1,stdev_1,mean_2,stdev_2
3c00bfa7-b0d9-4cc4-83f8-5cab2e6c2419,316366.26666666666,128832.74680891071,308217.93333333335,125080.05277552806
