id,mean_1,stdev_1,mean_2,stdev_2
f351427e-90db-4e0e-977c-62c388d49454,203960.06666666668,80601.65796430962,274368.93333333335,110281.88824067572
