id,mean_1,stdev_1,mean_2,stdev_2
78e46d8e-89ac-4f3e-9810-96b606bf5b71,326993.0,126456.75527494238,344254.6,134953.283488176
