id,mean_1,stdev_1,mean_2,stdev_2
caf5396e-be1b-41aa-9124-17bcbfd6f412,218540.06666666668,97470.63192672732,300434.2,115450.75265653315
