id,mean_1,stdev_1,mean_2,stdev_2
1f45070a-20c9-4068-ae8d-c622f002e286,291514.86666666664,113386.19611920236,288278.3333333333,111832.44093116373
