id,mean_1,stdev_1,mean_2,stdev_2
0dca5ec9-d838-4cc7-b9e7-83ee361e4489,278744.4,105830.62187968093,275992.8,110170.0592061806
