id,mean_1,stdev_1,mean_2,stdev_2
a3a48173-1efa-4fed-9717-467355e423c2,368656.3333333333,141198.37474922373,359729.26666666666,145942.0489479605
