id,mean_1,stdev_1,mean_2,stdev_2
2088e77d-53a9-4194-b82a-108adaa7adf6,260725.8,112555.16314838691,251883.86666666667,108493.38344425536
