id,mean_1,stdev_1,mean_2,stdev_2
2a1ee0fd-cc5e-4de6-b5d5-539c2b35c838,353788.93333333335,144495.76520598182,378487.3333333333,150821.32203755394
