id,mean_1,stdev_1,mean_2,stdev_2
f053f635-9fb7-4fdd-8d29-5016e28be08c,275755.2,112743.37315585338,304618.8,137688.28216673585
