id,mean_1,stdev_1,mean_2,stdev_2
af3d6d14-05a9-4697-acfc-89d6e674c3fd,308746.73333333334,118842.93649152604,336959.4,128745.0999320233
