id,mean_1,stdev_1,mean_2,stdev_2
71f8b906-7638-416d-8e6e-efdf549bfb5f,335100.93333333335,129877.63385662503,326040.86666666664,120937.25207774302
