id,mean_1,stdev_1,mean_2,stdev_2
5c6a0aa6-af3f-4951-bdb4-8dc0ca05d625,346802.2,130180.20113529809,345797.13333333336,129144.17839395197
