id,mean_1,stdev_1,mean_2,stdev_2
4499fb2c-e6b1-4de5-b111-97df365a7305,319993.4666666667,126757.09846151507,346097.73333333334,133274.5625994031
