id,mean_1,stdev_1,mean_2,stdev_2
0396e8b3-95b4-4d7c-bcfe-c5a449fea1b2,400761.6666666667,148359.4801332972,391981.0,149898.24354808163
