id,mean_1,stdev_1,mean_2,stdev_2
e1ea66c3-382c-4834-af75-e97adc657ea2,324366.6666666667,132870.82203687745,318965.13333333336,126649.93695056552
