id,mean_1,stdev_1,mean_2,stdev_2
f368f39e-3723-4ede-b913-0b558ddf68d9,346138.6,133194.95242077808,337776.0,135371.33971265852
