id,mean_1,stdev_1,mean_2,stdev_2
8fd8c935-c9ba-4363-af2b-f6f5f5717cec,351794.13333333336,130408.69396778046,345453.6666666667,131612.02518800812
