id,mean_1,stdev_1,mean_2,stdev_2
704d5188-ab6a-4516-be96-b921ef16d2f0,289409.4,107489.74793148105,357255.6666666667,134707.4082479835
