id,mean_1,stdev_1,mean_2,stdev_2
0109f33f-b426-48f7-8d9a-bed49743c1f2,313773.4,117783.49929753884,310762.86666666664,115677.13400833469
