id,mean_1,stdev_1,mean_2,stdev_2
065c6e52-c1bb-4781-9f52-840b9e033344,302763.6666666667,116972.33878637955,304696.2,121656.4183303125
