id,mean_1,stdev_1,mean_2,stdev_2
7085842a-3dac-4811-aad3-770d7cb7750f,327696.06666666665,124440.25861243172,313903.86666666664,132400.45990245737
