id,mean_1,stdev_1,mean_2,stdev_2
55661f53-39f8-4cc7-a34c-3207bb334d9e,288941.6666666667,113166.44292879208,268584.06666666665,107061.79817872582
