id,mean_1,stdev_1,mean_2,stdev_2
6be263a7-f44d-413b-a30d-84d9ae99bdec,261518.66666666666,100136.61747876693,332894.2,131661.99252236765
