id,mean_1,stdev_1,mean_2,stdev_2
7204246e-9146-4273-a032-b3d843527913,273510.4666666667,114712.14661686395,294751.93333333335,117409.66339018078
