id,mean_1,stdev_1,mean_2,stdev_2
8796bd7b-e991-4dc5-84d8-6be38cb17017,337331.5333333333,130371.09690053576,332636.8,131748.87189963588
