id,mean_1,stdev_1,mean_2,stdev_2
54ccf959-50e1-484e-9c83-ea232974e2f6,318221.4666666667,130294.90384194703,351128.3333333333,146198.86073229922
