id,mean_1,stdev_1,mean_2,stdev_2
e157e627-1e61-4b54-8996-362651db3375,361891.13333333336,135515.52964678584,368073.6666666667,145548.44859938868
