id,mean_1,stdev_1,mean_2,stdev_2
69eae03f-ba24-4cd7-80c2-0cd321c9fb77,295300.2,116344.46193735795,255274.93333333332,99595.23509650896
