id,mean_1,stdev_1,mean_2,stdev_2
f37455f0-f942-4949-baac-a5e0eab3cbc5,257810.8,109300.41500512855,269885.8,112753.95506275304
