id,mean_1,stdev_1,mean_2,stdev_2
8f1867a8-aefe-4fef-8294-2414119a5396,329100.86666666664,131269.34437096206,347575.6,139145.86452055746
