id,mean_1,stdev_1,mean_2,stdev_2
c1f44633-b6af-412a-927f-ed631918d34c,324230.06666666665,123976.99486784724,326715.4666666667,127909.15218850535
