id,mean_1,stdev_1,mean_2,stdev_2
60c5322e-71de-4600-ab02-84b8ed0834cf,290003.0,114626.05112916813,290359.93333333335,112312.43246970579
