id,mean_1,stdev_1,mean_2,stdev_2
6b1f0787-af24-44e5-b868-7b647a597820,274791.4666666667,110627.82829943327,268286.26666666666,102347.27932776502
