id,mean_1,stdev_1,mean_2,stdev_2
fa32594e-6e42-4698-91a2-345b340a66a2,279335.5333333333,106218.11425104896,310766.13333333336,120059.96679763363
