id,mean_1,stdev_1,mean_2,stdev_2
03a86366-5248-4d4f-bbd9-991dff2f0726,362210.93333333335,143306.70032554498,354318.13333333336,145347.55766317123
