id,mean_1,stdev_1,mean_2,stdev_2
436d817e-8ed3-4620-a919-e7293632812f,287338.6666666667,114518.992101553,288120.86666666664,122460.7665362621
