id,mean_1,stdev_1,mean_2,stdev_2
ebbe4b5d-cca4-4004-9ce5-9156d6dcc8a2,354137.2,138605.8976735598,310849.6,114828.9008585092
