id,mean_1,stdev_1,mean_2,stdev_2
50f70cc1-1164-46a4-8d5b-21768ce58435,266637.0,123781.59656319405,299575.26666666666,122448.01362835124
