id,mean_1,stdev_1,mean_2,stdev_2
8405cd5e-3c51-47a9-97a8-3ab30f428c00,363356.4,139399.07853631364,359840.0,123844.92783800232
