id,mean_1,stdev_1,mean_2,stdev_2
f64b1ae3-804a-4af9-89f1-588662125307,331934.0,125029.62115328245,331390.6,128210.9832491221
