id,mean_1,stdev_1,mean_2,stdev_2
5c3785f1-9782-4d79-85d8-45b369c2ddfc,359269.6,135021.5127046057,374005.4,140864.51408868024
