id,mean_1,stdev_1,mean_2,stdev_2
9fa186ca-4bca-4d6d-9051-16b0dcd4897d,280636.26666666666,108226.03387753903,291121.93333333335,112820.8499651648
