id,mean_1,stdev_1,mean_2,stdev_2
de8f8398-05ee-4c5f-9bcc-d4e00a87974b,269625.73333333334,114481.75234651542,284130.4,119210.38725144717
