id,mean_1,stdev_1,mean_2,stdev_2
a73d2cd4-62c9-4744-bd5a-a42907e97786,287667.0,117358.04800126264,295173.3333333333,116169.72860813994
