id,mean_1,stdev_1,mean_2,stdev_2
6304c91c-270d-4e33-9b02-badd04878910,376209.2,146441.52883941997,327729.93333333335,126954.32761769969
