id,mean_1,stdev_1,mean_2,stdev_2
8759d7ca-f2e7-4cda-a5f1-d57c33c87aaa,313546.4,124095.72269706425,317091.4666666667,124374.55682567164
