id,mean_1,stdev_1,mean_2,stdev_2
69d9e507-f919-4dd4-8a29-cfee534ec392,310066.6666666667,123065.4151279807,325013.6,128793.67459146948
