id,mean_1,stdev_1,mean_2,stdev_2
17c2c065-e840-4155-a757-cae56166e4c1,290733.4666666667,121223.35961459282,288962.06666666665,122057.07892319158
