id,mean_1,stdev_1,mean_2,stdev_2
2841505d-d6bb-4cb9-adc8-5d1176ea0577,420064.06666666665,147894.1025163914,222502.13333333333,94496.41715456142
