id,mean_1,stdev_1,mean_2,stdev_2
01fae9d3-ae12-4746-94ce-25f5a8966d1b,216520.4,87377.42928910951,123085.73333333334,66199.45827418496
