id,mean_1,stdev_1,mean_2,stdev_2
11793119-77f8-4b3e-ae4a-23ae4e14bfb3,349788.4,139515.14740357047,335195.6,129941.53100108782
