id,mean_1,stdev_1,mean_2,stdev_2
77fddb4d-0c6a-418d-91fe-91868d8dfef2,318603.8,116142.41684024548,331218.13333333336,125018.97183487348
