id,mean_1,stdev_1,mean_2,stdev_2
9fdb5293-aa1e-41d9-9fa0-6962d9742059,367176.4,128956.27624421127,379219.93333333335,141086.99516939503
