id,mean_1,stdev_1,mean_2,stdev_2
e186d270-fc84-46b9-a091-bbbc0b57d49b,315692.4666666667,116872.24548133269,320828.0,118088.10094445023
