id,mean_1,stdev_1,mean_2,stdev_2
7b8a100d-9655-49a1-9f27-1ef3a34b4287,295531.26666666666,123112.10490143618,303982.6,124837.75803914455
