id,mean_1,stdev_1,mean_2,stdev_2
a1a5ad92-31c5-49d4-9f4f-d5f1f37da4a5,321329.6,133317.8589651064,306931.8,121705.01415208826
