id,mean_1,stdev_1,mean_2,stdev_2
75c8cb30-aa81-4183-a934-e5323d82dc00,379998.4,155000.02587389032,354626.4666666667,140259.22181250292
