id,mean_1,stdev_1,mean_2,stdev_2
f2a670b5-8776-4c4c-baae-369c92584375,354173.8,138371.03672768132,303623.6,112929.16581456418
