id,mean_1,stdev_1,mean_2,stdev_2
7ce21056-a511-4754-8df9-022e35a9240a,301378.26666666666,119165.92900236022,319538.26666666666,122536.15747387471
