id,mean_1,stdev_1,mean_2,stdev_2
ed551f84-40e5-413d-a44e-49fe8952630b,321400.4,124342.7879800031,293260.4666666667,112992.65379652883
