id,mean_1,stdev_1,mean_2,stdev_2
b3f6eb64-63c5-41e3-80b6-4200d9904bb3,387691.6666666667,145295.50032154776,370986.73333333334,145503.45362062333
