id,mean_1,stdev_1,mean_2,stdev_2
7aa7c57d-45bb-46ad-adb1-88099cb6a639,277455.8,107515.74965321747,286527.4666666667,109776.00450970858
