id,mean_1,stdev_1,mean_2,stdev_2
5ea1df91-43ab-41a5-8b3c-77f62c5805bf,324039.93333333335,126298.79270020316,317661.2,119028.62146962805
