id,mean_1,stdev_1,mean_2,stdev_2
adca7bb6-6db1-47d0-9e65-39b2b57a9b9d,336731.2,130417.22124331075,314949.13333333336,121942.22768008718
