id,mean_1,stdev_1,mean_2,stdev_2
f70da84a-89b4-4f1c-b338-0405c6bc0221,354496.86666666664,136065.57935734108,303656.06666666665,125584.66285947854
