id,mean_1,stdev_1,mean_2,stdev_2
e86b0e1d-b068-4c6e-a4a5-03e77e24dd03,294100.6,121630.3239661338,290310.4666666667,117428.59650066316
