id,mean_1,stdev_1,mean_2,stdev_2
3592c972-160d-49aa-a8a7-6a570642539e,353178.4666666667,140487.81455004876,311510.93333333335,124920.98762896312
