id,mean_1,stdev_1,mean_2,stdev_2
15fd0e66-a4ca-4e06-8810-0dc55b43e19a,310551.6666666667,120060.7143138652,340873.73333333334,132384.33567884416
