id,mean_1,stdev_1,mean_2,stdev_2
d8942f80-1703-48fa-80cc-27ec3cf2d633,292429.26666666666,110812.90589726249,293565.06666666665,114962.38260432071
