id,mean_1,stdev_1,mean_2,stdev_2
dc881242-5550-4775-a078-004e03e4dd19,370748.3333333333,132015.95314691664,351650.06666666665,126153.30102932526
