id,mean_1,stdev_1,mean_2,stdev_2
aa85f851-d806-4d0d-afb6-a805167ccc9b,338952.13333333336,125885.08756103278,348182.2,135623.89222562028
