id,mean_1,stdev_1,mean_2,stdev_2
a11cd84e-6137-4a7f-9c12-f862bffcab5a,350566.4666666667,145357.13049950075,307896.86666666664,122788.36012471032
