id,mean_1,stdev_1,mean_2,stdev_2
744c346e-54b8-4933-ab31-da8dfe36ba00,358788.6,142362.21302288515,390796.6666666667,149963.36130253802
