id,mean_1,stdev_1,mean_2,stdev_2
c131946e-39c8-4197-8c8f-0224b6e4af33,362612.4666666667,136921.69302238253,202456.46666666667,81920.01772124374
