id,mean_1,stdev_1,mean_2,stdev_2
54c9667a-8651-4d8b-bb81-fc90acc19752,354262.73333333334,135312.86024344552,307457.73333333334,116351.07720313073
