id,mean_1,stdev_1,mean_2,stdev_2
50a4dc5f-58ce-4e95-aa2f-b62b77655fd7,179390.26666666666,86836.7020312392,155115.2,61184.80107259754
