id,mean_1,stdev_1,mean_2,stdev_2
b8d75a67-13f9-4583-aafb-64428f0c35a3,344835.86666666664,144035.68999516134,325858.13333333336,140719.23507507975
