id,mean_1,stdev_1,mean_2,stdev_2
a9a86657-d598-4935-8242-42668bd97689,389578.2,155051.24759691555,352603.4,151639.6849560607
