id,mean_1,stdev_1,mean_2,stdev_2
3f3affea-0bc9-4e05-ac8b-5c40241a5807,266079.13333333336,118263.50813211806,283627.5333333333,122203.31280117662
