id,mean_1,stdev_1,mean_2,stdev_2
9e24fd27-0362-4130-afff-238b06e03e2a,397232.73333333334,145585.0501379253,354104.6,129400.91343768276
