id,mean_1,stdev_1,mean_2,stdev_2
295c1449-0a31-4f6b-a592-f624ab6217fa,361338.13333333336,134291.05954498815,375067.8,144815.27167174045
