id,mean_1,stdev_1,mean_2,stdev_2
582b5524-622b-4173-b107-a5e92dd5b836,328962.6666666667,133454.75765250518,366041.0,138480.2129571827
