id,mean_1,stdev_1,mean_2,stdev_2
7797311c-2383-439d-ad1d-006437aee767,354649.6666666667,136019.23292077318,337814.6666666667,129717.01232589174
