id,mean_1,stdev_1,mean_2,stdev_2
2d0d3cc2-f818-4088-a4cb-1976735d1007,279782.5333333333,116089.70880422127,277406.13333333336,114913.749050243
