id,mean_1,stdev_1,mean_2,stdev_2
ff616068-120c-47a3-b5a4-48f6c46a6347,328572.4666666667,119207.00921890272,308976.6,118051.7804461528
