id,mean_1,stdev_1,mean_2,stdev_2
7d1c6e22-fcdf-4372-9570-f6b568d5546e,272930.4666666667,106439.7269781458,310770.13333333336,122520.60832250041
