id,mean_1,stdev_1,mean_2,stdev_2
8c427d90-a7ee-479c-89bf-cdac82d65b14,343952.6666666667,131189.91906172602,294884.6666666667,112013.81943770254
