id,mean_1,stdev_1,mean_2,stdev_2
73d94b44-8c41-4619-9adf-0f0c133cd283,332562.86666666664,125008.4488498633,332693.5333333333,125045.06739938028
