id,mean_1,stdev_1,mean_2,stdev_2
4a07293a-616a-4aaf-9c8b-f454a4b28c9a,326546.06666666665,121759.77748143631,316164.8,118090.5601365325
