id,mean_1,stdev_1,mean_2,stdev_2
9b1339df-ff44-47fc-8902-16a3b23544cb,321210.73333333334,131741.90227990824,296716.6,125683.56769273116
