id,mean_1,stdev_1,mean_2,stdev_2
ce71122c-1948-4057-93dc-d1c92e5646ae,205130.53333333333,68789.0618202891,342108.4,125309.41814713422
