id,mean_1,stdev_1,mean_2,stdev_2
3234ef64-9f9c-4abd-845b-eccb93ef65b1,292473.0,121692.60691923728,286714.4,118869.55205983856
