id,mean_1,stdev_1,mean_2,stdev_2
1094f171-0c57-40a8-9e60-5365fa7fb77c,342598.0,133100.12534930237,375933.0,140806.776147078
