id,mean_1,stdev_1,mean_2,stdev_2
9abfb9a5-0633-463e-9d43-bc790096a833,274146.2,128703.3891670819,252236.73333333334,139551.4399588752
