id,mean_1,stdev_1,mean_2,stdev_2
a0bcac07-a108-41dd-ad8d-0e50ba17dc22,319828.93333333335,119070.29044978245,352430.8,144814.11295459664
