id,mean_1,stdev_1,mean_2,stdev_2
8f3a9fdf-3856-4127-b945-2508516ecaef,325887.0,126796.67726403559,336813.4666666667,132694.53833466128
