id,mean_1,stdev_1,mean_2,stdev_2
bdea47ca-ccea-43e1-b778-229fbe900fc0,292864.93333333335,111446.91414209528,299069.0,115255.41915762573
