id,mean_1,stdev_1,mean_2,stdev_2
ce63ab8f-dcd8-417f-90d4-3be5d6abe66f,414725.4,160139.64193282477,314408.13333333336,115673.80789205866
