id,mean_1,stdev_1,mean_2,stdev_2
a7c3b382-ebf0-4b65-a6bf-7c36ba6b2a7c,278773.26666666666,110594.28157999652,278797.2,111817.34710333036
