id,mean_1,stdev_1,mean_2,stdev_2
e86a6ae3-0466-4b09-a940-7fcd8e931011,349179.4666666667,133923.76806420716,338966.26666666666,130394.25287870457
