id,mean_1,stdev_1,mean_2,stdev_2
32c5f329-baa9-4f7b-ae0d-8047600e1bf0,358361.26666666666,128784.20787786401,413682.6666666667,157342.76677397307
