id,mean_1,stdev_1,mean_2,stdev_2
af4b8cfb-a45b-4474-a43a-5c2d658cf741,334633.8,126810.70754906045,375204.4,138488.6860046938
