id,mean_1,stdev_1,mean_2,stdev_2
40f6e4b8-965b-4ae7-ab43-c7d71f3d9e76,325537.0,131975.88546649978,326198.4666666667,132740.01814768932
