id,mean_1,stdev_1,mean_2,stdev_2
cf19d04a-ace8-4f4b-a732-9077306702ea,358471.93333333335,129542.0187853947,387297.0,136808.41569923004
