id,mean_1,stdev_1,mean_2,stdev_2
b82de08e-5051-49a1-b06f-06b639ecdb56,355090.86666666664,137899.7687408584,339333.86666666664,133621.298228422
