id,mean_1,stdev_1,mean_2,stdev_2
4b41cd82-e978-4def-9da9-7a245a580e16,315816.26666666666,124325.52081503175,293464.8,116233.96212536162
