id,mean_1,stdev_1,mean_2,stdev_2
1ebc9194-df0d-4a78-9a09-f5e96816fd1a,323248.6,122652.80541365533,313480.06666666665,120472.43210099517
