id,mean_1,stdev_1,mean_2,stdev_2
28e723ae-41b5-4e83-ae07-26f43d08a9b2,201277.33333333334,100068.60146897007,218662.33333333334,96317.2941588835
