id,mean_1,stdev_1,mean_2,stdev_2
ee754755-8f3d-4837-a7b4-19af6bfcb6d8,309025.5333333333,119401.64346041848,287278.6666666667,117476.47923998328
