id,mean_1,stdev_1,mean_2,stdev_2
a139dfd2-e0bb-4d70-9ca3-15aab9d758be,301132.4,121574.71109119144,304649.73333333334,114233.16388011942
