id,mean_1,stdev_1,mean_2,stdev_2
afe85386-c4ca-4fe0-ad96-b3efcf127f63,257568.2,111904.6946898416,280709.86666666664,121106.06035475222
