id,mean_1,stdev_1,mean_2,stdev_2
3160f0b2-1674-4bc5-9dfe-e258bc64837b,322440.2,128069.14930208602,318456.2,132157.7601622142
