id,mean_1,stdev_1,mean_2,stdev_2
02f72399-b4d4-4d26-a9ab-4046b16335e0,302147.6,127157.67593807829,321416.6666666667,136759.43446293648
