id,mean_1,stdev_1,mean_2,stdev_2
c0a58827-1e8f-4b4c-b584-64b43deb3aef,323997.06666666665,129529.87509732606,309695.6666666667,124988.80514545647
