id,mean_1,stdev_1,mean_2,stdev_2
aaea4e37-8cbc-4c6d-8321-9d934ab3ac5f,297272.73333333334,115971.1061172662,298093.26666666666,116849.27108685313
