id,mean_1,stdev_1,mean_2,stdev_2
210dc51a-c609-485e-9ecc-b9bfbecea6c4,349073.5333333333,136474.7076254384,341869.8,136400.3257778123
