id,mean_1,stdev_1,mean_2,stdev_2
183aaf77-0e8a-4c2c-a08c-fb80a5c5ba2a,305607.3333333333,125752.30575257415,287631.26666666666,123872.93860698101
