id,mean_1,stdev_1,mean_2,stdev_2
24c0b441-fa8f-4ac4-85e6-484f463ebe0e,342382.13333333336,132382.70968514818,382263.4666666667,146072.64500919473
