id,mean_1,stdev_1,mean_2,stdev_2
01e35023-bbfb-4724-b829-5b12521512ad,273475.73333333334,109168.98139152084,297940.93333333335,116448.32358459361
