id,mean_1,stdev_1,mean_2,stdev_2
9e398e99-794b-4196-8ff8-d2c2a41ec5f4,314766.4,124037.52357401101,326759.2,124643.73010635821
