id,mean_1,stdev_1,mean_2,stdev_2
cb852d15-e666-4163-b9fd-067ed0edbcfc,329565.06666666665,129920.04111271242,340265.6666666667,137381.7213541242
