id,mean_1,stdev_1,mean_2,stdev_2
3afc1924-209d-4229-9a4a-f473948a3e57,317994.0,127690.76456397829,317417.4666666667,126075.76322876477
