id,mean_1,stdev_1,mean_2,stdev_2
2e0627cb-3f29-4ca8-8f4e-6c8bcad3ed7f,317195.5333333333,120230.17621981964,320725.4666666667,119926.99609671802
