id,mean_1,stdev_1,mean_2,stdev_2
a72458a9-ff21-408f-b05a-bd6048a12b53,306764.4666666667,118111.98713981385,293982.6,115859.5578988055
