id,mean_1,stdev_1,mean_2,stdev_2
eff1dc9c-0108-40a0-a5ca-3ea177ca6aa1,321060.93333333335,123726.75680302766,327104.4,125900.61447337474
