id,mean_1,stdev_1,mean_2,stdev_2
4ffa058c-b9c4-48a2-ae78-4ea760cd0226,298375.26666666666,117098.92857549504,320245.26666666666,131162.78542608375
