id,mean_1,stdev_1,mean_2,stdev_2
4540f6ba-5c86-4967-a607-78251e3ad123,277072.6666666667,106794.02072067936,318484.6666666667,128946.59853942983
