id,mean_1,stdev_1,mean_2,stdev_2
cb4cbd9e-352f-46a0-96c9-72e4d0f4ba2d,285319.86666666664,115552.06619578708,274235.2,107258.59120723151
