id,mean_1,stdev_1,mean_2,stdev_2
e5f1a4b7-a163-4683-8912-9b39d6ce0e3f,407675.2,156874.11638346632,388406.13333333336,148549.88753944656
