id,mean_1,stdev_1,mean_2,stdev_2
c732db5a-d989-475e-ba59-4150ce2c71ff,324614.6666666667,133501.59225051297,321459.2,129141.98219386289
