id,mean_1,stdev_1,mean_2,stdev_2
7fc0e7e3-5070-4cf3-bd52-b20a2a6959ff,319284.6,136375.66705821583,291640.73333333334,117786.94732239601
