id,mean_1,stdev_1,mean_2,stdev_2
cdc2beb6-8f44-4c77-b002-e62978b59349,321418.0,129970.62460776794,328628.06666666665,131748.81522071542
