id,mean_1,stdev_1,mean_2,stdev_2
eff6fe2c-0a9c-4c88-85fd-602ba455d417,284595.2,116215.9783914989,277568.5333333333,106535.0129950191
