id,mean_1,stdev_1,mean_2,stdev_2
19e4659a-c194-434e-829f-ddad84dfccea,396521.93333333335,144729.37674914362,364916.0,127218.47313080492
