id,mean_1,stdev_1,mean_2,stdev_2
b16eb213-eaa9-44bc-b9c2-1c2287a796a1,361171.06666666665,139866.6548721635,326244.26666666666,128029.39148516726
