id,mean_1,stdev_1,mean_2,stdev_2
0ccc9bae-7393-4f0e-abc9-ad0b3bb3cb28,382740.3333333333,138663.3174321489,353473.93333333335,124288.39716962946
