id,mean_1,stdev_1,mean_2,stdev_2
a6009f76-bde2-455c-a5ce-89b721f4fdb6,336686.0,131083.67689533278,333252.6666666667,129212.83804620791
