id,mean_1,stdev_1,mean_2,stdev_2
ffa60ec7-1558-4685-87f2-2eddff71ff6f,345927.6666666667,137525.03765335077,346773.26666666666,142624.27966909733
