id,mean_1,stdev_1,mean_2,stdev_2
93e781c5-3edd-4573-945b-bc6a0e816edb,389818.0,147406.2080537994,364769.86666666664,137733.1381964736
