id,mean_1,stdev_1,mean_2,stdev_2
90420a97-91a5-4de8-9cb6-b1441b57aadc,348619.73333333334,134001.09291020312,350829.2,130875.32401294497
