id,mean_1,stdev_1,mean_2,stdev_2
f5e40a39-46cf-4444-a8de-1826d5e36505,353999.86666666664,140890.8946756871,333417.4,129702.92657340723
