id,mean_1,stdev_1,mean_2,stdev_2
46daa0fb-aaed-4858-9160-9b4a94f689ad,330103.6666666667,124234.30995001161,319703.4,124058.92276967962
