id,mean_1,stdev_1,mean_2,stdev_2
c4ce191a-79d9-449b-b559-6d1f51012a91,299645.93333333335,116501.51751370261,296241.5333333333,116235.09310121833
