id,mean_1,stdev_1,mean_2,stdev_2
d5b4292f-19d9-4b3b-83e5-09008412f893,286379.26666666666,121110.51084496708,266573.4666666667,128015.88739728971
