id,mean_1,stdev_1,mean_2,stdev_2
3e59fc37-b109-4d23-aea2-2b544657b86e,348884.86666666664,126316.06514552647,381605.5333333333,132825.19947704033
