id,mean_1,stdev_1,mean_2,stdev_2
12859fde-df64-463c-b768-afb0fc80eb2f,103398.86666666667,36683.75644862753,327975.3333333333,121739.44077669416
