id,mean_1,stdev_1,mean_2,stdev_2
56f25ce1-22cd-4fe6-8e65-2ba1c7718b41,290576.4,120510.42670397168,276989.6666666667,121826.99586909665
