id,mean_1,stdev_1,mean_2,stdev_2
ab8403ed-c1dd-4918-a934-a93eae94976c,315222.3333333333,133943.6812423623,289623.3333333333,117060.3829412648
