id,mean_1,stdev_1,mean_2,stdev_2
a2ad3372-f293-48ce-85a4-194eed5e50a4,332028.73333333334,128139.94220354904,334041.13333333336,128425.21100410499
