id,mean_1,stdev_1,mean_2,stdev_2
9eb705b7-226c-4a62-af34-34a26fa476d1,314463.3333333333,132407.26668813243,325865.6,120083.07394177862
