id,mean_1,stdev_1,mean_2,stdev_2
81a016f8-6e74-4707-ad9c-9f0a778e5b1d,338989.2,134663.7425685177,321136.2,126407.41790216794
