id,mean_1,stdev_1,mean_2,stdev_2
f9d4e17b-01b6-4c1e-b9c7-b56262f4931e,324406.86666666664,136712.9743820323,300680.13333333336,122744.7777935266
