id,mean_1,stdev_1,mean_2,stdev_2
121a3ea2-8d12-4281-92b5-79d3373cd336,339333.26666666666,129166.95887853397,337082.3333333333,128066.81090569703
