id,mean_1,stdev_1,mean_2,stdev_2
e606fd4f-a22f-41d1-aee9-eb94bb721bfb,294518.6666666667,114950.69275399005,334460.73333333334,130400.64746233262
