id,mean_1,stdev_1,mean_2,stdev_2
cbd33c16-6335-4487-a0a5-b812e79eb243,389805.93333333335,155472.2332021452,361924.8,142668.41803622834
