id,mean_1,stdev_1,mean_2,stdev_2
08a8fead-38b9-4b97-bf53-072ec98b4502,350807.86666666664,133434.88360388458,351230.26666666666,138097.55153246643
