id,mean_1,stdev_1,mean_2,stdev_2
fafafdff-ad34-446c-a30e-43cd186aaa50,378492.6,137453.50340717647,348305.0,122313.24169197708
