id,mean_1,stdev_1,mean_2,stdev_2
ee9f4411-f71f-49a3-b6ce-c635d8d28e29,394656.93333333335,155745.44182328062,365650.0,134920.74804615238
