id,mean_1,stdev_1,mean_2,stdev_2
4c740a08-7573-4980-9c41-bdb7555d3ac2,333450.26666666666,127399.21167284442,311996.4666666667,120926.99813681899
