id,mean_1,stdev_1,mean_2,stdev_2
bef369f5-67d1-4c2e-9a98-8b0d08fb0ad7,376695.4666666667,151525.37689679425,304187.3333333333,120458.35260186633
