id,mean_1,stdev_1,mean_2,stdev_2
af1b3b8a-73cd-445f-856d-58531f5f02e6,294035.26666666666,119037.58724115489,289693.06666666665,117089.25442440149
