id,mean_1,stdev_1,mean_2,stdev_2
dba9866b-c540-409b-9aa8-a6d32cd0f110,305999.8,116439.2007989291,283262.3333333333,114119.11431287731
