id,mean_1,stdev_1,mean_2,stdev_2
2d78fe80-0ee2-4259-8f14-bd6989062680,270193.4,116870.086860468,298018.06666666665,128586.17369606873
