id,mean_1,stdev_1,mean_2,stdev_2
d90651eb-f5a3-4dc0-b9bb-42e42339873b,284190.13333333336,119888.90544826166,300530.3333333333,121841.83011192102
