id,mean_1,stdev_1,mean_2,stdev_2
d5ab3499-9584-45b9-9841-e6d38a8ad473,300407.86666666664,120740.65893137333,288318.8,111352.75770223806
