id,mean_1,stdev_1,mean_2,stdev_2
a6ed2c34-44fb-4808-a2a1-78864c33b750,370551.0,143024.56143800385,315747.26666666666,121335.99318282363
