id,mean_1,stdev_1,mean_2,stdev_2
03dba292-6575-4eff-ba59-3b364aeb10d8,372289.5333333333,134720.43303516443,362892.4,131224.69604603143
