id,mean_1,stdev_1,mean_2,stdev_2
1136fc5e-8dfb-49d2-8acd-bbdbc3d6cfd6,298991.4,119669.4101480129,247901.53333333333,100747.49976045173
