id,mean_1,stdev_1,mean_2,stdev_2
cfc8852e-7fe4-4ab3-af85-533cedf866d3,272738.86666666664,118278.91824940272,282243.06666666665,114797.44861129197
