id,mean_1,stdev_1,mean_2,stdev_2
961c78ae-f62e-4889-a87d-15eb3cb09680,297463.5333333333,123679.43851579462,318879.4,118928.7933842768
