id,mean_1,stdev_1,mean_2,stdev_2
e91faec3-97a9-4cb9-a9cc-c3bd455da62d,349019.26666666666,127447.80862688678,333814.13333333336,121922.75641561841
