id,mean_1,stdev_1,mean_2,stdev_2
21e2720c-09a9-4470-8cd1-795ad5eee47c,347687.26666666666,136067.0375902833,325488.86666666664,124191.71795889702
