id,mean_1,stdev_1,mean_2,stdev_2
e78e9cd2-82dd-4336-b35e-4ea0fa8816bd,356366.3333333333,132293.3415883892,373828.13333333336,140238.3319903973
