id,mean_1,stdev_1,mean_2,stdev_2
f4f31b95-5d29-44cf-9638-f676f3a7b968,331660.13333333336,115615.55502893582,319984.26666666666,106798.27951577165
