id,mean_1,stdev_1,mean_2,stdev_2
30a53507-8367-4883-8395-9452092a86be,273649.4,121578.917695901,303267.73333333334,134580.2477222997
