id,mean_1,stdev_1,mean_2,stdev_2
ce6da6d0-0cb7-4ded-a394-1a2a90954f21,313799.26666666666,120297.9443839152,350578.13333333336,131350.76975735195
