id,mean_1,stdev_1,mean_2,stdev_2
85f5395e-3b57-4325-8d3b-fe8fff5291cc,335238.13333333336,129368.34057675092,367017.6,143351.70296991014
