id,mean_1,stdev_1,mean_2,stdev_2
b149640f-ce9d-4df7-b96e-c4c005f6e4c2,104672.93333333333,43333.602637317024,103364.13333333333,47627.25316016263
