id,mean_1,stdev_1,mean_2,stdev_2
1fc75dfb-6967-4228-be50-02c01113eb15,370354.5333333333,134584.6940965015,366748.8,141869.93719281518
