id,mean_1,stdev_1,mean_2,stdev_2
bcdcd0b8-6097-432b-bf25-8e60dfcef83d,394204.8,137444.9574058406,402256.3333333333,146559.3274132432
