id,mean_1,stdev_1,mean_2,stdev_2
b0a3fdc1-41ea-426b-b53f-83808218ec96,324854.6,126879.35056254557,370070.5333333333,150531.66548907757
