id,mean_1,stdev_1,mean_2,stdev_2
00128576-e787-42f6-823f-0289763c032c,349173.06666666665,128444.95639480057,371145.0,135893.01852315053
