id,mean_1,stdev_1,mean_2,stdev_2
1cd9c2f0-8411-4709-ab45-8dcaf380909f,319198.4,122775.61392437291,300914.06666666665,115523.5813667303
