id,mean_1,stdev_1,mean_2,stdev_2
f4f1c1ed-b6a8-4e6b-bb56-1b200cd44404,296560.93333333335,113505.89938410933,303795.3333333333,118640.58996125887
