id,mean_1,stdev_1,mean_2,stdev_2
1b5a4078-0215-46a6-8008-7b6da7e18f4a,274669.73333333334,111383.94782880021,293893.2,119523.52477689624
