id,mean_1,stdev_1,mean_2,stdev_2
31606309-51c2-4726-944b-4ae811b06a0c,137579.26666666666,69086.39397205663,153896.0,55219.75354164486
