id,mean_1,stdev_1,mean_2,stdev_2
8c04a69e-47d3-4842-9c1a-3e02a13c4eb1,322494.8,134686.46826126717,374571.4,144772.1026375823
