id,mean_1,stdev_1,mean_2,stdev_2
feec45b5-4bcd-4078-bd60-b4a42e0b834f,319041.93333333335,125807.35798485273,296722.0,117655.15599638349
