id,mean_1,stdev_1,mean_2,stdev_2
2b30d621-6af6-41d7-98b0-ea6fa2644872,315824.13333333336,120644.31747737736,318336.13333333336,122153.83624968788
