id,mean_1,stdev_1,mean_2,stdev_2
745563b7-3e74-40cc-8e90-a3324fcdf53c,368197.73333333334,134485.32670715006,380077.3333333333,145286.72740006988
