id,mean_1,stdev_1,mean_2,stdev_2
1e7180a7-0efb-4106-b3fb-e4db7dec031a,252818.6,107934.96140040382,334780.93333333335,133613.5137049975
