id,mean_1,stdev_1,mean_2,stdev_2
41a1e7cd-e6df-4862-8675-8a3101b53a55,293938.93333333335,122720.95625196032,277346.6666666667,108065.7794695229
