id,mean_1,stdev_1,mean_2,stdev_2
3e18d4fe-2aa6-4dcc-b408-19ad8d3aa8b8,311784.2,125189.06505612489,338391.2,134079.95112031727
