id,mean_1,stdev_1,mean_2,stdev_2
a293f9b9-a12f-4c45-9931-8b1f2c2a8912,331455.4666666667,112735.69030368728,378448.0,135593.42847547345
