id,mean_1,stdev_1,mean_2,stdev_2
9c6a1995-e3ba-447f-82bf-e50372944ec4,284594.06666666665,109226.98198245504,316282.6,126899.64717670942
