id,mean_1,stdev_1,mean_2,stdev_2
ea4c2dcf-37f5-4f56-a9f9-1a465fb5f309,341004.26666666666,140583.88092640237,311341.73333333334,127439.82408884421
