id,mean_1,stdev_1,mean_2,stdev_2
089a7066-4ebe-437b-9c73-23a310ff1509,281477.6666666667,111758.12878871745,290134.13333333336,117716.75194854618
