id,mean_1,stdev_1,mean_2,stdev_2
63f69f24-d1c9-49da-a029-0af1cf7ef96e,324298.86666666664,120506.60176486413,322623.8,127871.23816986106
