id,mean_1,stdev_1,mean_2,stdev_2
ccce86d7-de10-4444-afb8-7f903e960489,319812.0,115438.44273839919,324525.3333333333,124527.61484193867
