id,mean_1,stdev_1,mean_2,stdev_2
83c34250-f989-4366-ae66-c957f9a69143,281839.4,110260.6557358819,248184.06666666668,95428.04859122336
