id,mean_1,stdev_1,mean_2,stdev_2
21a17a34-093f-4f2a-9561-4fd510f12b78,357069.3333333333,134259.05591190324,331902.73333333334,123952.27182775724
