id,mean_1,stdev_1,mean_2,stdev_2
278be1c4-be7a-4603-b51b-c4e6336bbfab,332298.4666666667,130595.41806708058,346840.5333333333,133983.0559893634
