id,mean_1,stdev_1,mean_2,stdev_2
65ebcac2-a827-4b9e-a1df-469c1e975f55,346979.8,131538.54283577876,315910.3333333333,118279.91394747556
