id,mean_1,stdev_1,mean_2,stdev_2
6e42855c-d9a9-46ca-a66d-4594cfa3561b,316559.26666666666,120660.69996728661,324007.26666666666,122847.78450069374
