id,mean_1,stdev_1,mean_2,stdev_2
b93b5e41-c75d-4255-b8ba-d3b15ffd53fc,362465.93333333335,138854.92228724033,374299.6,141073.72426113472
