id,mean_1,stdev_1,mean_2,stdev_2
1673ee46-c652-42ac-bb9d-e7699c9d807b,327649.6,116384.59288857783,320812.4,131714.04927331532
