id,mean_1,stdev_1,mean_2,stdev_2
a20131e9-45cf-4e6a-9f08-0f3ac421008f,302447.73333333334,115287.10232254468,349748.5333333333,134663.98273473952
