id,mean_1,stdev_1,mean_2,stdev_2
bacc700d-76df-45d6-937e-7f72db054cd6,327234.6,122876.43003266874,317565.06666666665,119270.36446855616
