id,mean_1,stdev_1,mean_2,stdev_2
0ab56017-4894-4ebd-8804-0f16efca9ffe,317741.4666666667,117227.38929099386,329566.93333333335,121507.18759671062
