id,mean_1,stdev_1,mean_2,stdev_2
7778cc9b-b331-4598-aed8-1da0635f4607,349632.26666666666,122022.61219378792,327555.26666666666,119132.58101709858
