id,mean_1,stdev_1,mean_2,stdev_2
2697c527-ee0d-4e6e-be29-9528cd96d9f7,318046.2,121203.42131265657,313769.06666666665,121945.39609156588
