id,mean_1,stdev_1,mean_2,stdev_2
be735f4a-e723-4070-9a44-67760b6ed5de,294146.26666666666,121124.85810791368,306142.5333333333,128914.46712445513
