id,mean_1,stdev_1,mean_2,stdev_2
37c2e84d-e451-4003-971e-a8b3574687db,404817.13333333336,152986.10504916962,334688.4666666667,134558.17454859026
