id,mean_1,stdev_1,mean_2,stdev_2
dec9c792-eb86-4331-83ef-7758e1755354,300575.06666666665,114582.96278852086,284172.3333333333,109757.5066363218
