id,mean_1,stdev_1,mean_2,stdev_2
1f8dc1cb-0a21-45d6-9a9c-69df7c984b3a,298249.13333333336,122188.25482119339,317340.2,131029.97645587314
