id,mean_1,stdev_1,mean_2,stdev_2
fb505361-9bbb-4187-83b3-da32f8da281c,372539.6,150799.23378134254,161319.0,76039.75711516531
