id,mean_1,stdev_1,mean_2,stdev_2
05045df4-76e8-4dfa-9777-b227190d47cc,350404.5333333333,142060.92046717924,284533.2,119246.44580039552
