id,mean_1,stdev_1,mean_2,stdev_2
f9eb8fb9-c503-4926-ad53-e547af5a7fb3,327179.86666666664,125666.34083204444,325454.8,125479.0991096127
