id,mean_1,stdev_1,mean_2,stdev_2
c51360a8-249e-42b6-83ae-88dd4bed301c,321679.93333333335,119135.16848267583,102533.6,35169.21974264807
