id,mean_1,stdev_1,mean_2,stdev_2
627785a5-920d-4ade-8df1-b992bc40312f,341254.4,131321.92074735023,369058.86666666664,144130.95659751777
