id,mean_1,stdev_1,mean_2,stdev_2
45472aa6-09d0-47bf-b36e-b6b4a0f4ee0f,338463.6666666667,126142.56470817278,346793.8,123577.33662296928
