id,mean_1,stdev_1,mean_2,stdev_2
af439ceb-dfc6-44a6-8cc8-8204bd144cf0,312349.86666666664,127375.66611555843,351179.2,136084.32618549425
