id,mean_1,stdev_1,mean_2,stdev_2
73a31e04-9182-4b7e-a86b-6069e456723f,336029.86666666664,128157.57672795714,338908.73333333334,132054.41829360434
