id,mean_1,stdev_1,mean_2,stdev_2
3083dba5-cca9-4f8c-82af-c181b8eeb4de,356594.6666666667,139519.7727400035,334189.3333333333,121619.64335290944
