id,mean_1,stdev_1,mean_2,stdev_2
239d083f-3c3b-493c-b3ab-2a9f50c1adf4,321053.13333333336,118648.08209820428,321996.06666666665,126007.12469563863
