id,mean_1,stdev_1,mean_2,stdev_2
6ff452f8-3422-41a7-b709-02b70ee25351,349024.13333333336,130921.20818154543,309990.26666666666,116086.52466125811
