id,mean_1,stdev_1,mean_2,stdev_2
9e4f6220-c6db-4948-8698-077b88702a98,331884.13333333336,149270.79292965817,378215.73333333334,154294.6474485172
