id,mean_1,stdev_1,mean_2,stdev_2
8101b095-870d-4202-85c2-e11af2c60d08,337866.6666666667,134313.12024453242,320363.4666666667,131550.41518893896
