id,mean_1,stdev_1,mean_2,stdev_2
8740fb77-c0fd-4080-9af4-a5c6345dc0f5,276900.6,114607.14244630071,280897.73333333334,112002.77210942395
