id,mean_1,stdev_1,mean_2,stdev_2
b186211b-0ebb-4a48-bd8f-34041f0239f0,383310.73333333334,148754.93533122036,351612.6,145234.21315507352
