id,mean_1,stdev_1,mean_2,stdev_2
1f558c9a-a028-4d69-a95e-56fca561dc75,359886.6,144831.79285262842,363082.26666666666,146498.23888883065
