id,mean_1,stdev_1,mean_2,stdev_2
8fb9ce22-f5be-4af1-bd8e-5a9ca5957db4,311620.2,111354.19498770578,311640.2,117390.26978087521
