id,mean_1,stdev_1,mean_2,stdev_2
bdf0c425-6afe-42ee-852a-ea4588ff8d79,334989.86666666664,152329.7455906612,299959.6666666667,112435.6894719031
