id,mean_1,stdev_1,mean_2,stdev_2
aaf010db-f938-4f73-ab8f-1554bdb37fa0,305296.6,121641.37351674389,317294.86666666664,125561.26354884385
