id,mean_1,stdev_1,mean_2,stdev_2
05f87c6c-2d18-4e6f-9131-0b8f62482ff6,318795.8,121639.69869534098,344616.6666666667,137392.2136525777
