id,mean_1,stdev_1,mean_2,stdev_2
e0565b2b-e6c6-46dd-a3ff-749dd36eb1d5,317174.8,124861.50157151456,316828.26666666666,123352.61124622461
