id,mean_1,stdev_1,mean_2,stdev_2
8d9af2eb-f92d-4e86-9d1d-4f4601a4702f,333613.2,128776.61669273139,329088.6666666667,131654.8997238192
