id,mean_1,stdev_1,mean_2,stdev_2
8fdbd80b-da45-4ade-a9e9-1cbcb506ebbb,329305.6666666667,134049.231749964,354382.26666666666,148043.47079398297
