id,mean_1,stdev_1,mean_2,stdev_2
09f26274-49da-45f7-a876-7147a1c77333,309959.3333333333,122722.25453962656,338939.06666666665,132306.20780218724
