id,mean_1,stdev_1,mean_2,stdev_2
1a4fd6cf-e7e7-4816-b56e-10e877409016,362198.4,144107.82457303745,360914.06666666665,139682.75760473165
