id,mean_1,stdev_1,mean_2,stdev_2
dd392dbc-e5b8-4810-a6d2-bdeda348a348,349159.4666666667,143628.0303663444,348459.4666666667,138719.35542471675
