id,mean_1,stdev_1,mean_2,stdev_2
0c19a2b4-9d86-4bd9-bed4-2c98133b707e,292224.4666666667,119981.0174079587,274551.4,113397.08444976293
