id,mean_1,stdev_1,mean_2,stdev_2
2ee2ca59-31ff-4980-82c1-a38c20af287c,350032.3333333333,125899.49682910662,380374.5333333333,137976.68519034496
