id,mean_1,stdev_1,mean_2,stdev_2
d5424ede-816c-4608-8088-5670a741a8ea,297683.4666666667,120010.13738395418,278241.5333333333,112910.32554132899
