id,mean_1,stdev_1,mean_2,stdev_2
32b8ede7-03b9-485c-8957-0badcbfb7e93,295404.0,107955.6618203356,322059.0,127811.67737730383
