id,mean_1,stdev_1,mean_2,stdev_2
32eaf368-fd2c-4c91-9793-a67bb2a401ae,287062.4666666667,116842.08945573603,288550.8,113746.8146983759
