id,mean_1,stdev_1,mean_2,stdev_2
86a00387-4193-42eb-9f9e-d6f6b7608716,335333.4,139076.38295066493,331858.26666666666,137271.19387230845
