id,mean_1,stdev_1,mean_2,stdev_2
1bbb5fec-a6fa-4d86-bd51-7b64dd6f9dfa,320252.3333333333,125635.52226482586,339280.3333333333,129213.25149723959
