id,mean_1,stdev_1,mean_2,stdev_2
307a2168-d48f-4bb6-b7c8-240fc9c2ab2c,313349.4666666667,118138.88738535203,305127.4,118323.75619054696
