id,mean_1,stdev_1,mean_2,stdev_2
6d802149-0efa-40d2-9f1f-536fec830857,323418.5333333333,119451.90229927505,360471.8,138156.60498492283
