id,mean_1,stdev_1,mean_2,stdev_2
c2e98924-3765-4aa3-b8ad-dcc74b057224,320398.3333333333,123162.41908020845,312497.8,118502.12901727408
