id,mean_1,stdev_1,mean_2,stdev_2
3d3cdba4-2d3a-4bec-ac9d-09d2eb1b4997,389857.6666666667,151209.50458251254,341669.5333333333,138011.527781736
