id,mean_1,stdev_1,mean_2,stdev_2
aa6d2fc6-24e6-403f-8007-9e966ad73d92,307357.0,124171.47847392331,277680.3333333333,102930.30731886286
