id,mean_1,stdev_1,mean_2,stdev_2
f6933a3c-de64-49e1-a866-70bc0b1f2cd7,330829.06666666665,136503.50685481387,315806.26666666666,133521.15682915406
