id,mean_1,stdev_1,mean_2,stdev_2
e643ca4a-5f55-4816-8261-0912bb4db6e6,161685.06666666668,55634.468569364035,209566.06666666668,74495.7862177154
