id,mean_1,stdev_1,mean_2,stdev_2
1b1a8e71-c09c-4dab-a5f0-1ea2acb981b3,278451.73333333334,101822.1190871392,271729.8,99937.00808756148
