id,mean_1,stdev_1,mean_2,stdev_2
32502adb-2165-4aaf-bde0-cf4f747d96b7,378467.13333333336,153658.86377117617,349661.3333333333,133722.7855466508
