id,mean_1,stdev_1,mean_2,stdev_2
e20f3399-32c2-4ffd-b13a-7b298c60ed6c,333952.6666666667,126640.81876849802,367349.26666666666,155216.48815056845
