id,mean_1,stdev_1,mean_2,stdev_2
0a6500a1-2245-4142-8824-c9bede62c8a6,288587.5333333333,113778.50693041967,313779.06666666665,120034.11784847766
