id,mean_1,stdev_1,mean_2,stdev_2
5eb79b57-81c0-40c9-99c2-0e15adaa483b,282960.26666666666,115787.98125221039,285334.4666666667,122936.18394211239
