id,mean_1,stdev_1,mean_2,stdev_2
337aa4af-64cf-4466-9391-406412aa0a07,317115.06666666665,127313.64085044284,319979.13333333336,128504.82526653318
