id,mean_1,stdev_1,mean_2,stdev_2
8c6f8c75-bbe0-4def-8807-b5e637322410,343031.13333333336,134388.44509647728,315747.93333333335,135338.7201296395
