id,mean_1,stdev_1,mean_2,stdev_2
ecde6d09-7160-460f-aa98-4d3d2163d386,339224.4666666667,131192.10091305885,338007.4666666667,127573.13930179643
