id,mean_1,stdev_1,mean_2,stdev_2
58c85fee-e579-462f-8bb8-731e589eda14,308218.5333333333,128216.92573336625,291555.4666666667,118677.09155792827
