id,mean_1,stdev_1,mean_2,stdev_2
db6aeb4d-1035-452c-a65c-d4d01eb31183,326605.0,127441.6359353044,331523.3333333333,129916.09294241504
