id,mean_1,stdev_1,mean_2,stdev_2
3591ce32-1ea7-40bd-a7f4-d62b0ae5a849,292524.26666666666,117930.98349710967,309218.6666666667,120030.6079690602
