id,mean_1,stdev_1,mean_2,stdev_2
bf0cdd83-a2d6-47eb-9f26-1d6a1d8904bb,334041.4666666667,132191.19413176592,331970.2,134862.16627960067
