id,mean_1,stdev_1,mean_2,stdev_2
995c4f70-31ef-490c-b795-008a6d57f938,309754.2,117551.73100282275,330361.6,119164.61780064306
