id,mean_1,stdev_1,mean_2,stdev_2
588cd0b0-d22f-4e51-825b-029d253b9d31,315616.13333333336,132567.99680358588,302447.4666666667,117797.04379418395
