id,mean_1,stdev_1,mean_2,stdev_2
2afb007d-2be4-4ca7-afb4-44c6d98420e8,327525.2,123698.47246548088,347291.2,131899.21924368365
