id,mean_1,stdev_1,mean_2,stdev_2
a08f8d9f-82c0-4f12-946f-81895fece664,291149.8,116610.11958213577,319570.26666666666,120079.61777446755
