id,mean_1,stdev_1,mean_2,stdev_2
47e8c098-b57c-4263-80cd-e4ee2d5eea7e,308026.2,116038.13962957752,324367.73333333334,134147.1057128289
