id,mean_1,stdev_1,mean_2,stdev_2
d6f8eba5-c9a7-4289-a477-c361d20dd1be,344324.6666666667,132277.23576119295,349710.6,129700.02467838368
