id,mean_1,stdev_1,mean_2,stdev_2
883d807c-2f50-4131-87ee-22cfc5ecec6b,297323.3333333333,117861.44884604504,291250.73333333334,120211.41890101605
