id,mean_1,stdev_1,mean_2,stdev_2
61b53aae-b33c-4fb2-b257-6a989f6bb133,329882.73333333334,142428.59100076157,317597.5333333333,124194.23861723841
