id,mean_1,stdev_1,mean_2,stdev_2
00526c2f-4ad4-4162-9123-5580f827a014,316559.8,117974.11371211908,324977.13333333336,125961.94355590988
