id,mean_1,stdev_1,mean_2,stdev_2
c6de5872-4d2c-4c9d-9c40-7b8f720163c9,340090.86666666664,136114.20925769978,351001.3333333333,136983.72891681537
