id,mean_1,stdev_1,mean_2,stdev_2
bfdfe6c7-ed93-4d17-9921-65d6ce615f24,292198.73333333334,115896.68352601334,312002.4666666667,123803.73703614749
