id,mean_1,stdev_1,mean_2,stdev_2
b377720a-c2af-4503-a9e9-141fa7d01cb5,305298.13333333336,128168.20127362153,322446.93333333335,129378.24343191899
