id,mean_1,stdev_1,mean_2,stdev_2
367ad804-00d9-4bcc-b8aa-1fe03c97ecf4,350677.6,131333.35990260306,364999.2,128286.10789647751
