id,mean_1,stdev_1,mean_2,stdev_2
66264b07-286c-4f73-bd9e-968f8e070946,294922.6,114889.69060149246,277580.6,105619.46085818339
