id,mean_1,stdev_1,mean_2,stdev_2
4c24dabe-4cf2-4d4f-81c5-f7aa2be4c175,322570.86666666664,122170.08226177505,402264.73333333334,154889.07004152646
