id,mean_1,stdev_1,mean_2,stdev_2
844946d6-0db4-4144-ace4-c62a87fba61e,372353.86666666664,143953.73384152132,377502.26666666666,147293.90304397835
