id,mean_1,stdev_1,mean_2,stdev_2
20c56522-449b-45b7-884d-49ad43c93c91,371221.6,143612.87135481043,376086.4,133838.24443598572
