id,mean_1,stdev_1,mean_2,stdev_2
e2b29fdb-ef32-487b-91ec-df575fd9d000,297806.13333333336,113983.78580767043,284493.13333333336,110635.1651081859
