id,mean_1,stdev_1,mean_2,stdev_2
33625cdb-97fc-4e12-9854-cb9f2b57449d,324138.0,122500.6070444823,338115.3333333333,136433.59345198757
