id,mean_1,stdev_1,mean_2,stdev_2
f5fca5a3-801a-4153-a4a1-c5f4e8691e8c,336667.4666666667,128690.24030690474,334276.4,135487.21157206438
