id,mean_1,stdev_1,mean_2,stdev_2
6e648878-1427-4e42-9bb5-79f84c219c26,360881.8,128153.46572304108,389315.6,140481.285616175
