id,mean_1,stdev_1,mean_2,stdev_2
cd1f9d36-1a50-48a3-97bb-6d03ab379351,302701.93333333335,115336.37901053691,381133.2,155660.8686203012
