id,mean_1,stdev_1,mean_2,stdev_2
b0beba65-a21a-4423-a482-0142ea15b823,340004.0,128737.06577309685,353776.8,139290.70615907342
