id,mean_1,stdev_1,mean_2,stdev_2
81c8c13f-2c43-4aee-808a-45ee4a66c9f7,309949.2,126273.06793516978,286421.2,118356.76167486166
