id,mean_1,stdev_1,mean_2,stdev_2
cc581d81-fc55-4e2d-94f7-c8bcf6dd3ae4,273452.86666666664,102251.50858405734,289236.73333333334,142281.33563634488
