id,mean_1,stdev_1,mean_2,stdev_2
2ffee570-a2a9-40a6-888a-b8176eb8e2a8,234881.8,97391.8986344689,283873.8,125410.212649635
