id,mean_1,stdev_1,mean_2,stdev_2
5e2211e0-b399-4a7d-acdc-d9b36ef6e7ed,331895.86666666664,126755.8956140327,366243.6,139511.76138557875
