id,mean_1,stdev_1,mean_2,stdev_2
cc1f6818-1973-407d-8914-64aa2ccae3e9,322425.26666666666,123022.18821143157,313612.5333333333,120779.07420237256
