id,mean_1,stdev_1,mean_2,stdev_2
a49ed4a2-ea66-442d-af29-bf8288df4a82,318818.73333333334,129867.92234495613,310582.4,134873.74563978962
