id,mean_1,stdev_1,mean_2,stdev_2
564396ab-688b-4d74-b009-68808ad71772,287390.5333333333,122489.57070862083,333839.73333333334,131589.42482204092
