id,mean_1,stdev_1,mean_2,stdev_2
5505a5e0-8de8-4342-a67b-ddc19379fd2a,348688.5333333333,136294.64965770137,327861.13333333336,125432.53162603216
