id,mean_1,stdev_1,mean_2,stdev_2
ffc7b565-8e90-4b42-ae69-73c80f64ef99,281117.26666666666,109637.36379444535,279979.5333333333,110864.4849004806
