id,mean_1,stdev_1,mean_2,stdev_2
8c4abbb1-d98a-4c1c-92a5-f487a80286f3,341738.2,133775.13837491127,432239.26666666666,165843.63932671308
