id,mean_1,stdev_1,mean_2,stdev_2
8d327066-324e-4f52-990b-4c746135c68d,335864.6,125795.69566181507,334246.06666666665,131632.29501327637
