id,mean_1,stdev_1,mean_2,stdev_2
a9a6d103-8b54-46af-9a20-13a10c4f3c54,319973.2,127211.00557692851,312385.6666666667,125571.42671890857
