id,mean_1,stdev_1,mean_2,stdev_2
13a49759-216c-49b7-a71f-7650c8b22b86,318003.26666666666,125428.59665188885,298046.86666666664,120719.06000620706
