id,mean_1,stdev_1,mean_2,stdev_2
19ce906e-c788-47d8-bf77-60b2128f7ac0,325009.2,131211.66756768752,357486.13333333336,147225.19041788406
