id,mean_1,stdev_1,mean_2,stdev_2
c97cf3e9-7040-4745-9ff4-aa606e79507b,368250.6,129954.68637172472,350116.26666666666,134961.84632873922
