id,mean_1,stdev_1,mean_2,stdev_2
00f32fd1-2c2f-4968-8a1f-657a6e98d15e,327459.06666666665,121124.52221713359,234967.46666666667,109860.75327362765
