id,mean_1,stdev_1,mean_2,stdev_2
993fee05-4543-401a-8f78-f65eb80e5cbd,451376.4666666667,169248.10062346014,413633.6,164166.78570559478
