id,mean_1,stdev_1,mean_2,stdev_2
6c6100c2-189e-4a5e-a108-4e3563cb6d69,343395.13333333336,135763.73433327308,305103.73333333334,121132.43747703951
