id,mean_1,stdev_1,mean_2,stdev_2
ca68bc6e-3c86-4735-b4f2-932880ad7618,305420.86666666664,129842.43541455246,281939.13333333336,123379.72493667218
