id,mean_1,stdev_1,mean_2,stdev_2
d120947b-6e73-4e38-a109-2f60c48c13a1,361863.93333333335,133731.51421933257,377276.5333333333,150629.3309626279
