id,mean_1,stdev_1,mean_2,stdev_2
cf3da57d-7619-47f0-be23-bd6004b11efb,324041.4666666667,133089.34801797208,330536.26666666666,140584.40291130767
