id,mean_1,stdev_1,mean_2,stdev_2
7441bb29-fd6b-4dd3-90de-0b2de0116d32,321402.26666666666,124408.77827306061,317777.5333333333,127565.77980783962
