id,mean_1,stdev_1,mean_2,stdev_2
49a3c334-e16c-41b2-914a-c3c617ea0bdb,339680.0,134589.5394677214,354828.6666666667,135720.14226029813
