id,mean_1,stdev_1,mean_2,stdev_2
57f1daf4-3414-4dd1-bb4a-ba7ae36f08bd,360275.73333333334,134988.82370254048,345084.4666666667,132188.3447322376
