id,mean_1,stdev_1,mean_2,stdev_2
d522e640-0b4d-414a-8594-20939d0a8b57,361498.0,144001.95791261544,388012.0,153538.1064999826
