id,mean_1,stdev_1,mean_2,stdev_2
a7621009-0c10-4e88-8e6a-d7a50aece5f8,203089.66666666666,80433.4945526772,206172.13333333333,83472.5167448278
