id,mean_1,stdev_1,mean_2,stdev_2
3ac52539-c160-4a39-aa16-e449bd62c6d7,374325.86666666664,139116.70344180657,365438.3333333333,143126.37592033445
