id,mean_1,stdev_1,mean_2,stdev_2
8b25fe1c-74d8-4f8a-88f2-720d88f45649,296479.73333333334,128083.73775748773,316810.73333333334,131906.7912527462
