id,mean_1,stdev_1,mean_2,stdev_2
a6ca695f-a91e-4fd0-a565-7803bfb1fad1,315650.93333333335,118437.36574041525,331615.6666666667,123933.8364535242
