id,mean_1,stdev_1,mean_2,stdev_2
83fe83a5-035f-4fa8-9237-e21f88aecbbb,333174.2,136386.21018915364,308402.73333333334,118962.18901340972
