id,mean_1,stdev_1,mean_2,stdev_2
e4fa197d-beff-421f-adc8-7c956ca05dd0,270209.8,113124.74867166189,259834.86666666667,113852.34295985695
