id,mean_1,stdev_1,mean_2,stdev_2
f7d167a9-8863-45f2-89c4-b0b31faced46,334386.06666666665,123320.7673586606,370338.2,136093.28505560686
