id,mean_1,stdev_1,mean_2,stdev_2
44c16af3-7f0c-465f-b81a-da2151197e8c,272369.6666666667,114822.23027251977,284941.06666666665,121502.47510700714
