id,mean_1,stdev_1,mean_2,stdev_2
3e19942b-bbe7-460f-9ee1-f4ec801cfc31,359706.5333333333,136100.9156554389,374253.3333333333,146458.56677648536
