id,mean_1,stdev_1,mean_2,stdev_2
d5f5be7c-6bce-49b8-8417-8fbaca65c227,322661.6,119723.54127895371,338319.73333333334,134769.1793981926
