id,mean_1,stdev_1,mean_2,stdev_2
447ca7b6-3906-4014-8b4a-5e1d9e9642e4,291686.2,121415.28454973588,280902.3333333333,116260.68512193719
