id,mean_1,stdev_1,mean_2,stdev_2
55f6bc8b-0945-46d7-9a84-5b8307ecc251,286897.8,116423.56791314491,291284.73333333334,118108.72322199105
