id,mean_1,stdev_1,mean_2,stdev_2
8d50e2cc-d31c-48df-804d-bccd510df368,305617.13333333336,119828.57287746061,309459.8,120128.4836943068
