id,mean_1,stdev_1,mean_2,stdev_2
c5f8377f-9f50-4418-a5c9-e188f2960b35,385182.73333333334,146844.2861879965,415459.93333333335,148807.61565030497
