id,mean_1,stdev_1,mean_2,stdev_2
19d0d87b-20dd-4ac5-acad-6561d3079fe6,316938.3333333333,124966.63917791109,290842.13333333336,117478.07813537904
