id,mean_1,stdev_1,mean_2,stdev_2
70d88495-d01b-4ade-aec3-f8e6c5909ae3,317011.4,123978.52005397281,312153.2,123466.43947092126
