id,mean_1,stdev_1,mean_2,stdev_2
a550d654-0f23-4685-9977-3a160587639c,300940.6666666667,107305.72236599913,313850.0,119316.46705295963
