id,mean_1,stdev_1,mean_2,stdev_2
7bf8482b-1434-41e9-bbfc-aa42fb71fe49,335425.0,122232.75653822641,301332.6,119548.94517633074
