id,mean_1,stdev_1,mean_2,stdev_2
19e5a44d-2508-4a6b-a1c2-824903e24f53,302945.4666666667,120250.6126187398,331152.06666666665,122741.36600373252
