id,mean_1,stdev_1,mean_2,stdev_2
c4119e51-74d3-4b4c-9054-5cd9a9f59f57,328140.8,122687.28157294873,316157.26666666666,127942.06410792175
