id,mean_1,stdev_1,mean_2,stdev_2
51b071bc-31e6-4f0b-b84f-ccf08fcc339d,267381.26666666666,108984.66410369652,300224.3333333333,117432.19969762223
