id,mean_1,stdev_1,mean_2,stdev_2
7f706a74-3f5e-4d03-8734-251f5c1cac99,339186.13333333336,131767.14803210835,354971.06666666665,134865.35776962477
