id,mean_1,stdev_1,mean_2,stdev_2
f4d250e9-7d4f-47e9-9584-f3dcef4cc8af,323028.3333333333,120887.40022443292,328317.5333333333,130077.48698570231
