id,mean_1,stdev_1,mean_2,stdev_2
16004469-0b55-44c6-9ff5-d062d128b2d7,328140.2,125183.36699695104,327624.2,135452.6815259115
