id,mean_1,stdev_1,mean_2,stdev_2
e572088c-5405-48cc-a06e-780891ee2616,154405.66666666666,85142.6857588027,147350.33333333334,73650.7606475015
