id,mean_1,stdev_1,mean_2,stdev_2
d9333fd6-73b5-4290-8833-17f25df4e623,408327.5333333333,155461.9968047354,338695.86666666664,128801.61923509435
