id,mean_1,stdev_1,mean_2,stdev_2
8b374245-7509-46af-ad7b-084ae2b2544c,321280.73333333334,116936.22968294396,331061.0,123843.26637649703
