id,mean_1,stdev_1,mean_2,stdev_2
381d002d-0500-4548-a15a-ee51cee9dd7d,297901.5333333333,118521.29792734394,321948.6,123867.91457774688
