id,mean_1,stdev_1,mean_2,stdev_2
f380da50-bb32-48f9-99cc-8a97192be101,297280.5333333333,116880.93111245973,332701.6666666667,136689.44070637724
