id,mean_1,stdev_1,mean_2,stdev_2
4ee3807b-4a20-4d00-8a81-c817ceb0c7ff,373838.6,144019.8908168822,377018.73333333334,143632.99602503906
