id,mean_1,stdev_1,mean_2,stdev_2
d642306f-97e2-44cf-a7b6-8693f0a97fbc,290636.93333333335,108769.73352023173,285726.73333333334,112342.26131275008
