id,mean_1,stdev_1,mean_2,stdev_2
ae3e49b3-3406-4ea4-bc09-a0d97a0a22dd,395323.8,154268.90243260303,382428.13333333336,147110.35585023314
