id,mean_1,stdev_1,mean_2,stdev_2
fedbdcd0-2f0c-4896-81e1-2825ff689972,319897.4,133785.97565355396,356216.93333333335,152566.11295368164
