id,mean_1,stdev_1,mean_2,stdev_2
e8d5ba01-8386-4eae-8ff1-77d915b6bb2d,355778.3333333333,128647.85057754452,346757.93333333335,132683.59401195345
