id,mean_1,stdev_1,mean_2,stdev_2
a0c477cd-3f1d-44ac-b1dd-cd81ce7717a7,326067.93333333335,125776.20219446214,364482.6666666667,144767.63043565906
