id,mean_1,stdev_1,mean_2,stdev_2
4075592f-e4f2-454d-85a8-adb2fc4dbf75,358216.13333333336,124782.3547300748,366493.2,142849.2642058754
