id,mean_1,stdev_1,mean_2,stdev_2
ce6cd44c-55a0-4b44-bc54-5c9fcbeccc30,325563.6666666667,122078.99244596601,323111.3333333333,123894.99981713908
