id,mean_1,stdev_1,mean_2,stdev_2
e275dad6-ea7d-46b6-a835-ba40fd098e98,315625.26666666666,118368.19126632893,324507.73333333334,119348.4340204298
