id,mean_1,stdev_1,mean_2,stdev_2
f1756f98-1d27-4ee3-997b-11e04b1065be,245749.73333333334,103253.9710851947,254845.6,109580.54732953291
