id,mean_1,stdev_1,mean_2,stdev_2
acda423a-5806-40fe-aea0-963821f38c5b,296269.4666666667,112588.60571293271,314304.0,124377.64301727756
