id,mean_1,stdev_1,mean_2,stdev_2
752e9f0a-39ed-421f-bc90-5fac6accd1bd,276490.8,113909.13380772706,285603.93333333335,110492.81906649964
