id,mean_1,stdev_1,mean_2,stdev_2
82df62f4-ef17-47ca-a6ea-78539a985d14,376483.26666666666,141439.4276456494,76662.46666666666,78630.99757039557
