id,mean_1,stdev_1,mean_2,stdev_2
8985c60e-9df0-43b5-a542-c1e3cc96c58b,392196.73333333334,154121.52410418072,374629.26666666666,146269.62979487193
