id,mean_1,stdev_1,mean_2,stdev_2
13452ac5-c6c3-40ed-8eb4-63f32538b759,269773.6666666667,105763.47190573669,380727.2,155351.90761287743
