id,mean_1,stdev_1,mean_2,stdev_2
43098106-507e-44e1-8fb2-37d8e571104b,359502.2,150626.20568112753,318070.86666666664,130423.07379849967
