id,mean_1,stdev_1,mean_2,stdev_2
d29e5d64-7af3-4794-a574-353db9944cae,317616.8,115343.37688958709,312281.13333333336,111632.13932965524
