id,mean_1,stdev_1,mean_2,stdev_2
8e92e627-2ea2-4cfe-9949-6e3114bab5b3,385272.93333333335,154361.42258628682,372405.13333333336,145855.00624563955
