id,mean_1,stdev_1,mean_2,stdev_2
99f33a44-f97c-43ff-9c57-8b33fc161884,297881.86666666664,128299.29273739412,286081.73333333334,128619.31974601983
