id,mean_1,stdev_1,mean_2,stdev_2
ca61bd79-5e93-43ca-8bee-b9d33b162cb7,322618.06666666665,127352.11947220283,329922.26666666666,134987.40805643896
