id,mean_1,stdev_1,mean_2,stdev_2
907f0324-7dcd-47f5-b2c4-02c665141fc2,313509.06666666665,123159.29164972583,312716.73333333334,122738.13475768463
