id,mean_1,stdev_1,mean_2,stdev_2
07de0424-bdce-4d2c-9cd3-15691a525c1b,319222.93333333335,117436.70196122205,349321.8,139316.47373430035
