id,mean_1,stdev_1,mean_2,stdev_2
25a4d728-e479-49d3-a03e-24f07c96ed3a,245885.33333333334,108225.34141544157,209800.53333333333,107168.31048953894
