id,mean_1,stdev_1,mean_2,stdev_2
7b31c430-bfff-43d1-9f01-9ea7a4853c0b,388234.13333333336,135453.07877286838,364430.73333333334,142349.00993519023
