id,mean_1,stdev_1,mean_2,stdev_2
ece394d8-a27d-413e-a04d-50846a9cdcea,291270.5333333333,114262.84513632981,296601.5333333333,115184.57263763908
