id,mean_1,stdev_1,mean_2,stdev_2
c1b90727-f3b0-4794-8141-a1f9e245a03f,281404.4,112198.82953507136,301637.4666666667,130552.07603142722
