id,mean_1,stdev_1,mean_2,stdev_2
7b4a471d-606d-4b4d-916b-187617dc0cd0,344952.13333333336,148539.59444128769,312067.6,126655.71116682157
