id,mean_1,stdev_1,mean_2,stdev_2
fa00bf34-9711-461b-9e57-5ed5d27010a7,321691.4,119724.31963128182,299852.26666666666,111420.11780970656
