id,mean_1,stdev_1,mean_2,stdev_2
84508e89-f30c-4a76-adf1-b054cba8b060,323480.26666666666,130876.85644017518,334823.06666666665,126891.25582611628
