id,mean_1,stdev_1,mean_2,stdev_2
2284a21f-bb74-48cb-86c4-6874f0fe8248,329151.6,128907.33637917328,334641.73333333334,141010.57897971896
