id,mean_1,stdev_1,mean_2,stdev_2
bb12154b-3b5f-4862-9f05-aa8afb724f79,293244.86666666664,102263.22184302405,248774.2,86970.65076005046
