id,mean_1,stdev_1,mean_2,stdev_2
99a51457-dd34-4009-acd2-5d162711a4d3,324831.8,124816.47542115585,325349.2,123069.81495785229
