id,mean_1,stdev_1,mean_2,stdev_2
77671c8f-b9b0-41c4-bc02-df525e4d24a9,364720.3333333333,133844.46079718389,397565.13333333336,143864.4685778327
