id,mean_1,stdev_1,mean_2,stdev_2
1539c659-3352-43a6-8729-b43f676c0b1c,278622.8,105080.67807940081,300979.4,129045.31972078647
