id,mean_1,stdev_1,mean_2,stdev_2
58515f9f-0479-433a-9038-a7d06bf5689f,291355.4,116631.64728483144,291287.13333333336,118777.42480054403
