id,mean_1,stdev_1,mean_2,stdev_2
3f42de65-cf58-4832-aa80-d75eb19a7aa3,324844.6,126170.53951737969,320226.4,126036.0525970248
