id,mean_1,stdev_1,mean_2,stdev_2
2331080f-99fc-4ddf-99f6-250858296f51,320843.4,121346.38442782985,310241.13333333336,117710.52516455593
