id,mean_1,stdev_1,mean_2,stdev_2
8052e375-b9bd-4803-ba3c-5a39691e9082,304477.4666666667,118008.54233309647,298595.2,118510.7743209874
