id,mean_1,stdev_1,mean_2,stdev_2
9c99ec71-c23b-4567-a9cc-e1b90f963246,334339.3333333333,141085.03807688312,301702.4666666667,128339.39042131824
