id,mean_1,stdev_1,mean_2,stdev_2
a0380dfc-15ab-4fda-92fc-fe89902e1d41,380423.26666666666,135301.14484929125,145779.66666666666,68327.92385515277
