id,mean_1,stdev_1,mean_2,stdev_2
7707b1c6-d697-46cd-be36-1116c06226c8,286784.26666666666,115629.30498189271,288764.06666666665,116772.38286482335
