id,mean_1,stdev_1,mean_2,stdev_2
9b76bc76-5ef2-49fb-8802-0bf8a3b93945,354481.5333333333,133432.61680956755,228129.93333333332,89216.76065139828
