id,mean_1,stdev_1,mean_2,stdev_2
df434737-1d23-4673-af07-f6c126e1e4fd,255049.06666666668,120685.0939812462,306145.3333333333,130837.3469121956
