id,mean_1,stdev_1,mean_2,stdev_2
4241f946-0327-4dfc-b2d1-0a042b52b834,299277.06666666665,123764.41063055603,295526.0,120345.89364494328
