id,mean_1,stdev_1,mean_2,stdev_2
79a63358-3c4f-4d51-8450-5dcaec7c65ca,260788.0,120581.16978035998,282399.6,116430.34987081331
