id,mean_1,stdev_1,mean_2,stdev_2
da6be200-e955-4d6c-8e3d-1ce659dc43df,336285.06666666665,126178.03977368206,360891.13333333336,144043.10848347525
