id,mean_1,stdev_1,mean_2,stdev_2
e4e8c671-8a2b-4382-a2f1-89c7696bd33e,315074.3333333333,119701.42990104819,314696.5333333333,120446.6009831005
