id,mean_1,stdev_1,mean_2,stdev_2
30726d5e-88da-429d-925c-f32f03a49f83,361648.93333333335,146057.39011154333,355959.5333333333,140820.88608719312
