id,mean_1,stdev_1,mean_2,stdev_2
d872634f-0d60-4f68-8897-bf3598a45e67,360494.8,137720.35133956542,366673.6,144237.87680254682
