id,mean_1,stdev_1,mean_2,stdev_2
a728f454-f015-4b8f-a62f-2289ce455a3a,330044.73333333334,127313.48667886245,316799.6666666667,122746.1861825269
