id,mean_1,stdev_1,mean_2,stdev_2
72f1a373-3d5f-480f-b518-b0f545f4f981,278320.86666666664,106465.79727146596,296133.6666666667,114259.55508091605
