id,mean_1,stdev_1,mean_2,stdev_2
ac82d3ef-732e-496c-8c5f-390fd5056ac7,296299.26666666666,117924.4419433996,294201.6666666667,124143.22541197683
