id,mean_1,stdev_1,mean_2,stdev_2
9009f109-fa64-456a-897e-d6e5dcb4645c,347791.5333333333,139683.8005371974,376836.6,149139.99512440208
