id,mean_1,stdev_1,mean_2,stdev_2
3d673c07-b0d0-48c6-8102-f9c7bf1a8390,321191.86666666664,133123.27693826583,325007.4666666667,136576.4123279793
