id,mean_1,stdev_1,mean_2,stdev_2
e6ba8bc6-f30c-430c-8b3e-9e52e2e46dc1,332935.3333333333,133641.27278834517,325378.8,135026.78473409143
