id,mean_1,stdev_1,mean_2,stdev_2
ab65998b-fd7d-4301-8c85-aa45e685004e,325425.26666666666,128859.65694168553,329558.5333333333,133586.0937587276
