id,mean_1,stdev_1,mean_2,stdev_2
a69a1526-068d-4b54-a9b2-32e05e4c5fdc,351189.8,137857.88752441166,334595.5333333333,129098.41433514544
