id,mean_1,stdev_1,mean_2,stdev_2
2f3d8000-53ce-4b5c-bb6f-b7d19f6fde56,326400.3333333333,123130.00601351765,317285.2,117584.73514602141
