id,mean_1,stdev_1,mean_2,stdev_2
727e5cb4-9bb3-4306-aeca-e130945e9ff1,268102.73333333334,116096.7590368578,255984.0,106498.79791058677
