id,mean_1,stdev_1,mean_2,stdev_2
a1629190-f0a6-4e9d-b079-d671bd1eaf26,303985.26666666666,128545.3084342724,313879.6666666667,131651.782837234
