id,mean_1,stdev_1,mean_2,stdev_2
e645fca5-b27d-4137-a085-82d8b9aac362,297926.5333333333,113107.19883948834,318614.73333333334,119584.89546898841
