id,mean_1,stdev_1,mean_2,stdev_2
9d717318-efa6-4f6a-a2b8-58f2b70e16cf,292265.4666666667,120033.02216743896,326286.8,133451.29160119308
