id,mean_1,stdev_1,mean_2,stdev_2
794c70c2-75f3-4e50-b4bc-8a661f11212f,292289.8,119459.44813377746,281847.86666666664,108365.5066792422
