id,mean_1,stdev_1,mean_2,stdev_2
42e9164a-1b44-436d-a4ea-55bcbcb5ff35,343260.26666666666,131938.164032735,322050.4,123735.53873903812
