id,mean_1,stdev_1,mean_2,stdev_2
6425aa38-20c0-4b48-b0e0-83763073600c,314144.8,125772.75827099179,313655.8,121866.28880331646
