id,mean_1,stdev_1,mean_2,stdev_2
034e20f3-50de-4d11-ae56-3c971142c356,103625.0,70315.97161764413,340853.3333333333,142087.6486040297
