id,mean_1,stdev_1,mean_2,stdev_2
03bb78c1-424b-4b85-a0f3-7e45d6b37b17,316358.2,132621.6640312836,331292.2,139209.32027715194
