id,mean_1,stdev_1,mean_2,stdev_2
6ba175c6-f01e-4821-913c-6903f6284e23,358417.06666666665,143463.3382614837,336248.0,136591.63415914853
