id,mean_1,stdev_1,mean_2,stdev_2
a7418dac-9c1a-4dd7-ae6b-9bb7cf134731,356333.0,139425.15155499504,306203.4666666667,117317.90034822289
