id,mean_1,stdev_1,mean_2,stdev_2
e870b5a6-c6e7-48f6-be68-9aeeb4c866c1,342121.73333333334,121291.75576790956,350392.4,125024.4506090975
