id,mean_1,stdev_1,mean_2,stdev_2
0ecf0cb1-a826-4d4a-9113-f3194368f7b8,329189.13333333336,120139.030289004,325255.5333333333,121115.6956439402
