id,mean_1,stdev_1,mean_2,stdev_2
b0474da0-d444-4763-93c8-423927370dd5,329055.06666666665,131292.99431397277,362566.06666666665,145102.1107599595
