id,mean_1,stdev_1,mean_2,stdev_2
342bc2be-2e6a-4e5c-935a-4fee76cec754,307261.2,117390.31634349856,325798.8,129329.46761209011
