id,mean_1,stdev_1,mean_2,stdev_2
26c7f6ab-bd18-4e66-916f-81c3af37aa69,329760.86666666664,123649.6419274323,345204.0,130887.94630471771
