id,mean_1,stdev_1,mean_2,stdev_2
49a1d67f-a180-4bce-b25d-20bb56fb4019,141866.0,60761.08519548785,341099.6666666667,129718.18664611202
