id,mean_1,stdev_1,mean_2,stdev_2
0a92cdc3-ca1c-4c9d-903c-0fb29cf29940,439740.06666666665,165384.1801997062,367008.5333333333,141864.0689664425
