id,mean_1,stdev_1,mean_2,stdev_2
9d6d9d6e-d168-46aa-a814-adf230034ce7,22393.2,33552.818278449675,308652.86666666664,119395.99368424759
