id,mean_1,stdev_1,mean_2,stdev_2
8a3ec427-ec2a-4173-95b3-c58f7cf10c14,331639.86666666664,123189.66432503807,297349.8,112263.99238948645
