id,mean_1,stdev_1,mean_2,stdev_2
1012020c-5e52-456a-aaf0-2741e1e177c8,343840.06666666665,128454.05714857312,333039.3333333333,128278.54863001149
