id,mean_1,stdev_1,mean_2,stdev_2
a14cdb54-4c1b-4dd2-a948-70a27ce22abf,277483.6,113467.74264480047,285300.5333333333,120898.77298625583
