id,mean_1,stdev_1,mean_2,stdev_2
af6668af-fabd-494f-98c6-e281ff8aef77,279481.5333333333,116056.65023017373,279719.5333333333,115491.684211962
