id,mean_1,stdev_1,mean_2,stdev_2
e22f6894-6f64-4132-bc40-49eea83dfce0,311510.73333333334,129506.54728132044,299211.0,116924.80373698873
