id,mean_1,stdev_1,mean_2,stdev_2
2b9e5022-0037-41ec-9622-4944757b759f,274843.8,119185.57067989955,261748.46666666667,110749.04384710907
