id,mean_1,stdev_1,mean_2,stdev_2
d596d873-de59-42f9-8e32-c13b5a248f8c,370924.86666666664,134456.11405454527,158512.2,101425.38948948302
