id,mean_1,stdev_1,mean_2,stdev_2
292e8256-ec92-4b8b-8ae6-2ac1beb1f877,382482.8,134738.62844000355,372053.5333333333,140475.1744629001
