id,mean_1,stdev_1,mean_2,stdev_2
ea0da359-74a2-4d4f-873b-47898e979dd1,325691.6,133655.30814738834,309972.86666666664,123594.50029936158
