id,mean_1,stdev_1,mean_2,stdev_2
3e09ccfe-615c-4510-addf-dff8ff022e22,318373.6666666667,124799.8527999488,294721.86666666664,113176.1598322819
