id,mean_1,stdev_1,mean_2,stdev_2
d8f126a7-2ce7-46ce-a940-87dbef104b6e,68888.0,70567.16507649526,303826.6666666667,117375.58583264051
