id,mean_1,stdev_1,mean_2,stdev_2
bd131e0b-7ab8-479d-a3f7-63c1fe6eda23,426832.6666666667,162527.9334258849,368253.0,139533.9975752624
