id,mean_1,stdev_1,mean_2,stdev_2
14d6ed65-d53e-48e7-b064-20f34b82568b,347988.73333333334,137368.88205677763,295821.5333333333,115386.22890961566
