id,mean_1,stdev_1,mean_2,stdev_2
5bebdd78-0643-441f-9d04-a0be54b35491,353558.6,135677.12515173663,398299.8,144004.15264484563
