id,mean_1,stdev_1,mean_2,stdev_2
8963b7a0-e3f7-4f8c-a7d0-36f82e772bb3,402818.26666666666,158555.6149210603,320514.8,119300.15071082965
