id,mean_1,stdev_1,mean_2,stdev_2
fc1bcfe2-c586-4324-af35-7e228a284563,324675.8,130227.43346171985,351776.5333333333,131984.53929955416
