id,mean_1,stdev_1,mean_2,stdev_2
43b5a3bc-f7ab-4bef-83d5-3ba62d174f87,399370.06666666665,155517.49192313454,331286.4,133450.2655028207
