id,mean_1,stdev_1,mean_2,stdev_2
87ebf744-f1cf-49bb-aac3-5141c5cc1f68,346176.13333333336,137130.754302535,372181.4666666667,139428.69301061705
