id,mean_1,stdev_1,mean_2,stdev_2
9520a810-9dba-4351-917c-5abd0ffd131b,357870.8,130623.53771261901,306143.2,115323.25899268253
