id,mean_1,stdev_1,mean_2,stdev_2
39188857-33f7-449c-b98e-9794755a7d18,315189.73333333334,129855.34350831399,327708.93333333335,131324.84044153854
