id,mean_1,stdev_1,mean_2,stdev_2
7f9d1c9f-912e-4a30-ab72-aee88f87ea8a,337180.13333333336,129986.94809396143,350078.8,132416.50443012506
