id,mean_1,stdev_1,mean_2,stdev_2
2b2ce40c-ba89-46b8-93a7-fcce2708175a,279894.93333333335,116397.83464965699,291253.6666666667,120225.89347095278
