id,mean_1,stdev_1,mean_2,stdev_2
019029d8-ad1e-47c3-81cd-46b860bea4e8,288725.26666666666,117962.00763662098,316691.06666666665,126097.11604551294
