id,mean_1,stdev_1,mean_2,stdev_2
3e311033-68e8-466f-aa7c-b59bcdce95be,362502.2,133541.943170526,326119.06666666665,122382.17464019105
