id,mean_1,stdev_1,mean_2,stdev_2
0ae233b8-8f4c-44e4-aa4f-6f62e5f18d7f,303231.6666666667,115185.82893664579,360022.4,135792.3607266133
