id,mean_1,stdev_1,mean_2,stdev_2
521e2556-505c-4031-aa59-b20d6cc43bfc,323195.4,125123.12302304478,308168.73333333334,122270.33945236087
