id,mean_1,stdev_1,mean_2,stdev_2
8009c7e1-5c77-4da9-a9c2-de9e2393fdc4,320670.6,129653.62353429747,321134.93333333335,130268.15215468268
