id,mean_1,stdev_1,mean_2,stdev_2
1b79edf6-6360-4672-9f68-040a298b912e,380933.73333333334,145344.2374009449,367809.4,139731.71368342504
