id,mean_1,stdev_1,mean_2,stdev_2
f52c5ed1-4697-4512-8024-8792a3aa8652,366133.3333333333,142681.61227416637,374135.2,130476.15906118634
