id,mean_1,stdev_1,mean_2,stdev_2
729620d4-f4a7-450d-a152-d3a7954a4121,158972.0,66840.524989959,302741.0,119833.71536703127
