id,mean_1,stdev_1,mean_2,stdev_2
dc09d5a3-398f-4991-8c8e-6367d3fcd2d9,337519.6,127243.89575132211,338594.2,136329.20757646422
