id,mean_1,stdev_1,mean_2,stdev_2
2b45049a-7e74-4f7e-9a7e-b2318b4c90ec,363956.5333333333,143014.05274627928,362851.4,143023.70195171615
