id,mean_1,stdev_1,mean_2,stdev_2
35b374a7-4eaf-4af4-867d-0f6eaa9e4511,385378.3333333333,144222.22362343775,418298.93333333335,148728.68727786027
