id,mean_1,stdev_1,mean_2,stdev_2
24b72d14-ccd3-4511-adc0-83ef77a23d8d,328952.0,132873.1785134482,301586.73333333334,114360.0674410823
