id,mean_1,stdev_1,mean_2,stdev_2
d3b1bbeb-917b-4907-9404-0d5864b19883,315051.13333333336,122431.07618349553,324492.4666666667,134403.91810750493
