id,mean_1,stdev_1,mean_2,stdev_2
bea28954-bde5-4e65-9633-2b0abd847d25,309837.6666666667,125792.89019106851,334918.13333333336,129199.72704247052
