id,mean_1,stdev_1,mean_2,stdev_2
d1a87eca-c31d-4128-a447-b47721ac36f4,314070.4,126571.01434414857,333623.6,129789.66437011334
