id,mean_1,stdev_1,mean_2,stdev_2
f746eb5c-e93f-407a-9a63-28a81d5d2505,284486.86666666664,113947.27787409209,267257.3333333333,113465.75331829816
