id,mean_1,stdev_1,mean_2,stdev_2
fe449404-dfe4-4694-ad52-8b224276060c,352533.4,136686.84531185386,333897.2,125279.4193399698
