id,mean_1,stdev_1,mean_2,stdev_2
c0050d36-e42b-46b8-818a-2e939f0d995d,282255.8,107091.80739483918,220042.4,81338.43786041955
