id,mean_1,stdev_1,mean_2,stdev_2
bf121ab3-e0f8-4bf0-b474-32b88e90aea2,319785.73333333334,124309.69142238625,314394.0,121828.42079197557
