id,mean_1,stdev_1,mean_2,stdev_2
2714fb2c-ec4d-4d51-bac6-7bac70bd9610,313040.13333333336,122889.71051196904,319939.8,133945.27861441526
