id,mean_1,stdev_1,mean_2,stdev_2
bd99014b-c3e1-43d9-84e4-a1be97f5e122,322577.6,130453.06779466705,338367.2,136835.06062029573
