id,mean_1,stdev_1,mean_2,stdev_2
3865f183-9f30-4102-b4e1-897bf6278c7a,316274.2,119310.96669638825,320088.86666666664,119920.46993396175
