id,mean_1,stdev_1,mean_2,stdev_2
c868515f-f7a2-49b1-b261-1904fd29d998,332586.8,123517.98308165497,328663.2,119900.77034681638
