id,mean_1,stdev_1,mean_2,stdev_2
3245abae-ba6c-4d96-9794-ffbaf3488c3f,331276.13333333336,133085.64100801994,307482.5333333333,118959.17323623635
