id,mean_1,stdev_1,mean_2,stdev_2
d7909808-0286-4535-9879-db34c07b23e3,304482.3333333333,121901.56903866697,316704.0,127296.20770470737
