id,mean_1,stdev_1,mean_2,stdev_2
cc4a39a9-9830-4523-ba11-0368f166b159,306638.73333333334,124285.97544934649,287540.06666666665,117836.01750085677
