id,mean_1,stdev_1,mean_2,stdev_2
2e3b386b-e483-41bf-b9a8-8e7b55627043,349465.06666666665,140330.05688802223,356200.3333333333,143387.99953444113
