id,mean_1,stdev_1,mean_2,stdev_2
bcef3466-bc96-4fcb-bfcb-1ad0b40bbe18,302970.0,129515.15193778166,326567.6666666667,134574.9309238372
