id,mean_1,stdev_1,mean_2,stdev_2
f6b3c6fd-455e-4e89-8be1-4d177b112e6e,400389.86666666664,160066.61493218655,367703.5333333333,145759.44902698035
