id,mean_1,stdev_1,mean_2,stdev_2
56737d2d-31e1-41d6-b170-3abc542cfc35,287450.0,117773.09085978285,180898.8,66436.72595304498
