id,mean_1,stdev_1,mean_2,stdev_2
997bfcb6-d99c-48b9-826a-36f35dd62380,322065.3333333333,117276.78309234479,353695.06666666665,135579.32617154022
