id,mean_1,stdev_1,mean_2,stdev_2
7708b3db-e4b6-4691-a03a-2c3d8080c943,359155.13333333336,140529.21168111474,321799.4666666667,125750.77212426526
