id,mean_1,stdev_1,mean_2,stdev_2
73bc1062-ac8b-49d4-89c4-9fbcbf5589cd,348593.4666666667,139538.59058810776,327236.6,127386.91109728137
