id,mean_1,stdev_1,mean_2,stdev_2
39cac3c1-8a3c-465b-8b80-458949df63ed,370465.5333333333,146030.26588296308,411429.0,163950.14559961006
