id,mean_1,stdev_1,mean_2,stdev_2
714ad418-fa9a-4abc-85dd-1003b1839bba,357192.6666666667,145361.4114674944,372966.6666666667,155195.72408399518
