id,mean_1,stdev_1,mean_2,stdev_2
da817a7e-2304-4739-bd40-799125aebd3c,338871.6,124381.1522505453,293667.06666666665,118386.99377970351
