id,mean_1,stdev_1,mean_2,stdev_2
34fb1452-24a6-4c48-9b0e-b909c7567df4,316722.2,123812.26254465536,322704.4666666667,129028.97393834541
