id,mean_1,stdev_1,mean_2,stdev_2
de93fb02-1499-4578-939a-6a467b36bba4,321764.73333333334,125203.13416282978,325733.8,127417.11757802927
