id,mean_1,stdev_1,mean_2,stdev_2
51916991-55b4-4f57-8c4b-d15cab349b5e,349593.93333333335,136319.42086852074,350220.2,136520.81695194572
