id,mean_1,stdev_1,mean_2,stdev_2
9104d976-c0cf-4a8c-b498-62c1242ebdd2,293677.8,118582.98197026418,292632.86666666664,119879.96518065708
