id,mean_1,stdev_1,mean_2,stdev_2
979c0e7d-4538-4c87-82db-f7c0a05d839f,325901.3333333333,123120.01585426943,348708.8,139485.75088192103
