id,mean_1,stdev_1,mean_2,stdev_2
0d7d762d-0ba9-42a6-8e91-43d9aa745beb,313869.3333333333,130304.49493841552,327954.8,135096.71781021677
