id,mean_1,stdev_1,mean_2,stdev_2
678aad09-af6b-4bf0-afee-240e25e7fdf7,330591.4666666667,128070.04193220034,316408.93333333335,116743.47378388606
