id,mean_1,stdev_1,mean_2,stdev_2
d7dd770b-5f6c-416f-8989-9a0849367463,267598.73333333334,108202.50150926372,272230.4,111727.54008437967
