id,mean_1,stdev_1,mean_2,stdev_2
19a46b02-e197-4140-9f9a-7e86fa3128a5,316034.26666666666,128702.10467559918,295424.6,118231.78507423458
