id,mean_1,stdev_1,mean_2,stdev_2
1bdaf43b-cefd-4dcd-8e6e-d6e4ce237687,300393.06666666665,109698.99339280902,329286.0,122768.27899692439
