id,mean_1,stdev_1,mean_2,stdev_2
c48f11dc-e0b8-4813-8a74-b1a3c3cfaeb9,289170.13333333336,110525.30291649158,296674.6,113830.64702958221
