id,mean_1,stdev_1,mean_2,stdev_2
1939b550-8e54-4459-b4a8-7cb244ea0ac0,283595.6,117420.43401146156,280623.5333333333,115042.49728737446
