id,mean_1,stdev_1,mean_2,stdev_2
f9d43dd9-fd9e-4cb2-90b1-acb9b6fb867a,297181.0,119625.55891391549,310092.2,124566.6705595575
