id,mean_1,stdev_1,mean_2,stdev_2
534f49c1-678f-4900-9347-e8cdecec7c91,290877.6,120217.27638449753,323323.5333333333,133024.43817026837
