id,mean_1,stdev_1,mean_2,stdev_2
4923749c-34ad-48df-a8af-b4933295bb7c,315309.2,120234.52306066951,313110.93333333335,117576.10523711392
