id,mean_1,stdev_1,mean_2,stdev_2
344bf710-1aa9-46cf-984b-2989d9e66544,343200.4,129051.56367116724,355960.6666666667,128700.51936422876
