id,mean_1,stdev_1,mean_2,stdev_2
97935a70-6184-4438-80a2-4fbeecfd7552,277796.86666666664,115065.81251606501,314212.4666666667,121847.84906369454
