id,mean_1,stdev_1,mean_2,stdev_2
bda0604a-7f67-44e1-988f-3039ec09d5ee,328414.13333333336,128336.11384530683,297273.73333333334,120455.86594238112
