id,mean_1,stdev_1,mean_2,stdev_2
02a10f66-4484-462a-a494-9f648cdbe931,347928.86666666664,133949.79856093685,348952.3333333333,129106.96717201422
