id,mean_1,stdev_1,mean_2,stdev_2
a9285c42-9d76-4faa-b9b7-45f199fd46f1,317135.06666666665,121133.59105079903,315783.06666666665,124501.5440260169
