id,mean_1,stdev_1,mean_2,stdev_2
cc8b656d-6f0d-429e-abb1-28a2fec205fb,311398.06666666665,117405.06191271689,251456.86666666667,99725.32475746679
