id,mean_1,stdev_1,mean_2,stdev_2
9f9a9d7a-8cdf-41b3-8292-b23dedd94a40,334393.5333333333,132933.08925514203,335549.4666666667,130128.59840525278
