id,mean_1,stdev_1,mean_2,stdev_2
a568f7c9-4fdc-41ae-8049-5d3bbf63cb70,302542.5333333333,128953.36140577681,288608.6,119551.93547676258
