id,mean_1,stdev_1,mean_2,stdev_2
33413cea-7265-4075-a561-650010345b02,319994.26666666666,128201.255891127,314535.06666666665,124383.60220568553
