id,mean_1,stdev_1,mean_2,stdev_2
c8cafea6-cd4d-4a48-8957-f561ff43de7a,343874.3333333333,126794.10239158952,309284.8,118249.29362844696
