id,mean_1,stdev_1,mean_2,stdev_2
92b525a9-819b-44e9-a6b2-ca3ade746ae8,329060.6,128500.34767517168,313569.6666666667,120856.248254785
