id,mean_1,stdev_1,mean_2,stdev_2
71363a73-6fd4-4ce2-a8ac-6432c1530b55,388895.0,143207.59163861856,403722.06666666665,149776.8411797884
