id,mean_1,stdev_1,mean_2,stdev_2
8e289405-f0c1-49b9-98a8-50d264fe5da8,309941.86666666664,116407.26688648875,301635.5333333333,123137.06884274216
