id,mean_1,stdev_1,mean_2,stdev_2
f0d9f918-2afe-4234-9290-c4aaba741b62,294126.73333333334,112776.34874710604,319824.06666666665,120314.12813213399
