id,mean_1,stdev_1,mean_2,stdev_2
62c48a4d-2347-42f2-b3c6-f6a51352640a,247450.53333333333,98497.60548687915,248910.4,97290.24500863382
