id,mean_1,stdev_1,mean_2,stdev_2
55bf77be-2b70-45b0-a01e-eb655cf8affe,341613.5333333333,136587.40731066276,170667.6,73972.57333165222
