id,mean_1,stdev_1,mean_2,stdev_2
36465e74-5869-4640-b32c-3608848e962f,190781.33333333334,89977.583125033,194436.4,83359.33654870342
