id,mean_1,stdev_1,mean_2,stdev_2
0c0ca312-d551-4968-8ec9-5072ad8ab1a7,176474.73333333334,88737.19733870846,375662.86666666664,141426.6301278354
