id,mean_1,stdev_1,mean_2,stdev_2
20c96cea-90e8-4f19-829b-a5a082847ddf,329649.26666666666,129766.112797585,318550.0,126202.89745062643
