id,mean_1,stdev_1,mean_2,stdev_2
e65e2c48-88b8-4284-9b99-1470d49d7023,298557.86666666664,113582.98199693278,290022.6,121067.49429790529
