id,mean_1,stdev_1,mean_2,stdev_2
e3ede777-cac0-4782-b752-7a4a2ea09aef,314564.4,127676.81037150013,346116.6,134529.32836017577
