id,mean_1,stdev_1,mean_2,stdev_2
36702156-d904-4543-9d32-109ac227b9dd,274132.13333333336,109351.1235490925,269156.6,110868.21491169896
