id,mean_1,stdev_1,mean_2,stdev_2
fad488da-6ef4-458e-ace3-b6c0827ecbe6,344725.6666666667,131924.14450416405,336260.4,142082.39039364917
