id,mean_1,stdev_1,mean_2,stdev_2
85240375-d31e-4d02-8c9b-d53d4ca88548,309829.6,120751.64821942046,280034.73333333334,119861.64336960435
