id,mean_1,stdev_1,mean_2,stdev_2
3908d222-4d96-4f03-96db-968dc7d119b3,349542.13333333336,128878.52464387626,353583.0,134878.12027159927
