id,mean_1,stdev_1,mean_2,stdev_2
b323ca41-9e28-417d-83ab-e138da05efda,300100.0,128624.39797176895,310417.26666666666,126762.91364825738
