id,mean_1,stdev_1,mean_2,stdev_2
2c216bbc-4632-4e4c-85cd-df39d67936bf,330298.93333333335,122238.76702446824,302248.4666666667,109306.76240920422
