id,mean_1,stdev_1,mean_2,stdev_2
70911281-65d5-49ec-b2f3-bbe4bc22b5a9,319692.2,120227.47243854043,315295.0,114349.91094122753
