id,mean_1,stdev_1,mean_2,stdev_2
0a2683df-08b2-497f-b724-31adaed2044a,316749.93333333335,118954.80372391675,347795.4,130928.1423004237
