id,mean_1,stdev_1,mean_2,stdev_2
b8942666-b171-4af0-a329-195a009512f1,347732.4,139273.63733446947,365421.2,144458.78380502402
