id,mean_1,stdev_1,mean_2,stdev_2
8b3c72ab-8c4b-40a3-805a-9c648a15eac0,305710.13333333336,124579.42548477079,298003.93333333335,120983.58303972027
