id,mean_1,stdev_1,mean_2,stdev_2
908740f2-8f07-47aa-8231-a03d688ac100,329069.5333333333,119451.39624626504,331529.26666666666,122664.30952670066
