id,mean_1,stdev_1,mean_2,stdev_2
d769d42f-9aa7-4b5f-9ab6-588d8d1c8069,390400.26666666666,147456.93373794114,363271.6,128960.83053330574
