id,mean_1,stdev_1,mean_2,stdev_2
d2f00109-5bd9-4a6d-adc4-2ea91dbd6465,281478.13333333336,117568.29156472799,303910.0,128689.54238683629
