id,mean_1,stdev_1,mean_2,stdev_2
f7297fd7-f015-4c4c-b6d8-20ef751e5169,291076.6,114663.92093813409,310288.6,116481.33378345791
