id,mean_1,stdev_1,mean_2,stdev_2
4983bc95-ef1a-4ca8-9901-e317d1cd2bab,266004.73333333334,104263.27224768825,285610.86666666664,112278.19223628822
