id,mean_1,stdev_1,mean_2,stdev_2
ac1055a5-2fe4-4f94-9d59-1011d0df5f13,350594.06666666665,133594.53225810637,303546.4666666667,116448.440411979
