id,mean_1,stdev_1,mean_2,stdev_2
56a6ec0d-c8c1-4102-9a28-de8999b09e3a,386841.93333333335,144777.72104043572,361400.06666666665,131678.02924733583
