id,mean_1,stdev_1,mean_2,stdev_2
c77ecf1b-096d-4760-89e8-18573f7408ec,318358.2,135275.07701282843,373348.4,153229.02235229462
