id,mean_1,stdev_1,mean_2,stdev_2
ca3b2c03-20ec-44df-8ada-bc1495da45d2,339136.6,129638.23934050734,307741.4,113288.36397253397
