id,mean_1,stdev_1,mean_2,stdev_2
7b781e47-ab1c-4f85-a0e1-852f196008b8,312732.6666666667,115391.39651387454,291568.3333333333,109605.04985730458
