id,mean_1,stdev_1,mean_2,stdev_2
140522d8-d5df-410b-87ab-3b24c57c1499,338234.13333333336,131805.07371663992,334277.0,127300.57507332793
