id,mean_1,stdev_1,mean_2,stdev_2
ab6d3f81-1776-4c68-9170-1d7c1894e8c6,262572.2,126534.4588319456,281028.0,129371.84050686352
