id,mean_1,stdev_1,mean_2,stdev_2
268112bc-c2d0-47e1-9f0c-3a2b2ab7f795,343721.8,135614.02157259895,362301.4,142455.02703838382
