id,mean_1,stdev_1,mean_2,stdev_2
a9e8777e-b6d0-4878-8385-29385505324c,222849.2,114072.72668679398,342316.6,128096.65394422552
