id,mean_1,stdev_1,mean_2,stdev_2
b7708020-6833-4ebb-ade1-55842e72e204,343271.2,133410.4724660949,351292.4,139951.82918456863
