id,mean_1,stdev_1,mean_2,stdev_2
c3791229-1df4-438f-b24f-3f8dd8d944d4,260690.33333333334,116569.55971531429,263568.06666666665,112637.73974795877
