id,mean_1,stdev_1,mean_2,stdev_2
831c070f-eb5f-49be-bdde-8ee16affcc86,325391.6,135387.86258588076,319101.26666666666,125067.11700761138
