id,mean_1,stdev_1,mean_2,stdev_2
1f2ee09a-3118-4d53-a4ea-5885a9a19b69,312053.0,115572.37728800079,256277.6,114623.12617315349
