id,mean_1,stdev_1,mean_2,stdev_2
2d4cbf47-02bb-4503-b7b2-91fac2945a17,327086.6666666667,129138.62280596855,313915.6,120220.47423008556
