id,mean_1,stdev_1,mean_2,stdev_2
2f60b6f0-33f9-4333-ad97-cd11129abbda,319874.4,135631.97625869795,331009.73333333334,126074.50022874922
