id,mean_1,stdev_1,mean_2,stdev_2
6481818e-ac4e-435f-90ce-95c586b0f09b,328152.13333333336,119405.16578320871,349887.93333333335,142169.23563906347
