id,mean_1,stdev_1,mean_2,stdev_2
26b723ad-7993-4dc8-a839-c9981c7b9aa5,323311.6666666667,138845.41281807702,346807.13333333336,145302.0402090609
