id,mean_1,stdev_1,mean_2,stdev_2
6ab9b1a7-de84-438a-b0e1-e4eadce81b3d,351460.5333333333,142366.6114133351,351224.5333333333,139867.03021315957
