id,mean_1,stdev_1,mean_2,stdev_2
b9c81eda-b5ac-4bbd-b393-eb17e64585fd,298673.13333333336,114261.5453025013,288876.5333333333,114784.82347527
