id,mean_1,stdev_1,mean_2,stdev_2
faffb687-b5f6-4125-8f3d-c7ccb807e27f,299863.13333333336,113288.65287271957,295496.06666666665,113886.23948746204
