id,mean_1,stdev_1,mean_2,stdev_2
48076596-7e38-40e2-b1b3-b5e1f2e0280b,352785.86666666664,139570.52742221605,313286.6666666667,123919.07802361275
