id,mean_1,stdev_1,mean_2,stdev_2
1a8625d9-23c9-4ebc-ae80-c64a044a38af,347743.4,133677.5681734723,349450.86666666664,134625.58220331758
