id,mean_1,stdev_1,mean_2,stdev_2
b8ed0166-532d-414a-8ee4-a27108b60085,277953.2,112499.44454096949,291299.8,119533.8846498905
