id,mean_1,stdev_1,mean_2,stdev_2
99ab1896-bda1-4bd3-898d-1158216835fc,315478.26666666666,128744.24934391784,314684.73333333334,124558.40415401745
