id,mean_1,stdev_1,mean_2,stdev_2
81cd24fa-40f3-4f79-947c-8a13afc34cc3,299613.8,121420.7835027705,285006.6666666667,114542.0296739246
