id,mean_1,stdev_1,mean_2,stdev_2
35594391-ee64-404d-9506-5fa5683ca947,354385.13333333336,129283.20834759976,322151.8,120768.23676513621
