id,mean_1,stdev_1,mean_2,stdev_2
9e8ea16e-209c-4bd6-bac5-db7b3e61d903,325726.6,125494.96871604059,363496.6666666667,144528.18664360556
