id,mean_1,stdev_1,mean_2,stdev_2
3d324b22-42c4-4263-a677-2988d24520a3,329357.6,122606.20445518519,242134.2,106223.64885102877
