id,mean_1,stdev_1,mean_2,stdev_2
e6c29c39-266e-4167-a3e1-a4d72d45d8ae,398056.26666666666,144264.54446766266,364511.93333333335,128212.08839235437
