id,mean_1,stdev_1,mean_2,stdev_2
0921d07f-418d-46b4-90ba-dbc0432f2495,331454.4,124125.03779216611,329016.93333333335,131584.13133680756
