id,mean_1,stdev_1,mean_2,stdev_2
f4c2e71f-b09a-4df4-9b48-1dabaa249fc3,282472.8,112041.50947822866,304371.26666666666,118609.28557155866
