id,mean_1,stdev_1,mean_2,stdev_2
46df0536-8921-4978-a5fb-40ddf05d3e07,327559.6,128058.74505023076,342584.8,127399.13961991006
