id,mean_1,stdev_1,mean_2,stdev_2
9b52007e-9aba-4db5-b837-da5c7c25e5b0,316565.93333333335,124545.7360808827,293057.06666666665,116080.14479974122
