id,mean_1,stdev_1,mean_2,stdev_2
824dc1d6-9cdc-4677-a747-785ff1d2f3a5,210102.26666666666,74922.52729361324,192056.66666666666,67422.1634723248
