id,mean_1,stdev_1,mean_2,stdev_2
0b7bfd63-7399-4caa-8139-22fcb65cb64e,314379.2,134850.6262124627,282971.2,119232.78838037797
