id,mean_1,stdev_1,mean_2,stdev_2
e7fdb08e-433b-4af5-bc20-af6d74dd5206,326898.4,124635.8026987965,343850.06666666665,129628.05320426937
