id,mean_1,stdev_1,mean_2,stdev_2
25fc5f1e-01e9-430d-8953-e483ed97963c,283074.2,108055.95762764155,278264.4666666667,104853.89057087433
