id,mean_1,stdev_1,mean_2,stdev_2
7d4e1cb1-4d7c-4c5c-b751-2d37a24b5126,337306.0,116541.79836894001,348206.3333333333,134104.10323559167
