id,mean_1,stdev_1,mean_2,stdev_2
0fc9b0f4-1918-4d3d-8a9b-8173233a4d71,294682.8,122853.93146453775,310735.3333333333,123862.76159506357
