id,mean_1,stdev_1,mean_2,stdev_2
2799d531-3cc8-45a4-9785-d130d0241f03,203442.8,74960.86221240164,178086.06666666668,63345.53067261774
