id,mean_1,stdev_1,mean_2,stdev_2
a65786a2-8062-495c-aa5e-fb96b8407514,348323.3333333333,134229.8564019529,352477.3333333333,141054.1753406195
