id,mean_1,stdev_1,mean_2,stdev_2
59c2f508-04e5-45bb-bfb7-febf6e4674cb,323022.73333333334,120077.72505976654,309415.8,112332.86330615809
