id,mean_1,stdev_1,mean_2,stdev_2
7e9f4f4a-42c5-4a12-85aa-005fc37031e0,426337.8,160994.40245018873,355827.06666666665,138005.62937139758
