id,mean_1,stdev_1,mean_2,stdev_2
36e463ff-0d85-477d-8372-b4f416ad67c0,451315.3333333333,169197.67753790895,389250.2,155619.37448839715
