id,mean_1,stdev_1,mean_2,stdev_2
3cb635dd-fa3f-4a92-9883-b71d1c35007a,208200.93333333332,85716.2528769324,179535.06666666668,66692.21661779998
