id,mean_1,stdev_1,mean_2,stdev_2
cc34a54f-93fc-40ad-91ed-72912f124625,351719.73333333334,134729.08565238945,362826.2,141258.77806928198
