id,mean_1,stdev_1,mean_2,stdev_2
becfb7b0-7f34-4754-a934-b09249854675,302520.86666666664,121626.88109452705,317612.6,127121.0203508452
