id,mean_1,stdev_1,mean_2,stdev_2
86fd8ace-0bdc-498e-ac96-008365d44902,320174.73333333334,124373.86433570179,307080.73333333334,109268.22182712697
