id,mean_1,stdev_1,mean_2,stdev_2
fad22e42-7b88-4eb0-a765-7c2c5ecc241f,305050.26666666666,111026.01018708285,323713.86666666664,119578.3453193577
