id,mean_1,stdev_1,mean_2,stdev_2
dd75f55e-4ac3-42d8-afe0-5d390320e18c,322247.0,119586.56794250208,309721.2,126071.33372510447
