id,mean_1,stdev_1,mean_2,stdev_2
f1818401-0e87-429f-afe9-2fd2573f438d,342710.5333333333,124800.4505135387,186831.53333333333,82669.62733262777
