id,mean_1,stdev_1,mean_2,stdev_2
2e6be1c1-54f1-4a68-b6af-1bdc2d5d6f95,383339.93333333335,147938.76074307083,35480.6,48786.20623058667
