id,mean_1,stdev_1,mean_2,stdev_2
6f2249cd-6d0d-4ea5-bc4e-3576a5f497bd,121910.0,41950.43060088895,286031.6666666667,113192.3237554365
