id,mean_1,stdev_1,mean_2,stdev_2
fcddaebc-2501-4bc7-8f7b-cb2c8180a172,184322.66666666666,110810.68725814413,187782.2,95911.05508765228
