id,mean_1,stdev_1,mean_2,stdev_2
fc3a4529-4ec2-4833-9877-62241aa995a5,281503.3333333333,107399.5225362861,282748.86666666664,110039.00615198028
