id,mean_1,stdev_1,mean_2,stdev_2
04572666-1d0e-4e46-8bb1-dda8fe0902e9,287357.13333333336,121962.83329707001,284120.6,119555.61995255598
