id,mean_1,stdev_1,mean_2,stdev_2
d62f955f-bca5-44b5-b697-5b62e7d1e149,111403.66666666667,38554.48195591388,331018.5333333333,121019.49809947523
