id,mean_1,stdev_1,mean_2,stdev_2
d3a23994-c591-4464-a9fa-16d724c0d49c,351694.0,141203.7003542518,347059.6666666667,129862.18554127125
