id,mean_1,stdev_1,mean_2,stdev_2
53e2a84d-2137-48b0-8f42-f905d01da323,385129.4,139867.75740381816,415283.4666666667,155292.36931923678
