id,mean_1,stdev_1,mean_2,stdev_2
30f42afe-b3db-454c-9b16-5ee9508dd090,347759.06666666665,144975.2577163734,345900.6,128014.87737644662
