id,mean_1,stdev_1,mean_2,stdev_2
b134cd14-30d6-4773-8d11-45a14c9875e5,351892.6,132693.59065295255,321518.0,120336.02611077587
