id,mean_1,stdev_1,mean_2,stdev_2
6a75438a-0a30-451e-a032-b0fab4662f8d,314907.4666666667,125621.92780607834,315560.13333333336,123579.40044191112
