id,mean_1,stdev_1,mean_2,stdev_2
788a982a-429c-41e9-924f-c1e64560d4cf,284980.26666666666,114550.48857015942,280750.6666666667,117308.5213282574
