id,mean_1,stdev_1,mean_2,stdev_2
726122d4-2075-4b58-8de0-acaa3ba058f3,291657.3333333333,123603.81909130298,302678.73333333334,128641.38352358552
