id,mean_1,stdev_1,mean_2,stdev_2
92ca421f-0b67-423e-9c04-22260141f6c6,343751.73333333334,138605.57534936638,345412.5333333333,131291.29371382127
