id,mean_1,stdev_1,mean_2,stdev_2
d6a67242-ea92-42b1-ab50-e7374cf88f26,321264.26666666666,129270.86722819218,355265.13333333336,139217.84315327147
