id,mean_1,stdev_1,mean_2,stdev_2
a74dd8c1-4079-4650-89ce-2544eb68c53e,316635.6,123927.00346618031,318851.5333333333,125344.02900224467
