id,mean_1,stdev_1,mean_2,stdev_2
ae4bf146-73f1-467c-8194-e80e08c14323,295100.06666666665,115364.41553874206,318500.3333333333,118960.73012030296
