id,mean_1,stdev_1,mean_2,stdev_2
ad9c243c-ed1e-488c-96f3-470d93bd558f,294997.6666666667,117838.81759118634,300917.6666666667,119500.62146430685
