id,mean_1,stdev_1,mean_2,stdev_2
7028b131-1bd9-40e7-9c60-14e6a9d28507,273438.6666666667,110620.43489799804,293717.4,122780.41852336768
