id,mean_1,stdev_1,mean_2,stdev_2
1575f2ec-f8f2-4d43-93b3-791b10bed447,309141.3333333333,123109.8368680947,296652.4,116589.42747024703
