id,mean_1,stdev_1,mean_2,stdev_2
1d9edbf9-2b58-42eb-8353-4c36f1b44173,325032.13333333336,117615.4167541351,339433.3333333333,121656.56133321466
