id,mean_1,stdev_1,mean_2,stdev_2
f6795c7d-157b-404d-8396-f45f9a4e7d95,304164.3333333333,119969.90455647153,291019.86666666664,111782.29275090438
