id,mean_1,stdev_1,mean_2,stdev_2
b0d86f82-64e8-4c9f-8767-c7d175732ca3,425600.2,167142.49389675466,381446.5333333333,145114.76429542087
