id,mean_1,stdev_1,mean_2,stdev_2
dd509b6b-5b31-4764-bf5f-77160b741db0,283229.6666666667,113465.52248835572,281995.6666666667,108595.61872480044
