id,mean_1,stdev_1,mean_2,stdev_2
a195788b-d089-4520-9809-bb3e3f08ba4f,311512.4,122730.79132029855,338656.3333333333,129694.02675562544
