id,mean_1,stdev_1,mean_2,stdev_2
6864871f-779f-4617-8b72-246b7c7088ac,303005.3333333333,120147.82974855971,293351.26666666666,121724.5328636024
