id,mean_1,stdev_1,mean_2,stdev_2
eece0bca-697d-4a8e-8c06-d941920f4ea0,314942.5333333333,125842.50676877385,336780.6,135199.62477995272
