id,mean_1,stdev_1,mean_2,stdev_2
fe879618-4990-42ba-88da-f274fe598630,279205.93333333335,115138.12026342779,290023.86666666664,120453.40022867304
