id,mean_1,stdev_1,mean_2,stdev_2
5e1c457f-2a0b-4c4c-bdb2-5459133d9f2f,325889.5333333333,132596.83091430034,317123.6,126436.7116538547
