id,mean_1,stdev_1,mean_2,stdev_2
1de4caa0-ad31-4aac-8489-eb6803fd14a0,383722.13333333336,147102.53055011967,375467.93333333335,142607.36276853154
