id,mean_1,stdev_1,mean_2,stdev_2
cb7af35d-5a98-47d5-87f4-c145044f40d0,342681.13333333336,126798.77952297316,291857.8,118338.13588650675
