id,mean_1,stdev_1,mean_2,stdev_2
d5ae5e57-3652-4136-b674-0e17b5604fa2,302869.4666666667,118985.6938570721,298834.93333333335,113456.54975978936
