id,mean_1,stdev_1,mean_2,stdev_2
08dd8094-1d75-4591-8ca5-c4142f267b0c,268921.6666666667,114091.45105903226,309889.0,130041.57606499034
