id,mean_1,stdev_1,mean_2,stdev_2
d9845f58-b6f2-46f4-8154-77f706db0b22,322869.6666666667,118385.23198026948,313900.2,118553.65543314134
