id,mean_1,stdev_1,mean_2,stdev_2
07983ccc-721c-4e88-ab01-53bad1bb7deb,280242.06666666665,116046.03738486243,314397.8,130165.88602763783
