id,mean_1,stdev_1,mean_2,stdev_2
dbddd7df-c508-48d7-96f8-cb48a39105a7,345079.86666666664,142010.21423914863,302115.86666666664,119773.93731351668
