id,mean_1,stdev_1,mean_2,stdev_2
737fef91-e170-4997-bb64-692812168447,303505.26666666666,124555.47262777694,312070.73333333334,136656.70043602772
