id,mean_1,stdev_1,mean_2,stdev_2
7b057e8d-1908-494e-8100-61bc51ccfb24,315550.2,126636.57200466748,326012.06666666665,132098.5419593856
