id,mean_1,stdev_1,mean_2,stdev_2
89d6a6a8-fd01-4083-9380-cb63f893fdf2,402321.2,169293.1025738891,452919.26666666666,169398.42815267076
