id,mean_1,stdev_1,mean_2,stdev_2
6ea2ddc2-c4d7-46d7-a7a2-a67ea2e57b4a,337041.6,129437.00649700868,353175.8,137745.5005906182
