id,mean_1,stdev_1,mean_2,stdev_2
dfe2ae11-b9a8-43bd-b1c5-f0b8e67d268c,330372.6666666667,124132.22414810571,321034.86666666664,124445.74558302728
