id,mean_1,stdev_1,mean_2,stdev_2
1ca9a905-5a4b-4f14-b863-2874edc1abea,346422.13333333336,132370.97907163118,340344.6,127882.70072103837
