id,mean_1,stdev_1,mean_2,stdev_2
1cde2ac9-91d4-4f46-a728-abc4ad638f19,361476.73333333334,141848.47290611046,353284.2,137116.95675405482
