id,mean_1,stdev_1,mean_2,stdev_2
87990a71-0841-4ef5-9aea-d31e04d96930,384513.5333333333,152032.5354669702,362297.5333333333,152299.86488891646
