id,mean_1,stdev_1,mean_2,stdev_2
c288ec91-7c5b-4506-9fae-b0c8e2d1f02f,379461.86666666664,145220.59084297315,357674.6666666667,136762.33771944998
