id,mean_1,stdev_1,mean_2,stdev_2
72baa092-e843-41ea-aa75-0034232e4cb7,312644.2,130688.68844354256,363816.0,146365.76904089746
