id,mean_1,stdev_1,mean_2,stdev_2
e83a30f8-1409-40ac-97b3-cdeafe7a454e,277092.26666666666,111767.07919446683,272826.8,110223.88462772786
