id,mean_1,stdev_1,mean_2,stdev_2
9c9c751d-9dba-4c7a-b119-25d0d71673ca,317695.3333333333,132253.48704295937,301667.8,120920.54790437123
