id,mean_1,stdev_1,mean_2,stdev_2
707e759e-9368-427f-abe2-bebc56d2e120,335414.06666666665,139610.95605979097,313575.8,122912.98085404432
