id,mean_1,stdev_1,mean_2,stdev_2
12cddae8-9e12-4435-a0fe-7d4e2e2508f5,296895.6666666667,115547.31619595885,293336.3333333333,108393.96919857776
