id,mean_1,stdev_1,mean_2,stdev_2
1e87fdea-8173-499f-a8ea-83be72eedfd5,276509.8,116953.40284358269,319331.8,129610.65961110864
