id,mean_1,stdev_1,mean_2,stdev_2
88ca01bf-6ea2-42e8-b05a-374eb0b7437b,302694.5333333333,129623.94229095522,312552.0,142421.88979273284
