id,mean_1,stdev_1,mean_2,stdev_2
bd2adb7c-117c-4bee-a242-fdd0b5051baf,337131.4,140699.2944241015,294279.8,119214.45820995596
