id,mean_1,stdev_1,mean_2,stdev_2
d041ad92-05c6-40d5-a30d-a128f78ee1c3,301397.3333333333,117748.66614200869,327099.26666666666,129765.82792885891
