id,mean_1,stdev_1,mean_2,stdev_2
5b8038e2-5bff-4b94-861e-be62f39584ae,315939.26666666666,122034.82136202855,308240.4,115569.01255198126
