id,mean_1,stdev_1,mean_2,stdev_2
7af3225e-ff62-4832-ae9d-963f7272b10c,376307.6,146354.54535011886,382106.0,147759.0630244611
