id,mean_1,stdev_1,mean_2,stdev_2
5852ac07-4ac9-48d6-9427-a02d8628380b,322869.93333333335,127752.32978460925,308060.26666666666,122016.2662546633
