id,mean_1,stdev_1,mean_2,stdev_2
2ba6b20f-3ecc-4761-b94c-e7bf962a7dd5,371794.4666666667,154427.93760062402,341474.06666666665,133330.49203212626
