id,mean_1,stdev_1,mean_2,stdev_2
f0e893c0-6d68-447d-ac6f-aa4ba9ec2889,327041.4,124480.89719299639,315457.06666666665,121763.73009095206
