id,mean_1,stdev_1,mean_2,stdev_2
d85786f4-d319-4434-b11a-e060274aa032,318467.6,135862.91605526506,299852.5333333333,126034.4565965285
