id,mean_1,stdev_1,mean_2,stdev_2
c248fd28-9193-487e-b36e-9fb34ef14d1b,344383.73333333334,135916.40481534557,370296.2,145214.98356216552
