id,mean_1,stdev_1,mean_2,stdev_2
04057485-837c-4058-8d69-45d459ec7110,360530.73333333334,128690.88252836287,346105.3333333333,126316.72460851027
