id,mean_1,stdev_1,mean_2,stdev_2
375e6860-1a2e-4af4-b972-4d7bbee45fe1,281450.5333333333,111733.7711943688,286140.6666666667,118062.3600338209
