id,mean_1,stdev_1,mean_2,stdev_2
ef4706e3-cf5d-46f0-909e-3924fc42d792,308333.4666666667,121666.08873188763,293261.13333333336,111687.67757627618
