id,mean_1,stdev_1,mean_2,stdev_2
12b6eb49-3fc6-4e7b-b472-fb36836e7d8e,334729.73333333334,127026.23649124178,350203.4666666667,128373.87641773367
