id,mean_1,stdev_1,mean_2,stdev_2
0bc260dd-2807-4ee9-871e-3efbdcd92455,317692.6666666667,123231.15524015111,311547.93333333335,123113.98644154487
