id,mean_1,stdev_1,mean_2,stdev_2
2b05a5b8-d097-4dc3-8f0a-7f51f39083d2,298199.5333333333,128549.95895026787,286040.4666666667,117092.52999394204
