id,mean_1,stdev_1,mean_2,stdev_2
15bbab67-368a-4366-8842-f0538562ce54,364953.0,131780.33497402663,248499.33333333334,156670.60982527075
