id,mean_1,stdev_1,mean_2,stdev_2
7ff99ed3-7ccd-4c77-a40c-0139f5304c98,379912.06666666665,155925.22260556679,361069.8,141063.85071883822
