id,mean_1,stdev_1,mean_2,stdev_2
70490c19-a255-409d-965c-a8c3c0fd7f84,362991.73333333334,135322.71617111773,347400.4,122417.18030886569
