id,mean_1,stdev_1,mean_2,stdev_2
a86732eb-c174-4865-918d-59ea17acf680,372010.93333333335,144835.47272472843,346697.4,134440.62898980104
