id,mean_1,stdev_1,mean_2,stdev_2
4938fc87-999e-45ab-86db-7298b1667e00,400067.2,145715.5856263381,349911.86666666664,127974.12661673277
