id,mean_1,stdev_1,mean_2,stdev_2
879c963f-1504-4d01-98de-7619198fbccb,384586.93333333335,134532.71942070036,374451.0,130479.2623548534
