id,mean_1,stdev_1,mean_2,stdev_2
5c17929c-1aeb-4fe5-961a-9e44e70f23d3,369019.93333333335,132264.3092122571,376159.4,140342.28216746848
