id,mean_1,stdev_1,mean_2,stdev_2
6d6b7596-f144-4d8e-8993-b7c4c1620257,115555.06666666667,45869.23952929191,105453.4,79169.10886096925
