id,mean_1,stdev_1,mean_2,stdev_2
7d8e37b0-a045-4fab-b208-d635803529a7,402547.93333333335,143109.32528826423,351738.86666666664,130331.29301175353
