id,mean_1,stdev_1,mean_2,stdev_2
42607bd2-a278-4d66-991b-74a16df75bcb,329321.3333333333,124497.02724465175,317324.3333333333,114833.35609985261
