id,mean_1,stdev_1,mean_2,stdev_2
d55ed27b-78dd-4d74-a5fd-fc08cf7c3a8b,199175.73333333334,75074.90462239845,171760.26666666666,71813.8825924038
