id,mean_1,stdev_1,mean_2,stdev_2
6525335d-d7a0-48aa-8562-f5ff26c764e6,287904.06666666665,117064.88865608776,280505.4,108886.26388533435
