id,mean_1,stdev_1,mean_2,stdev_2
860cdd79-4ead-4c13-a307-11867f620563,382304.2,146851.59972580028,350135.6,136025.8042513993
