id,mean_1,stdev_1,mean_2,stdev_2
5cacac24-b6fa-45bd-9dc7-71f309c8080b,370500.93333333335,151220.11515071517,368148.4666666667,141833.33448658048
