id,mean_1,stdev_1,mean_2,stdev_2
3605ecb2-65dd-4976-a36d-c5fb3b73ff83,327276.26666666666,129083.92321920737,315148.4666666667,118700.3262078453
