id,mean_1,stdev_1,mean_2,stdev_2
14d1a398-5892-4bd3-9a0c-6c27ad37f10f,278142.13333333336,109746.49015427427,310435.0,131546.5053426607
