id,mean_1,stdev_1,mean_2,stdev_2
8dfb0926-93d9-455b-b276-d9217cd8618d,357580.5333333333,129811.26118631705,345287.06666666665,124515.40552850837
