id,mean_1,stdev_1,mean_2,stdev_2
131154fc-99c3-4a55-b727-b4cfdbb4ef4f,363190.5333333333,146838.92200360988,348667.86666666664,143570.96985991127
