id,mean_1,stdev_1,mean_2,stdev_2
e317692f-45b1-4d9d-9868-f489be7449ea,328412.0,122259.12762216706,325214.6666666667,120285.99625540603
