id,mean_1,stdev_1,mean_2,stdev_2
f09af4bb-78fe-4773-b321-fa55016ff417,316820.6666666667,120897.66936582729,294736.86666666664,116428.09255379713
