id,mean_1,stdev_1,mean_2,stdev_2
1f559c6a-fd74-4727-b4ad-6f916916d9da,329497.8,122192.74402309385,330328.6666666667,122730.58301807074
