id,mean_1,stdev_1,mean_2,stdev_2
8efd6053-72f9-41fb-8721-a81d88a166ec,333913.73333333334,131531.82738458735,350074.0,139778.92170805534
