id,mean_1,stdev_1,mean_2,stdev_2
2cb23860-cdea-44a7-9130-baea91d3c5e9,355721.6,129996.18796605793,391808.13333333336,136989.33793054437
