id,mean_1,stdev_1,mean_2,stdev_2
ee753da8-df3a-46b5-a7b4-8e59878eaa21,387130.5333333333,150913.67138196,336024.06666666665,113982.75982356085
