id,mean_1,stdev_1,mean_2,stdev_2
ffb83ac6-2c74-4a4d-8c58-dfb9e26e91eb,356476.5333333333,127032.05489527261,341470.3333333333,124140.31509259547
