id,mean_1,stdev_1,mean_2,stdev_2
88675f5d-5ded-4e27-8f38-74b6feb9e30d,228224.86666666667,85375.05015937358,267810.6,101719.49561862105
