id,mean_1,stdev_1,mean_2,stdev_2
5229261c-1e41-4f74-81b2-9bba36cb9ece,333843.0,126676.76860156062,341062.4666666667,129596.74566894889
