id,mean_1,stdev_1,mean_2,stdev_2
15e01bd0-d23c-4164-a88c-72356093754e,282928.73333333334,119093.37050424855,288712.6666666667,121367.7947709175
