id,mean_1,stdev_1,mean_2,stdev_2
3c1a2e71-d06f-463b-a76a-a85746c8ea08,290082.0,111218.3736553153,294032.73333333334,113732.47448257198
