id,mean_1,stdev_1,mean_2,stdev_2
8bd50dc5-cf13-4be3-bcb4-bff52092108a,377811.2,151961.9566699508,380550.5333333333,149874.90808353774
