id,mean_1,stdev_1,mean_2,stdev_2
68015efa-31f5-422d-8786-0b7ec2f9d821,330012.2,122335.3345534042,319918.2,126440.55582088103
