id,mean_1,stdev_1,mean_2,stdev_2
2f3cc40a-1955-40f9-9590-11a1dd3253db,314293.86666666664,132401.61218699548,267824.0,117464.64722460115
