id,mean_1,stdev_1,mean_2,stdev_2
3c4aa304-84b8-463d-9519-1e12a1811176,310928.73333333334,125777.48610169557,298646.06666666665,122502.7651440117
