id,mean_1,stdev_1,mean_2,stdev_2
5a3fc269-5ff6-425b-ad4b-3629a73a8080,296312.73333333334,113888.15452800856,323740.6666666667,122962.9407041903
