id,mean_1,stdev_1,mean_2,stdev_2
9f92ebae-914b-4f36-aaa6-f028353bc7b8,217382.26666666666,117366.7724752718,204446.4,87024.21578909324
