id,mean_1,stdev_1,mean_2,stdev_2
ce078c2d-243c-468a-bd71-5c7dca67c471,43652.666666666664,62920.468691480324,345391.5333333333,135469.25012064137
