id,mean_1,stdev_1,mean_2,stdev_2
19b58cfe-22c5-4516-aeaf-5e1e0de6f302,337876.6,128074.6910276968,260695.86666666667,113273.50828613409
