id,mean_1,stdev_1,mean_2,stdev_2
96659861-c258-4cc5-b103-7912b513a2d6,360554.8,137667.56775953685,338434.0,136215.37106313172
