id,mean_1,stdev_1,mean_2,stdev_2
e1377e07-ebdb-439c-9bbb-0b7b76ee52d8,291623.73333333334,114360.4628120906,303522.13333333336,117443.77506583971
