id,mean_1,stdev_1,mean_2,stdev_2
52986657-9cfc-4ca4-a81c-2ef4941e89d8,333594.13333333336,119338.6758011929,350479.3333333333,130588.59064745622
