id,mean_1,stdev_1,mean_2,stdev_2
be3c36f9-5b39-4990-818c-7b17f571b027,297014.26666666666,119169.17189914887,309007.93333333335,126610.63495376507
