id,mean_1,stdev_1,mean_2,stdev_2
00f95545-56b4-4b48-a648-6a83d6f97199,321328.3333333333,124540.64017964399,348598.73333333334,135613.98092795923
