id,mean_1,stdev_1,mean_2,stdev_2
fddebf3e-a852-4d38-b69c-5843cb99d308,317124.5333333333,123041.28333577943,330495.13333333336,128365.02737680888
