id,mean_1,stdev_1,mean_2,stdev_2
11f4c0a2-3e65-4c2d-94c4-d9c3f79f1a02,339760.0,128508.02055747338,306338.73333333334,111694.59941493241
