id,mean_1,stdev_1,mean_2,stdev_2
7f1b6329-79bf-4368-9b2e-53d570d0478d,373676.6666666667,133607.94391485694,328261.2,116593.07883014898
