id,mean_1,stdev_1,mean_2,stdev_2
e683cb75-0bbd-4756-a2c0-c5485f8d3c18,110342.0,133242.9864560733,170331.4,133699.4828400868
