id,mean_1,stdev_1,mean_2,stdev_2
e76407ab-d8c6-4fa2-9f04-6e75213cf480,354657.4,135615.88757162634,343652.93333333335,130553.81498803048
