id,mean_1,stdev_1,mean_2,stdev_2
c359fe6b-5081-4e78-a5d9-6f5977e155f3,389595.13333333336,156928.63935341933,405614.8,153648.9135682167
