id,mean_1,stdev_1,mean_2,stdev_2
74fe0f7b-aba8-432e-b53e-cde3b4e7efc7,391003.3333333333,150921.00000139882,259760.26666666666,115536.63106303365
