id,mean_1,stdev_1,mean_2,stdev_2
a977b4ca-648c-440f-aabe-ca1a9c907b0a,267077.73333333334,113149.07616147627,271467.4,109947.09485250925
