id,mean_1,stdev_1,mean_2,stdev_2
6ba9dbfb-671b-4700-8bd8-157b8f159cb3,351334.5333333333,138863.7179155,323058.2,128438.80783117436
