id,mean_1,stdev_1,mean_2,stdev_2
9cde655b-2338-4218-a794-9d655f8b8e67,383152.0,137298.92958019252,362606.3333333333,123907.60529021434
