id,mean_1,stdev_1,mean_2,stdev_2
ffcb9766-ed66-42c0-8210-d379ab392f54,299875.93333333335,114873.85353941756,295535.4,115821.36165020108
