id,mean_1,stdev_1,mean_2,stdev_2
da7cbcbc-7b96-4f1b-ab07-4607618f08b5,380721.2,145061.46351401074,374388.8,139734.4139087672
