id,mean_1,stdev_1,mean_2,stdev_2
a5a8628f-6fed-4c2b-9c59-d083ee426dab,314742.6,119497.70861390326,323943.8,127614.30610408327
