id,mean_1,stdev_1,mean_2,stdev_2
89e22e24-ed09-4ab2-8ce8-e00384bee007,272270.6,112916.09912839414,276155.13333333336,114488.23019208375
