id,mean_1,stdev_1,mean_2,stdev_2
beb4db96-1b7e-4ffb-a752-1cde68018878,277892.26666666666,117398.21860060548,268771.13333333336,113249.06890735227
