id,mean_1,stdev_1,mean_2,stdev_2
80d4cea5-f056-487a-9878-677477e7589b,278201.8,112369.50935385749,270574.06666666665,108836.31464081992
