id,mean_1,stdev_1,mean_2,stdev_2
5c83048d-e43f-486b-940c-51db952bf12b,335433.5333333333,132517.66935311767,292218.93333333335,116354.21040281362
