id,mean_1,stdev_1,mean_2,stdev_2
842bc653-bc3b-4513-a211-b25a8bf6c671,320514.26666666666,120086.6708609337,325887.13333333336,128428.55359452672
