id,mean_1,stdev_1,mean_2,stdev_2
31815e12-6bd8-43ee-bf1e-72f8d3884e10,277167.3333333333,112871.53397006508,295740.6666666667,119163.98494493021
