id,mean_1,stdev_1,mean_2,stdev_2
ce187fae-9876-44f3-ae4e-7b9e14e06e53,299077.8,116084.59874315801,280641.0,106855.04380920288
