id,mean_1,stdev_1,mean_2,stdev_2
544509f5-94c5-4499-8b15-0830e00dd894,381704.86666666664,151537.78109187455,330307.2,140952.25212021268
