id,mean_1,stdev_1,mean_2,stdev_2
4c2e106e-48f6-471a-a75b-fc888190bddd,344096.0,131802.10786680665,340514.06666666665,130485.54073943297
