id,mean_1,stdev_1,mean_2,stdev_2
9f261ba4-9aba-4e66-9da8-3be4155f720b,279213.2,114929.26180522231,294808.2,122498.82401732134
