id,mean_1,stdev_1,mean_2,stdev_2
3444eaf7-206c-4f13-b6f3-510d862852ac,318683.73333333334,125398.80536776346,301651.26666666666,118556.13959946943
