id,mean_1,stdev_1,mean_2,stdev_2
1caf6a54-97c8-4b25-a54a-0940fd55a86e,325297.13333333336,121856.64916114435,339554.8,133629.40490036862
