id,mean_1,stdev_1,mean_2,stdev_2
b0c89f15-e71d-44ee-8a11-050a762a08e2,153063.33333333334,61075.06851808592,350349.5333333333,128606.62679601269
