id,mean_1,stdev_1,mean_2,stdev_2
f17e6092-3ecf-4af7-aa19-70334da5130e,345523.06666666665,129478.49479480709,328038.26666666666,123435.50410556744
