id,mean_1,stdev_1,mean_2,stdev_2
41b1359b-31f4-4ad0-9003-0de592b764e5,301147.3333333333,122164.5320697551,293663.8,114894.22762941575
