id,mean_1,stdev_1,mean_2,stdev_2
00b21e7f-9319-445b-9d85-c6b129ded758,282248.26666666666,110292.64571340295,306767.93333333335,118633.17567553445
