id,mean_1,stdev_1,mean_2,stdev_2
3bbfc0d0-8274-4c80-9767-cd68607c60cb,374554.2,144800.9356646565,339927.0,141026.799801078
