id,mean_1,stdev_1,mean_2,stdev_2
62a83f09-e664-49aa-8329-b0b98da83129,365382.2,141878.98529859877,375172.6666666667,149853.53632115445
