id,mean_1,stdev_1,mean_2,stdev_2
ba2d8547-99df-4704-ab4d-e2117194cb0d,329313.73333333334,129838.79954233847,296273.6,117436.7541761948
