id,mean_1,stdev_1,mean_2,stdev_2
fb20a1a5-1ad3-4aa1-bd96-550c9189430d,271390.4666666667,109494.39348378632,296436.93333333335,118950.66455438107
