id,mean_1,stdev_1,mean_2,stdev_2
8503ce2b-ba9e-4944-95a4-e47b2eb0636a,405327.73333333334,152764.00791437167,393422.8,148973.71330728117
