id,mean_1,stdev_1,mean_2,stdev_2
f610c3c5-af21-4d9d-9ca8-65d6eed20fc6,308696.6,120184.07847509031,309033.93333333335,122842.74412677191
