id,mean_1,stdev_1,mean_2,stdev_2
b78ef6be-a5ca-4c08-8c62-794d317bce2e,335933.6666666667,117757.0406380112,327375.8,115931.83242589877
