id,mean_1,stdev_1,mean_2,stdev_2
3faf4771-f8ac-41b8-85ac-f086f953adb4,308920.93333333335,120168.48139201153,322876.6,127862.79141319156
