id,mean_1,stdev_1,mean_2,stdev_2
c45bc6b3-97cd-4279-ad25-62d2eae87871,321379.4,125879.85459201431,331885.4,136391.06188104846
