id,mean_1,stdev_1,mean_2,stdev_2
5de710c9-30bc-4ebc-b374-e0bbdc6eb7f2,306851.6,130911.86427201063,297229.8,119496.23741646988
