id,mean_1,stdev_1,mean_2,stdev_2
b4bd5b25-53e6-4df2-9805-f4d508ab5b4a,343906.13333333336,138987.12980841866,320853.06666666665,127676.82973688774
