id,mean_1,stdev_1,mean_2,stdev_2
4c1e86ea-d447-4846-93a2-e6c2ef906855,337703.93333333335,136538.41805756438,332900.4666666667,132488.25412584902
