id,mean_1,stdev_1,mean_2,stdev_2
58d7791e-f765-4ec3-b0ac-48dada82a711,270160.73333333334,108302.03269158384,270824.93333333335,113369.36870981609
