id,mean_1,stdev_1,mean_2,stdev_2
b7c73e8d-4cb7-4c68-97d2-fce100369a06,294854.4,111685.11088162112,295520.6,115910.0008516953
