id,mean_1,stdev_1,mean_2,stdev_2
e8a9c33f-f466-401a-b3fb-1be273e45297,405183.06666666665,160863.6147430349,384007.73333333334,152444.7475222708
