id,mean_1,stdev_1,mean_2,stdev_2
b7305997-4076-4fd3-be49-e6c0c7eb09b8,249514.0,107357.20257719088,216478.4,98692.72201454369
