id,mean_1,stdev_1,mean_2,stdev_2
9ee08427-2fff-44ca-8d89-133d7f96f27f,358039.4,140804.6064340226,345843.4,137656.00057040737
