id,mean_1,stdev_1,mean_2,stdev_2
b3ecd667-daa5-4e24-81a3-677869da441a,357090.0,128768.3609685754,354357.06666666665,126133.66417916439
