id,mean_1,stdev_1,mean_2,stdev_2
39dae750-2c55-4f10-95c7-00ce2b091432,355256.4666666667,147072.05224418253,335265.4666666667,130684.28121793717
