id,mean_1,stdev_1,mean_2,stdev_2
83cc2504-9e87-460d-88cd-7465d5586f73,328500.06666666665,135315.8362185627,316820.13333333336,128310.98426706195
