id,mean_1,stdev_1,mean_2,stdev_2
f05701ec-39ca-4312-95aa-2f76ab3dfaa0,371665.5333333333,148151.14659422054,419265.4,167459.61727405604
