id,mean_1,stdev_1,mean_2,stdev_2
ac491cd4-eb67-4217-942b-5f9789532960,440092.3333333333,166755.1161376732,367428.5333333333,148482.94445889138
