id,mean_1,stdev_1,mean_2,stdev_2
e183563a-1353-430a-b025-dbf43481effc,364287.13333333336,138238.45394769465,374150.26666666666,143672.2597810571
