id,mean_1,stdev_1,mean_2,stdev_2
bdaef815-dd7e-44fc-80f7-7478a8922343,381391.26666666666,137913.28896011272,374314.73333333334,135859.85091677707
