id,mean_1,stdev_1,mean_2,stdev_2
5fe4cad3-fab8-4bf4-846b-3a39ff29b897,234839.53333333333,167975.41826504125,322607.4666666667,119196.94639761354
