id,mean_1,stdev_1,mean_2,stdev_2
11938a2e-7d82-4669-83b5-1e2565e17950,302123.06666666665,126475.57290136657,276036.4,113235.87543106647
