id,mean_1,stdev_1,mean_2,stdev_2
01fb4ce9-92a2-496c-a457-011efea4dd59,356198.6,141096.41476560157,320454.2,122960.27520094991
