id,mean_1,stdev_1,mean_2,stdev_2
e4ce2698-3c4d-41a6-b03f-8ee2c9ec0099,10028.866666666667,17560.54926197419,343621.5333333333,137197.05287158646
