id,mean_1,stdev_1,mean_2,stdev_2
2442393d-5f71-4944-9504-b0981640d4a1,334569.86666666664,130735.6303735987,379209.93333333335,150155.66395864732
