id,mean_1,stdev_1,mean_2,stdev_2
b6233c03-fd77-457e-a7b6-20d025866785,119842.53333333334,71982.96857809878,357529.93333333335,136849.94834365931
