id,mean_1,stdev_1,mean_2,stdev_2
d535b1cf-2be8-4134-92b2-aeb974243ec1,309740.4,123182.49719869568,317096.6666666667,124880.55154942618
