id,mean_1,stdev_1,mean_2,stdev_2
e2f09172-5d34-4568-95d6-734e34f23a62,300640.93333333335,120760.50686957037,338240.0,136183.5303865094
