id,mean_1,stdev_1,mean_2,stdev_2
1801db4d-8584-4a23-816c-2bea8b1816dd,299706.6,127253.19466575289,313391.0,122567.69795613633
