id,mean_1,stdev_1,mean_2,stdev_2
2916c60c-7317-4b55-be05-5278890aa622,294826.6,119711.11470691989,305411.26666666666,126910.29368046638
