id,mean_1,stdev_1,mean_2,stdev_2
0d97f096-d08f-40dc-8373-263d5a3f1cad,199074.93333333332,77312.69152083347,204863.06666666668,82737.00254619386
