id,mean_1,stdev_1,mean_2,stdev_2
b421d8e5-8b3f-4b1d-af2f-106a1922911a,307833.2,122290.21489893076,328840.8,131637.27031566706
