id,mean_1,stdev_1,mean_2,stdev_2
afa81112-35d5-4464-ad6b-2de989dc27f6,359258.26666666666,130189.48044214462,423172.86666666664,145005.0460882272
