id,mean_1,stdev_1,mean_2,stdev_2
c3a46fb8-86ce-48a5-8a42-746f9d449804,329061.2,119744.33766053407,364590.0,144795.62409824406
