id,mean_1,stdev_1,mean_2,stdev_2
761909cc-1c12-44ca-921d-43196a92b8db,366687.13333333336,144413.57346494668,336434.86666666664,128695.2512150917
