id,mean_1,stdev_1,mean_2,stdev_2
4b4674b7-a35e-453c-8c0d-ac147d3ed49c,262323.4666666667,107959.62334432668,276198.6,115717.49704505941
