id,mean_1,stdev_1,mean_2,stdev_2
fefe1b83-0a8b-4988-878f-309b6c822fe7,327739.26666666666,128911.69596560618,355152.93333333335,141151.0269498439
