id,mean_1,stdev_1,mean_2,stdev_2
bcf6dd58-99ea-4d08-abb0-2e3d6824d606,315401.06666666665,129876.56679245703,314077.93333333335,126201.8792889481
