id,mean_1,stdev_1,mean_2,stdev_2
98baca80-adb7-41f0-b0fc-adad4d38d23e,362182.6666666667,139398.5370218146,337894.13333333336,131992.23592210095
