id,mean_1,stdev_1,mean_2,stdev_2
593d4d16-f299-442f-b880-89f4b817826c,302090.86666666664,111844.10364363823,307424.8,122573.51772994579
