id,mean_1,stdev_1,mean_2,stdev_2
1c78098d-d91d-463d-9791-65e0d878e3a3,313911.93333333335,129648.58334511623,338244.2,138269.47681065887
