id,mean_1,stdev_1,mean_2,stdev_2
fc53f357-5687-4377-a6c7-7ba8c9d04553,312526.6666666667,130134.91968346629,275718.8,108665.77305984314
