id,mean_1,stdev_1,mean_2,stdev_2
8fc669b1-bb9b-43f1-811a-d93cdadabad0,361480.26666666666,138378.73114582634,316580.06666666665,124453.70621264045
