id,mean_1,stdev_1,mean_2,stdev_2
9f755118-6bb6-4fea-9ece-6537fa0816b9,355515.06666666665,141781.0315364114,313194.93333333335,116442.43484541574
