id,mean_1,stdev_1,mean_2,stdev_2
4a344f9d-7b1f-4be3-bc27-665e89dd2dcf,211538.4,125122.85518843734,220461.26666666666,94143.79589080148
