id,mean_1,stdev_1,mean_2,stdev_2
2f9e1e2d-1435-47b5-a361-220d7290d628,312185.6666666667,119828.54127497709,317331.6,124538.55668335542
