id,mean_1,stdev_1,mean_2,stdev_2
22ae6929-22f5-43cd-8902-e9d880499e43,335758.6,129217.0534379009,357076.4,132577.93006268676
