id,mean_1,stdev_1,mean_2,stdev_2
9994f9d9-a444-48cb-9483-8bfda5d860fc,182004.93333333332,76570.54972809207,177463.0,76859.48985258749
