id,mean_1,stdev_1,mean_2,stdev_2
2fc9f703-ee1e-45ac-8b47-19dc2cd9fdf8,362307.5333333333,138393.2840320737,359482.5333333333,134257.76973512143
