id,mean_1,stdev_1,mean_2,stdev_2
228cd495-758c-4d78-be80-8b61c78f67b3,363283.2,133061.1805074142,314010.73333333334,134370.90163497286
