id,mean_1,stdev_1,mean_2,stdev_2
e1b250e7-86c4-4c93-b503-b247e15f41f0,323490.2,126670.62234746196,326977.6,129870.36859925618
