id,mean_1,stdev_1,mean_2,stdev_2
6faba2fd-f45b-4088-a499-3abb0fbf787d,308633.4666666667,127299.82628156079,285923.0,118034.36283557428
