id,mean_1,stdev_1,mean_2,stdev_2
32d3b361-db10-4c3f-b9aa-c9c717f13ac0,250971.33333333334,99084.93714227653,332281.3333333333,136403.8277139693
