id,mean_1,stdev_1,mean_2,stdev_2
f23ac96d-51e3-4165-9175-4f3b77a1fb71,327636.4,128252.54130389258,410761.6666666667,158170.6570333308
