id,mean_1,stdev_1,mean_2,stdev_2
53f13da1-4b64-46c2-a2cf-228d6800a0cd,328345.3333333333,124350.2152308373,356911.0,139725.64474998854
