id,mean_1,stdev_1,mean_2,stdev_2
419d6165-21e3-4cb8-8f06-d56c08e060bb,383742.06666666665,162504.79168708296,387805.3333333333,172985.5109869674
