id,mean_1,stdev_1,mean_2,stdev_2
2265cb77-4090-4166-828e-1b50657a99d1,358163.73333333334,134994.54625550206,362104.2,137802.2385673034
