id,mean_1,stdev_1,mean_2,stdev_2
9afca69f-3a59-4049-8634-e409f7ad4888,325111.4666666667,125201.42936876648,339592.86666666664,132197.14494691463
