id,mean_1,stdev_1,mean_2,stdev_2
70e8f170-5018-4e4a-aae3-96ed474f640a,351633.4,143566.4211848996,305779.73333333334,113065.2461631287
