id,mean_1,stdev_1,mean_2,stdev_2
cb4a53de-b7bc-40ff-92a5-811b8f966fda,287745.0,123897.60521387543,288734.86666666664,125314.76406652525
