id,mean_1,stdev_1,mean_2,stdev_2
354980b5-a5a8-4b49-98b0-c36a467e38a3,322791.13333333336,129024.34772288353,337113.2,123943.86272567109
