id,mean_1,stdev_1,mean_2,stdev_2
7135347f-fab0-4386-a36b-cd4f4f6693a7,347809.5333333333,134889.6308695207,298096.73333333334,150629.011115153
