id,mean_1,stdev_1,mean_2,stdev_2
8759a729-0bb7-41ab-9725-d1f95ed192e8,289272.2,125768.34207393634,293113.2,122157.35597400591
