id,mean_1,stdev_1,mean_2,stdev_2
9469c752-c5d5-4a69-9a3f-feb842f5546c,356861.73333333334,145379.02658979237,352883.86666666664,141653.53845485902
