id,mean_1,stdev_1,mean_2,stdev_2
94e30391-4249-42cc-85e1-89b1e868441f,285027.26666666666,114362.65167933494,267834.5333333333,107496.10237267004
