id,mean_1,stdev_1,mean_2,stdev_2
ba0666bd-728f-4ab2-a44f-395414d4fcc8,320537.06666666665,130134.23387178163,279522.4,114302.56051013614
