id,mean_1,stdev_1,mean_2,stdev_2
ce016885-38e4-4ba4-8add-6c8e980f4914,301436.5333333333,108938.33008074902,328765.26666666666,120742.94757236226
