id,mean_1,stdev_1,mean_2,stdev_2
8a1e281f-7765-4f31-9c39-b1c36f1d4155,305550.6,125875.39123371177,301874.0,123224.82832070274
