id,mean_1,stdev_1,mean_2,stdev_2
f45c4c25-9149-4aba-adc9-f9a9c3a7c883,303317.4666666667,122141.8685817803,294661.3333333333,123479.73277244957
