id,mean_1,stdev_1,mean_2,stdev_2
d2c0ccd3-5d29-423d-8ea4-6704cf91899e,347207.6,127586.80464206841,358291.3333333333,144333.1900202522
