id,mean_1,stdev_1,mean_2,stdev_2
2bdb5aff-803e-4346-abf5-7f7b8d1f316f,377734.0,145914.13720906782,344739.26666666666,134391.777986337
