id,mean_1,stdev_1,mean_2,stdev_2
e769f281-5ac1-4a01-8630-bdd06af54917,356836.6666666667,143598.0295633923,293305.8,126770.17921220012
