id,mean_1,stdev_1,mean_2,stdev_2
95c6840c-58a6-4f08-8917-8149dd86d940,333834.4666666667,128494.75007893858,305957.93333333335,123377.8075806
