id,mean_1,stdev_1,mean_2,stdev_2
dba6be40-2744-415e-be7b-d8058dce3c31,326228.0,126849.24554288843,352454.3333333333,137548.28608585263
