id,mean_1,stdev_1,mean_2,stdev_2
ca093cc1-ebd8-43f2-b297-f1cad2b6b6d2,359040.86666666664,132410.4877612881,360935.73333333334,141217.8305868711
