id,mean_1,stdev_1,mean_2,stdev_2
90730ee5-c85a-4b82-b1f4-5a95058a54a6,340110.3333333333,132619.59485016618,338321.6,128408.158905785
