id,mean_1,stdev_1,mean_2,stdev_2
a1f801f1-21fe-495f-a7a0-005a76716826,297043.5333333333,132013.73677304276,101770.93333333333,99418.30143688613
