id,mean_1,stdev_1,mean_2,stdev_2
f26eb32b-4fcb-4ec3-96ac-d09918dee184,356551.13333333336,132655.1325841392,373447.4666666667,148622.9601785972
