id,mean_1,stdev_1,mean_2,stdev_2
a3c19a57-b701-479c-8ad8-32eeaaaf8671,278947.6,116808.85169700683,291857.8,119204.717635503
