id,mean_1,stdev_1,mean_2,stdev_2
37504f6d-4707-4fc7-9d7d-a6f753635739,306088.6,120744.32099760772,298315.3333333333,121791.03267026227
