id,mean_1,stdev_1,mean_2,stdev_2
246f1743-74bb-4655-a666-4914531d454e,349863.8,138372.36218946805,291940.93333333335,114001.11930354993
