id,mean_1,stdev_1,mean_2,stdev_2
508ac111-38f8-4903-ad72-bc6aeb3b638a,327469.73333333334,139669.50132483788,283998.5333333333,117803.99270815156
