id,mean_1,stdev_1,mean_2,stdev_2
318b0724-9f9d-4489-9e37-4017e8796cc6,275442.2,114652.97082308857,280618.26666666666,116642.69191593427
