id,mean_1,stdev_1,mean_2,stdev_2
f2a90905-229f-4319-9370-5aaeb68f6c9f,280417.4666666667,118860.6938797777,277711.2,116731.9340101928
