id,mean_1,stdev_1,mean_2,stdev_2
b0309a6b-8795-43c1-a928-37f2a5bd909a,368969.2,152148.50765932607,117280.13333333333,100332.29477681761
