id,mean_1,stdev_1,mean_2,stdev_2
4f8fc265-f62c-48f3-a970-024c444f6b27,362434.73333333334,141696.4591044141,317893.73333333334,129682.16314742577
