id,mean_1,stdev_1,mean_2,stdev_2
03abc702-fdef-4de1-b373-4950b6c43fbe,382081.13333333336,141713.04052949944,366301.6,138956.56795166852
