id,mean_1,stdev_1,mean_2,stdev_2
6ce767df-11df-49bb-b763-a679d7e28ed3,81502.66666666667,68091.44590687503,302296.4666666667,115301.87903231337
