id,mean_1,stdev_1,mean_2,stdev_2
9f2e3cbb-3795-46eb-86c5-be63d70418e2,339890.4,133150.05241245683,359216.3333333333,134432.10709681257
