id,mean_1,stdev_1,mean_2,stdev_2
7d3fdeab-9a5b-479f-94b0-b6ca13050be8,303856.93333333335,113133.17680236668,336312.6,123767.37571471195
