id,mean_1,stdev_1,mean_2,stdev_2
fad6922c-ff58-4331-ab48-80ae0df4917b,263324.5333333333,108041.29538891856,292087.0,127972.93481409783
