id,mean_1,stdev_1,mean_2,stdev_2
06216ee3-5987-41ea-87ec-a23bb72dacff,312151.4,128349.18713821292,326811.86666666664,141786.3329562558
