id,mean_1,stdev_1,mean_2,stdev_2
1a0d6b8d-3e07-4b1d-b04c-258b430b9f3f,343383.93333333335,134746.3305447025,337403.4666666667,134595.26492159953
