id,mean_1,stdev_1,mean_2,stdev_2
9521e599-f30c-41ec-9970-7bb6ec35b6b3,287677.4666666667,111795.26150594318,291983.26666666666,110785.98422752864
