id,mean_1,stdev_1,mean_2,stdev_2
bd45c45d-97c4-4073-9bc0-368bbe892ef8,376848.2,149863.16125906326,345189.5333333333,142047.01690537384
