id,mean_1,stdev_1,mean_2,stdev_2
cf915ffb-fdb7-4c5a-a18a-9ab38952cae0,303912.6666666667,116728.46176756645,337531.8,126666.81791545356
