id,mean_1,stdev_1,mean_2,stdev_2
0a5c1f2f-7915-4d76-95e8-d70e0e9562da,332399.5333333333,132469.58578222987,339453.0,137043.18960240236
