id,mean_1,stdev_1,mean_2,stdev_2
5f25c775-1e2b-43e8-ba4a-4fde1dfc9474,339956.6666666667,130128.85738921333,273720.6666666667,108926.22970963219
