id,mean_1,stdev_1,mean_2,stdev_2
f45400cd-fc67-4745-a18d-c89f1d6cfc35,294313.26666666666,116021.94235084248,319685.2,125209.95754502382
