id,mean_1,stdev_1,mean_2,stdev_2
a4cb3734-66a4-4531-abf9-64b27d31fdb7,329157.2,120000.63133733923,318630.0,115881.86010070774
