id,mean_1,stdev_1,mean_2,stdev_2
2928086f-d490-482d-8398-856d270c3618,324140.3333333333,121036.60885074767,326902.26666666666,121436.40046513602
