id,mean_1,stdev_1,mean_2,stdev_2
24639f74-96be-43df-9822-e4834bbd553a,359988.6,137710.70723116148,389912.5333333333,146836.7089115737
