id,mean_1,stdev_1,mean_2,stdev_2
66d1f1f6-87d8-4c86-bee4-8fd293266e09,296127.8,121074.55248025217,287175.5333333333,110552.36021473666
