id,mean_1,stdev_1,mean_2,stdev_2
e49ca2b6-4f37-4722-96d9-80b72fe75afc,314161.06666666665,130074.65785641037,275488.8,112466.14002160827
