id,mean_1,stdev_1,mean_2,stdev_2
b87cfcab-e201-4417-8a71-c05204395c16,316159.6,123730.09424108051,309046.93333333335,124166.21424121603
