id,mean_1,stdev_1,mean_2,stdev_2
6075fa3f-9337-4852-946c-2447246c2b9f,472839.86666666664,184873.59891192924,412552.06666666665,159049.98430533995
