id,mean_1,stdev_1,mean_2,stdev_2
ed022a36-a8bc-4568-b069-aa28da5f6a91,278039.5333333333,114549.40985086837,259863.53333333333,102680.8323358465
