id,mean_1,stdev_1,mean_2,stdev_2
2fa4a293-8356-4859-af1d-2881955ba449,317320.0,123122.42250649013,280002.2,112922.33616086177
