id,mean_1,stdev_1,mean_2,stdev_2
7ff66681-91cd-4b96-8de2-869a987f67e6,274718.6666666667,116014.21980697979,282381.4666666667,116131.70940839352
