id,mean_1,stdev_1,mean_2,stdev_2
583d1a81-72f5-45b8-9998-8337cb2d06b0,354292.73333333334,130448.7753224571,296972.13333333336,111243.99308299253
