id,mean_1,stdev_1,mean_2,stdev_2
35e966c3-3596-4a3f-b080-4f792f71e4ae,303658.73333333334,128605.65427148044,287805.8,120189.95028548215
