id,mean_1,stdev_1,mean_2,stdev_2
bac5cf64-c267-4e53-8316-0bf185ae8158,337733.26666666666,129832.32802065214,369375.06666666665,140287.56903753884
