id,mean_1,stdev_1,mean_2,stdev_2
186db710-6d28-4246-9e55-202eace2a07b,306953.4,117524.47757909838,300391.0,114529.18502285783
