id,mean_1,stdev_1,mean_2,stdev_2
16ddd2d2-11c7-43bc-a55e-388f434e789d,319743.2,130604.9035027399,295828.8,120585.07314600206
