id,mean_1,stdev_1,mean_2,stdev_2
6be202dd-4ece-4fad-908b-a0db31cb7470,302819.6666666667,117582.45259202392,329394.0,124716.15751136659
