id,mean_1,stdev_1,mean_2,stdev_2
1da57727-e284-4d04-9be3-c6aad25d03f8,320365.13333333336,125018.7952892773,329863.5333333333,139808.36545207954
