id,mean_1,stdev_1,mean_2,stdev_2
8445559d-6183-4d9e-8652-a5b3dd8c323f,327505.8,125076.20256531615,318207.8,121838.52279920885
