id,mean_1,stdev_1,mean_2,stdev_2
a5df2197-8d0d-4006-8102-6235ad064012,314007.73333333334,126133.12895744541,309311.0,127595.65134387091
