id,mean_1,stdev_1,mean_2,stdev_2
5326069f-f02c-4de1-8b7a-52023696606b,327070.6666666667,129452.53505624713,318601.06666666665,123815.03649959303
