id,mean_1,stdev_1,mean_2,stdev_2
d884c24b-6f17-4599-8a0f-0bee2b388785,367726.13333333336,145880.1210829708,367882.8,143262.1329299081
