id,mean_1,stdev_1,mean_2,stdev_2
ecbadd34-6b02-48c8-b203-213bc9388dee,347795.93333333335,139334.61685188726,382033.3333333333,152964.63528396212
