id,mean_1,stdev_1,mean_2,stdev_2
aa018812-7b85-416e-9cb5-3c7898eeb198,288294.4666666667,119100.75577530515,297004.2,120929.59662282844
