id,mean_1,stdev_1,mean_2,stdev_2
61d7724f-dd05-4ab3-8fec-ef0bceafb4c7,361299.93333333335,139725.44507591389,441585.4,168416.1605146806
