id,mean_1,stdev_1,mean_2,stdev_2
0147cca2-2f2b-40d2-8307-60b0bfcf0413,217405.0,100219.17364789368,267939.8,143883.6102911887
