id,mean_1,stdev_1,mean_2,stdev_2
210bba15-4583-4057-9549-d9eee0a2831b,337698.06666666665,133795.94155801422,320920.2,129232.65795466202
