id,mean_1,stdev_1,mean_2,stdev_2
220f2a10-da95-4864-a3b6-d15399cbdfbb,300433.3333333333,120787.196554197,321755.4666666667,133436.90508044948
