id,mean_1,stdev_1,mean_2,stdev_2
d4fff626-0b51-4a5c-9a10-60c6a1e7b223,356609.4666666667,130515.00350374368,340125.2,124179.44251294844
