id,mean_1,stdev_1,mean_2,stdev_2
b7c7529f-c191-4503-a889-71699b04804a,352662.73333333334,130419.44981965775,351933.8,128696.96268946418
