id,mean_1,stdev_1,mean_2,stdev_2
ee3092cf-ced7-43a2-92ea-1f63912db6e2,337911.13333333336,127807.7834410548,378664.4666666667,150032.02798552343
