id,mean_1,stdev_1,mean_2,stdev_2
56deddab-3985-4539-b6bc-5ac3a0fc7e03,296979.73333333334,124351.12733785552,304077.3333333333,121657.69530321084
