id,mean_1,stdev_1,mean_2,stdev_2
af553092-be82-47cf-b1df-564b3183cd35,318846.3333333333,130350.76025282282,291147.6666666667,139966.72163561673
