id,mean_1,stdev_1,mean_2,stdev_2
17542528-778c-4ab6-9e43-d6aa0a7033e1,119852.13333333333,54923.1857438085,121332.06666666667,55807.220547723235
