id,mean_1,stdev_1,mean_2,stdev_2
17d5d1d8-4ec8-49be-a758-abe1d3bedf2e,374538.5333333333,142346.93109951087,371174.06666666665,147759.76360677113
