id,mean_1,stdev_1,mean_2,stdev_2
dbcf88cf-6800-4b17-b413-066c63e32cb1,285061.0,114188.28346667913,259397.06666666668,104318.26853973797
