id,mean_1,stdev_1,mean_2,stdev_2
a07b9b7a-5a2a-4d9d-aa18-880101b6edad,309770.0,122245.61708843935,296759.06666666665,114243.92607309832
