id,mean_1,stdev_1,mean_2,stdev_2
71810404-afc9-4b31-88a6-523fc72a2a4d,319940.4,127196.49486040616,341060.4,138192.98291727167
