id,mean_1,stdev_1,mean_2,stdev_2
f7809baf-eb68-4b98-8039-249c01ad87b9,299843.06666666665,122744.35041090712,341606.5333333333,133483.39745295
