id,mean_1,stdev_1,mean_2,stdev_2
30065491-edf6-4f9b-8be2-3747d6a24d37,330695.3333333333,133832.30233625296,318020.4666666667,124361.89881302963
