id,mean_1,stdev_1,mean_2,stdev_2
55421b01-abab-4474-be95-84c20f6ac072,375509.4666666667,159379.6639641192,319816.4,121077.84875954808
