id,mean_1,stdev_1,mean_2,stdev_2
04b4d667-dc84-4527-9821-a37cd894fd84,263594.86666666664,114544.85088724951,247855.4,105190.25692892537
