id,mean_1,stdev_1,mean_2,stdev_2
da525d0f-f506-463d-893a-8a2d20a0ddd2,333436.93333333335,135874.7871061033,358697.2,143144.4194419049
