id,mean_1,stdev_1,mean_2,stdev_2
f45f6d1d-df37-40b9-9d08-b5a8f8e86eff,286913.6,117220.21218646552,279228.6,113062.73993778852
