id,mean_1,stdev_1,mean_2,stdev_2
e869e1f4-582d-47be-97f7-be6d10d02216,323147.93333333335,136026.45669793634,308468.8,121784.93101102454
