id,mean_1,stdev_1,mean_2,stdev_2
c430ced9-4d60-49f8-a1c4-2c7d3100cf50,341652.93333333335,139405.77067131124,330483.2,143627.54719119865
