id,mean_1,stdev_1,mean_2,stdev_2
bbe47bc9-4283-43e0-93f3-fa7c1857bb81,381413.4,141982.9694274634,347600.6666666667,126181.8949789901
