id,mean_1,stdev_1,mean_2,stdev_2
c27a058d-8e04-441d-888d-4c776b583095,368690.5333333333,137974.4162922323,338824.3333333333,132456.14840274077
