id,mean_1,stdev_1,mean_2,stdev_2
663e8218-b1f3-43b3-b4bf-43627c55d0c8,308162.6666666667,125664.1883421402,333046.13333333336,133237.4552293094
