id,mean_1,stdev_1,mean_2,stdev_2
95b45428-0039-4ea2-8ff3-ac82356a2dcc,357631.4666666667,138996.8259670542,355344.3333333333,139060.3758812057
