id,mean_1,stdev_1,mean_2,stdev_2
8c9bd19f-47e0-4bef-b8a9-064d42de360a,334358.5333333333,133692.68444003293,349183.3333333333,146109.27152085715
