id,mean_1,stdev_1,mean_2,stdev_2
c20e7fac-8287-41f1-ac03-8453f8c97d39,326460.13333333336,124187.77511218871,337233.0,128322.86489060838
