id,mean_1,stdev_1,mean_2,stdev_2
8f0cf106-b9c7-474a-8982-abe830ab56fd,310373.5333333333,117961.05022922702,339811.0,129515.17140165472
