id,mean_1,stdev_1,mean_2,stdev_2
c6b784a7-c15f-402f-ac15-1f826c0dffa4,306649.13333333336,114239.71085739943,316450.0,122148.13384138675
