id,mean_1,stdev_1,mean_2,stdev_2
49253bf9-6f4d-4167-8672-8a8043cc0acf,369356.93333333335,139490.33586427732,377267.0,148278.07505494534
