id,mean_1,stdev_1,mean_2,stdev_2
2f01efb1-8201-47e5-a337-c323942ce505,341908.4,133484.71635749168,345255.0,134038.74851400248
