id,mean_1,stdev_1,mean_2,stdev_2
ece8ef03-2cef-4885-97e2-b648f0a62d11,289730.73333333334,121149.15510695436,307591.06666666665,127264.37533757128
