id,mean_1,stdev_1,mean_2,stdev_2
fc326834-18c0-4485-9acb-0368f506416d,316950.13333333336,118496.10433701561,296050.3333333333,114139.54065304842
