id,mean_1,stdev_1,mean_2,stdev_2
75e6d026-9ac1-4279-bc80-c2271144b77f,340032.26666666666,125865.83301884944,345133.6,129982.39292499068
