id,mean_1,stdev_1,mean_2,stdev_2
9a8880af-ab95-4957-b041-730915ad6e5b,127775.06666666667,71270.11953730836,144560.73333333334,87922.2377137636
