id,mean_1,stdev_1,mean_2,stdev_2
d9ddd29d-12cc-4268-9362-498ab420ff76,350129.13333333336,138691.83772323764,299137.6,118873.79408644562
