id,mean_1,stdev_1,mean_2,stdev_2
22a763db-9f43-4be8-925b-91f87ea9e712,343334.6,139875.37251796687,374998.06666666665,133064.7792164737
