id,mean_1,stdev_1,mean_2,stdev_2
c8368e5a-d535-4d14-a987-44cf1c13d9e9,287450.06666666665,112531.36795428296,292282.6666666667,116279.58563317219
