id,mean_1,stdev_1,mean_2,stdev_2
797bbd65-6e42-458d-921c-3dc7cadd3430,161044.2,63066.1145584008,144303.6,54322.294180566416
