id,mean_1,stdev_1,mean_2,stdev_2
970095e5-f990-48a9-b712-8ca35fcee9af,276225.4666666667,109214.5140420855,290716.06666666665,110698.98415521054
