id,mean_1,stdev_1,mean_2,stdev_2
d1833bc8-221d-4371-a83a-3ef99a13cc14,366175.2,144381.0722729726,359646.4666666667,141061.50603140777
