id,mean_1,stdev_1,mean_2,stdev_2
816bdd4e-fd40-4351-8a64-453e8d2b5542,282038.06666666665,107913.46468133108,291739.73333333334,112706.5814549542
