id,mean_1,stdev_1,mean_2,stdev_2
e018a464-0a74-4f49-a54b-8dcc48918a2a,323406.3333333333,131515.66339548895,351894.3333333333,131812.75083676676
