id,mean_1,stdev_1,mean_2,stdev_2
7ca70bb8-01dc-4b3a-a3c4-4398cd25bf72,312640.26666666666,127015.87314214796,314332.93333333335,137339.7332153453
