id,mean_1,stdev_1,mean_2,stdev_2
987c269e-dea7-4df8-af21-adc2bcd0e076,363056.2,140020.33725674756,353436.93333333335,135080.3609784273
