id,mean_1,stdev_1,mean_2,stdev_2
e8c93f85-21e4-407d-bf6f-69dc3e86839c,301338.26666666666,118402.93191497508,283273.8,108369.13569659338
