id,mean_1,stdev_1,mean_2,stdev_2
75b29ed4-745b-48b1-9a89-03dc03b141d2,302630.5333333333,125914.51716931698,316785.2,124945.10760393942
