id,mean_1,stdev_1,mean_2,stdev_2
a56d0fc2-7aa6-4c67-9521-0e867eabedd0,339811.4,127932.76543862144,356680.3333333333,135001.97441996503
