id,mean_1,stdev_1,mean_2,stdev_2
29c96fe1-9b3a-427b-8ff9-46d9c32b10dc,353022.86666666664,146928.3833613581,369904.4666666667,139218.80093525042
