id,mean_1,stdev_1,mean_2,stdev_2
863bf515-0cd1-4104-8b29-ea9c704d27d1,338360.6666666667,138474.80914191177,298009.4666666667,120365.50424373624
