id,mean_1,stdev_1,mean_2,stdev_2
69e170d3-cf5f-48c8-bf91-31d8e6aa304a,328045.3333333333,136357.5663411785,273151.26666666666,108123.48157143706
