id,mean_1,stdev_1,mean_2,stdev_2
8ce1f8c0-1f66-4bdf-a85d-f9dc5bb3df95,272188.2,116428.57525722224,286113.93333333335,123545.39948886084
