id,mean_1,stdev_1,mean_2,stdev_2
f0894ea9-5309-4c68-b33b-51113dfb9f0d,289821.93333333335,112783.85066161831,313118.4,123386.71286314963
