id,mean_1,stdev_1,mean_2,stdev_2
7d23aed0-bf48-438d-a5d4-200eec9b0fe5,369799.06666666665,144140.69926913618,358656.6,134777.8552338625
