id,mean_1,stdev_1,mean_2,stdev_2
5ac0d012-96dc-4b50-b387-120bd67e0407,385817.73333333334,143948.6296558448,380953.5333333333,141542.24462958833
