id,mean_1,stdev_1,mean_2,stdev_2
8b03344a-d5d1-4634-9e31-62a8766bc5cd,321916.73333333334,134309.67376649464,306562.2,124802.9133758236
