id,mean_1,stdev_1,mean_2,stdev_2
57596278-fb26-4790-9700-c7266f6aefd1,349147.4,136399.77131544857,355190.86666666664,135512.69158317073
