id,mean_1,stdev_1,mean_2,stdev_2
0e540132-007a-4702-a20e-e1c71ab4daf6,277400.06666666665,111748.67673457657,292586.4666666667,118728.58974477134
