id,mean_1,stdev_1,mean_2,stdev_2
f0bb109f-d2b0-4f94-a277-e1da6f416c3f,334104.93333333335,127708.93151144736,354476.86666666664,134782.2822529562
