id,mean_1,stdev_1,mean_2,stdev_2
f2339aff-584e-4286-ade5-279d9bf8e649,264998.13333333336,108261.52178489929,285151.06666666665,122189.70048547008
