id,mean_1,stdev_1,mean_2,stdev_2
215802c7-05ba-4e35-87d1-b0bbe9e68979,345303.6666666667,130793.36742392134,339484.6,127712.27302537007
