id,mean_1,stdev_1,mean_2,stdev_2
8b589c51-7c01-4bf9-a89b-f881a7d5de0b,279142.6,114686.6324641775,294377.6,115159.23729040005
