id,mean_1,stdev_1,mean_2,stdev_2
adf31f62-6808-47a6-afb7-a067c8f22fe8,311021.6666666667,128700.08545693441,307719.4666666667,135768.04450182262
