id,mean_1,stdev_1,mean_2,stdev_2
814c9529-e79b-4001-9158-b3b0668b5dbb,323077.4666666667,127639.56055438124,324184.93333333335,121139.33900676342
