id,mean_1,stdev_1,mean_2,stdev_2
8732865a-de6e-4d91-b7a6-d1ad067ff8da,396343.5333333333,162936.76860421104,323808.86666666664,116833.30924233704
