id,mean_1,stdev_1,mean_2,stdev_2
4c7ec052-1998-4f81-9ef9-e3a7b484f49b,352245.13333333336,132946.34189068744,398586.4666666667,152698.32942717118
