id,mean_1,stdev_1,mean_2,stdev_2
4b97dd48-d5f7-4e67-a7b0-ac9a2bb9e0e6,328949.4,135468.6483300595,325336.86666666664,127900.06020372138
