id,mean_1,stdev_1,mean_2,stdev_2
246f6173-78a5-4a6d-9659-a473840ee7a3,323222.6666666667,124202.42409801116,331993.13333333336,128136.16873980412
