id,mean_1,stdev_1,mean_2,stdev_2
816c4bb9-912b-403a-98d9-2d368ddad1ba,372898.86666666664,146791.77202594004,370759.73333333334,147020.65207467356
