id,mean_1,stdev_1,mean_2,stdev_2
6a4c4645-634b-4a4d-93bc-b91f42855672,360634.0,150496.85702720395,345548.93333333335,131626.26121128802
