id,mean_1,stdev_1,mean_2,stdev_2
837359bf-f990-45a2-b416-8e2624040e0d,323583.5333333333,121609.91222531527,301402.06666666665,117550.47633561034
