id,mean_1,stdev_1,mean_2,stdev_2
fdb8332c-6a96-4460-9a87-a62dec15b921,342513.6,143486.9807054749,332430.93333333335,134693.17580905458
