id,mean_1,stdev_1,mean_2,stdev_2
d2c57dbf-8a05-432b-b2b5-26d16b244651,237233.86666666667,97797.07981384492,291396.86666666664,126786.46974072415
