id,mean_1,stdev_1,mean_2,stdev_2
f4f647c5-79d1-49c5-9730-32c8dc9f49bc,342807.6,128494.02310655023,334999.93333333335,123551.32225946519
