id,mean_1,stdev_1,mean_2,stdev_2
bda62174-a9fb-47cb-b5b5-5bf9b967e1c0,440482.93333333335,165853.8420049278,448272.4666666667,168028.73153476525
