id,mean_1,stdev_1,mean_2,stdev_2
57489893-b04f-4a6e-8c22-c92dd40b76e7,332507.6666666667,121296.05879316754,331963.8,123992.17586186637
