id,mean_1,stdev_1,mean_2,stdev_2
bf5df9d2-1360-400a-8902-a019be820cd5,349682.8,137418.5653120664,351308.73333333334,137933.12899153543
