id,mean_1,stdev_1,mean_2,stdev_2
a16dc12f-50e4-4b5c-b889-4ee780e21e11,260698.4,115193.82520361063,263459.26666666666,115114.35778011744
