id,mean_1,stdev_1,mean_2,stdev_2
285e0e82-316b-4090-9c43-58cab2c20c17,291744.86666666664,113627.10363574745,331131.6666666667,130015.87301795969
