id,mean_1,stdev_1,mean_2,stdev_2
cb632f0e-924a-46c9-b8f8-24e5b38e8ee6,324235.6,119117.16768056568,307587.4,113491.08763117333
