id,mean_1,stdev_1,mean_2,stdev_2
37e45bcb-42d4-47d5-a045-8d3b3758d04c,349613.86666666664,137847.92513774819,358155.8,140505.60116958566
