id,mean_1,stdev_1,mean_2,stdev_2
bc7ad69e-7e44-48cf-b39b-f9409981ff61,361566.6666666667,124132.12605589077,342357.6,119354.30574319471
