id,mean_1,stdev_1,mean_2,stdev_2
42dd851e-607f-4575-8e90-a4a42ecd9dcb,301039.5333333333,115374.42517523351,303112.73333333334,123364.90574036397
