id,mean_1,stdev_1,mean_2,stdev_2
848a5d63-537a-4f78-8aa2-7aba24890c0d,309708.4,130025.99393854548,310647.86666666664,121484.3354664113
