id,mean_1,stdev_1,mean_2,stdev_2
59d61f4b-b5fa-4d8a-b139-de0c7428f698,161769.66666666666,58984.48729020952,258147.66666666666,100306.95906244768
