id,mean_1,stdev_1,mean_2,stdev_2
7ca84e36-392e-42e0-bd8d-338af3524624,352506.0,141636.4294509008,325341.73333333334,132043.90466480795
