id,mean_1,stdev_1,mean_2,stdev_2
5d4b476f-c7e5-47d8-8dca-fbd8823fd927,378541.4,135595.03324129048,452878.73333333334,159790.42658201468
