id,mean_1,stdev_1,mean_2,stdev_2
06e97fa5-fceb-4428-8599-1706d3775bf4,363353.93333333335,139103.50496636986,330518.86666666664,130966.39521845119
