id,mean_1,stdev_1,mean_2,stdev_2
e2f4d5cd-51f6-465d-8a09-00aef5992d26,267527.8,134540.10827417477,188778.4,106879.94272690582
