id,mean_1,stdev_1,mean_2,stdev_2
f96ac6d9-b1ce-4f90-8110-276b3bab57ee,297556.26666666666,125652.83154070009,366743.5333333333,129235.42411421964
