id,mean_1,stdev_1,mean_2,stdev_2
8803bf48-3567-4897-99e0-bf46957f9c74,278785.3333333333,112063.31938368098,299403.2,115962.63783546837
