id,mean_1,stdev_1,mean_2,stdev_2
8910657c-76e9-4e20-a86e-828a08067779,337519.13333333336,127739.8033649479,320523.86666666664,119757.84082158834
