id,mean_1,stdev_1,mean_2,stdev_2
78867760-c4ac-49f3-b2d3-8c1da9cd599d,331318.93333333335,125558.77249451305,317926.26666666666,125412.78141160717
