id,mean_1,stdev_1,mean_2,stdev_2
f83ccfa9-a546-49cf-8bc3-fa3f9829cf46,338616.2,131087.0577904623,347219.8,138411.58686285384
