id,mean_1,stdev_1,mean_2,stdev_2
069f9509-9bbe-4417-9708-31c4c9cee8df,336873.3333333333,127108.42645797414,352380.2,135633.8327690649
