id,mean_1,stdev_1,mean_2,stdev_2
b82594ec-181e-4441-ab3a-09a05ff66e76,326575.0,130295.35773209011,309784.5333333333,118084.27612676559
