id,mean_1,stdev_1,mean_2,stdev_2
47bd3588-1e72-4d10-a0cc-1a58cbf8b5c5,341764.06666666665,126449.40175077495,344217.8,134579.8483261641
