id,mean_1,stdev_1,mean_2,stdev_2
448c6ab3-930e-42b6-904c-ca0839e51f80,313346.06666666665,123691.34681319556,318983.8,126477.44667631459
