id,mean_1,stdev_1,mean_2,stdev_2
157af602-2d3c-40d7-8da8-bc795dbab74b,291848.4,111898.3871428598,293338.93333333335,114398.52761608816
