id,mean_1,stdev_1,mean_2,stdev_2
4a690514-e917-4d1c-ba89-66e4fd839186,324016.73333333334,124465.96079328499,328173.06666666665,125617.02203892946
