id,mean_1,stdev_1,mean_2,stdev_2
5b7035cf-f4b6-48ac-ba9f-372ba83592c3,406317.06666666665,153192.8094354591,361600.13333333336,140940.16267190207
