id,mean_1,stdev_1,mean_2,stdev_2
e9e52aa8-edd1-47ac-b037-680bfb5d5f3f,371972.5333333333,145110.73298593579,349453.6666666667,133110.70380685228
