id,mean_1,stdev_1,mean_2,stdev_2
e28f6f26-aa2f-4767-8b2a-9195e69b2752,303675.73333333334,117223.80352099524,287374.8,112256.0564318321
