id,mean_1,stdev_1,mean_2,stdev_2
4658c2c6-304d-4d6d-a9ca-42de892a2871,320374.2,122722.36661353412,346121.3333333333,126724.7843697339
