id,mean_1,stdev_1,mean_2,stdev_2
bb7e89f8-96d2-4b6f-8732-2c9a02c8f50f,303361.6666666667,115154.0404702424,337332.13333333336,134743.6230960445
