id,mean_1,stdev_1,mean_2,stdev_2
ffef5d92-f5cd-4979-aadd-91c82d6ce658,347169.4,127100.26797443558,331277.73333333334,119722.22281011807
