id,mean_1,stdev_1,mean_2,stdev_2
1eebe81d-cefd-4022-a2af-a1a84a675313,337561.6,138761.32119472872,325553.4666666667,134670.08877691522
