id,mean_1,stdev_1,mean_2,stdev_2
71373da1-82af-4112-b340-fdc8348c498b,339405.06666666665,124919.47892380737,333141.73333333334,130266.65205516807
