id,mean_1,stdev_1,mean_2,stdev_2
33060c97-cbd6-4243-97f5-f53e1a5c6244,340950.3333333333,133263.5108095569,352603.13333333336,134922.89890593896
