id,mean_1,stdev_1,mean_2,stdev_2
4201da13-0d34-4130-8115-786f7585487e,345897.3333333333,132578.42661995286,336746.8,132635.24341802974
