id,mean_1,stdev_1,mean_2,stdev_2
bdb81cac-4c59-4c71-b595-a28a27894a7c,332004.3333333333,131023.1061325529,330000.4666666667,129754.80108978198
