id,mean_1,stdev_1,mean_2,stdev_2
b83f11e8-378b-4149-a8db-f70ab6b4dcdc,330824.93333333335,126518.25718657719,308373.13333333336,120344.151496651
