id,mean_1,stdev_1,mean_2,stdev_2
c48d06a9-2158-4f87-99b1-b3eba5ad9cc3,296217.8,114219.7064936403,303980.4666666667,116294.73769858302
