id,mean_1,stdev_1,mean_2,stdev_2
93af8b16-8c5d-47cb-ac47-3b0fa66a2de5,317192.86666666664,129933.03292638439,324029.26666666666,123301.08807709506
