id,mean_1,stdev_1,mean_2,stdev_2
af188ff3-4938-41a5-a379-134b41e901dc,281470.13333333336,140688.09096431092,222126.66666666666,105712.02789633523
