id,mean_1,stdev_1,mean_2,stdev_2
5a1eae66-a0fb-4bc2-804d-2c8e8d57b00e,304726.4,124821.54012925814,325339.6,140303.63490363795
