id,mean_1,stdev_1,mean_2,stdev_2
ea7f7331-b82c-410a-b479-ee9350c328db,309956.5333333333,125312.48965359449,301975.26666666666,115930.5379201797
