id,mean_1,stdev_1,mean_2,stdev_2
6d0dda4f-73e8-4ccc-aa95-0122d3a4f041,378944.73333333334,154142.68992526227,317780.4,122702.2588152856
