id,mean_1,stdev_1,mean_2,stdev_2
8675fe26-ff83-4880-aa0a-dac6f86560f6,319259.3333333333,122555.91666373717,329750.6666666667,128020.73359403765
