id,mean_1,stdev_1,mean_2,stdev_2
1c9a29a0-5216-455d-a267-3e6c21bb506c,439194.3333333333,165976.63887453824,434418.8,164607.39748796227
