id,mean_1,stdev_1,mean_2,stdev_2
0458ec4e-7f40-49c7-86cd-080fd9624fcb,283300.06666666665,106675.00322660203,311801.8,126769.38044717266
