id,mean_1,stdev_1,mean_2,stdev_2
0feddf0f-e108-4879-8322-e5fa8386dd79,315846.73333333334,128545.37998100992,331527.4666666667,127941.97572747144
