id,mean_1,stdev_1,mean_2,stdev_2
7d0b03a4-7476-42b7-9d0a-24860d9d4f24,171403.0,66297.9276679646,323873.6666666667,126512.9380680973
