id,mean_1,stdev_1,mean_2,stdev_2
3753fc6b-ba5b-486a-a3c5-224a7aef1253,282698.86666666664,117760.12591810901,285908.86666666664,119476.90646975349
