id,mean_1,stdev_1,mean_2,stdev_2
60d3e129-059a-419e-9944-862f9684d050,356982.73333333334,142862.2121815127,327918.13333333336,135211.54683525453
