id,mean_1,stdev_1,mean_2,stdev_2
0b81742b-4a65-49cb-b547-cf6448629c51,371121.86666666664,146002.85307571522,374867.6666666667,152761.32310226813
