id,mean_1,stdev_1,mean_2,stdev_2
0b8f267a-36b8-4391-abe1-5fb2b233b273,295224.26666666666,127177.35319438319,292918.0,122980.1987893444
