id,mean_1,stdev_1,mean_2,stdev_2
12163c16-6faf-4b0f-a5a6-4e36afd74b19,304727.4666666667,126622.86330983922,296944.06666666665,121717.70487729202
