id,mean_1,stdev_1,mean_2,stdev_2
414c6c90-3eb6-45da-a3c5-324e5264d66a,326911.8,129966.27686144845,304511.4,126852.08870691356
