id,mean_1,stdev_1,mean_2,stdev_2
d58e100e-aed6-434f-8a0a-f918c7a60922,324905.73333333334,131578.06162855905,312233.2,122884.76459252383
