id,mean_1,stdev_1,mean_2,stdev_2
38b2dd88-3b3a-44e8-875d-e55ece2c3472,314033.6666666667,125698.69863217448,288873.73333333334,123433.0857976454
