id,mean_1,stdev_1,mean_2,stdev_2
d6069067-976b-4d1d-b63a-a044547c4327,116764.26666666666,52098.46330614966,129896.33333333333,74936.13015776985
