id,mean_1,stdev_1,mean_2,stdev_2
7821252a-830f-48be-b6ef-6be3fc8fc458,426354.06666666665,164945.54793283212,381703.06666666665,152958.50462504165
