id,mean_1,stdev_1,mean_2,stdev_2
c68bb550-aed2-48b8-af9f-413dc0029d9e,275920.26666666666,113323.83952165091,292938.13333333336,120536.77157441303
