id,mean_1,stdev_1,mean_2,stdev_2
e3630e2c-9db4-4ee0-a4d8-60d5a75ac0a5,293462.4666666667,114534.6553254322,310054.3333333333,127751.16356295504
