id,mean_1,stdev_1,mean_2,stdev_2
7637ae5d-4b57-491e-ae13-e101d8068127,319243.86666666664,125195.74173315783,277455.0,101798.2455434932
