id,mean_1,stdev_1,mean_2,stdev_2
4cb53754-b127-49f4-b7db-775475f18bad,252467.73333333334,126928.53382459842,229527.33333333334,136103.70890252118
