id,mean_1,stdev_1,mean_2,stdev_2
af03d683-10bb-4bbb-810b-570c55b5136d,389669.93333333335,150565.86393622635,347209.93333333335,139507.34971580846
