id,mean_1,stdev_1,mean_2,stdev_2
8aa56dd1-6f9a-4666-bc40-b18bdfbf0b4b,340663.4,140090.5346237687,366889.5333333333,147418.9437179481
