id,mean_1,stdev_1,mean_2,stdev_2
8850cacc-4fef-45d5-9550-6aad7aaae4d8,326336.8,124842.96036765551,411479.93333333335,160280.37634531423
