id,mean_1,stdev_1,mean_2,stdev_2
648f18bd-671e-4a05-8167-6de7e431555b,272518.26666666666,109730.06084354865,273252.6,111345.70247465023
