id,mean_1,stdev_1,mean_2,stdev_2
3315cb02-2619-42b6-a01d-fc98bf0c6c3c,316298.6666666667,118890.27774193969,378642.93333333335,149640.42698079805
