id,mean_1,stdev_1,mean_2,stdev_2
20822859-fadc-4457-9e27-b8d9f9690d5f,348258.8,135885.24300560873,321564.86666666664,121611.08897402773
