id,mean_1,stdev_1,mean_2,stdev_2
2a2ba787-8041-41ce-afb1-70ba207f6bf7,342107.8,136111.58600119242,336953.13333333336,121916.14015755073
