id,mean_1,stdev_1,mean_2,stdev_2
37d1e05f-9a14-4959-bedd-39b1c8800bf2,300863.4666666667,113977.1953599296,312091.26666666666,115741.89825208309
