id,mean_1,stdev_1,mean_2,stdev_2
0acf7099-f44e-4d29-aac2-8b75fdb431d8,279284.06666666665,110898.24832488965,288525.8,120061.87923799962
