id,mean_1,stdev_1,mean_2,stdev_2
4517eb54-6b44-4eeb-b8b9-a43d8411807b,327622.0,131079.16967644656,303852.26666666666,120252.21223105304
