id,mean_1,stdev_1,mean_2,stdev_2
50fec807-6bfd-4d69-94f1-1355b1dcee05,354063.8,133314.79527154268,309777.3333333333,123507.65132177934
