id,mean_1,stdev_1,mean_2,stdev_2
a7bc2b6b-7263-40be-8acb-94125aa6b80c,339322.93333333335,125623.03804608806,383317.0,145157.20522109812
