id,mean_1,stdev_1,mean_2,stdev_2
480b5584-0ffe-41ce-93b8-d2660b922fba,119950.46666666666,48926.750552046906,157917.46666666667,61916.06656850511
