id,mean_1,stdev_1,mean_2,stdev_2
bfb75cbc-ac0d-474e-870b-e4ce1849e51d,341565.73333333334,133028.4564757815,360658.6666666667,138341.2656651016
