id,mean_1,stdev_1,mean_2,stdev_2
56dea7a4-f3d9-4234-b4b2-e7b8caab7be0,349344.6666666667,133771.11593248456,346802.5333333333,139359.74844593956
