id,mean_1,stdev_1,mean_2,stdev_2
749d2a4e-84e4-42b9-8205-78ef91f488cd,329377.13333333336,133991.96765172988,293631.6666666667,114027.3056898605
