id,mean_1,stdev_1,mean_2,stdev_2
8d97d601-9b46-470b-9e4d-adeb3adf0350,296392.06666666665,118861.59643073207,293459.4666666667,120185.22592613267
