id,mean_1,stdev_1,mean_2,stdev_2
dec504f2-90ff-41ff-9593-b380a6d782bc,350790.13333333336,136627.59622753947,322183.73333333334,126774.8053815461
