id,mean_1,stdev_1,mean_2,stdev_2
87b09ef7-a2c6-4ea3-82c9-0da9a3930e1f,345858.93333333335,134954.0969883052,392113.73333333334,151787.1834604695
