id,mean_1,stdev_1,mean_2,stdev_2
129f4f49-a5a1-4d60-9a52-bf6e82286497,307846.2,122660.82506065251,291087.26666666666,114096.46744894817
