id,mean_1,stdev_1,mean_2,stdev_2
3eaef397-7cfd-42b7-aff6-6bb9126ab308,326926.3333333333,125157.34486353122,339180.3333333333,132158.14850482062
