id,mean_1,stdev_1,mean_2,stdev_2
2d58e21d-6fce-4402-ab97-f5b8634858a4,299263.0,123325.35759580563,344505.4666666667,137618.4867265861
