id,mean_1,stdev_1,mean_2,stdev_2
e9b420f7-a7a6-412c-af37-45bf7f300399,302350.6666666667,119893.62604056795,291988.4666666667,115898.15765683634
