id,mean_1,stdev_1,mean_2,stdev_2
6bdf975a-2029-4f2e-be2c-ce08c7258daf,407736.13333333336,159584.00976449854,336394.3333333333,132712.95136530153
