id,mean_1,stdev_1,mean_2,stdev_2
d6416acc-f552-424f-8dee-22546d3a994b,362923.4666666667,140838.8186672347,363839.2,140493.49646167495
