id,mean_1,stdev_1,mean_2,stdev_2
8a69b8f7-c05d-4ab5-b9fe-218f6a05f0d2,344236.86666666664,131001.1183396878,317433.4,125099.1262894083
