id,mean_1,stdev_1,mean_2,stdev_2
69fdba01-9d4f-4f1c-ac58-d455fd98f757,329894.86666666664,122780.11246064604,353295.6666666667,131849.8050048699
