id,mean_1,stdev_1,mean_2,stdev_2
6c4eeca9-2eb6-4508-a475-f0e2fd34629c,273005.5333333333,115128.47465787466,279782.73333333334,115336.51099252522
