id,mean_1,stdev_1,mean_2,stdev_2
121f16f1-d6cc-4cc8-b0c0-a35f7b3974dd,336946.5333333333,134682.1719064884,326408.8,134827.93845104953
