id,mean_1,stdev_1,mean_2,stdev_2
7e21c1ef-f8c8-47f4-a119-b79de799a980,309852.2,125752.73488991534,304487.73333333334,122278.3507562243
