id,mean_1,stdev_1,mean_2,stdev_2
f8e86f55-e680-40b1-9f1f-ba63e4f4718e,294821.26666666666,119598.89491432975,341144.5333333333,140917.28307384995
