id,mean_1,stdev_1,mean_2,stdev_2
6f364c6f-e7f0-45de-b85d-a90f35dc99ca,272988.2,113065.80767924493,270446.5333333333,113529.86523781111
