id,mean_1,stdev_1,mean_2,stdev_2
d44ccc79-f5a7-49a1-83c8-f749ad32ef1b,330002.4666666667,124291.53761103592,320972.6,121126.9071444216
