id,mean_1,stdev_1,mean_2,stdev_2
12b62108-08c1-4243-bdf9-a1cf594d4517,319745.3333333333,118484.41107063646,333048.2,122329.66759877451
