id,mean_1,stdev_1,mean_2,stdev_2
feaa2a91-eca3-46d8-90e1-8a5167ccdd5f,339542.5333333333,132822.40470686997,363427.3333333333,143189.36884683705
