id,mean_1,stdev_1,mean_2,stdev_2
12910fa6-e13a-4b69-954d-cb82bdf622ce,319277.0,115686.38492176452,330216.86666666664,123665.05686132828
