id,mean_1,stdev_1,mean_2,stdev_2
7652050a-a4d1-4334-a09d-fd4655569632,293156.4666666667,112839.0058717089,297787.3333333333,116013.474377572
