id,mean_1,stdev_1,mean_2,stdev_2
8745b616-de1a-4808-9dce-f357d2cb912f,302933.6666666667,124967.61991420906,256825.53333333333,111179.32299540035
