id,mean_1,stdev_1,mean_2,stdev_2
b270b1a8-072e-4a43-9eb6-d63d252373f3,354627.6666666667,137940.45745449574,354863.5333333333,146089.69616545705
