id,mean_1,stdev_1,mean_2,stdev_2
d8b5a523-3d58-4ce8-a58c-713a732b2141,300384.0,118612.33984595926,291027.3333333333,114549.25182218442
