id,mean_1,stdev_1,mean_2,stdev_2
0609ff7b-4ead-4cf9-8009-1ff29aeb6cf1,408593.13333333336,155159.11818640315,394933.93333333335,148301.81486211
