id,mean_1,stdev_1,mean_2,stdev_2
57395a3a-3bf2-42e8-b01b-83c5b6509f17,321789.73333333334,122076.89646965235,311625.0,120378.59452078679
