id,mean_1,stdev_1,mean_2,stdev_2
89e8b5e0-a4fc-4d4e-b65d-b58ac56c3b36,341457.6,126833.75186902471,352428.06666666665,140388.48632442128
