id,mean_1,stdev_1,mean_2,stdev_2
14c731e8-7842-40b4-a1e7-d74221a317e6,366856.0,141159.37091953904,356890.2,136034.89255883335
