id,mean_1,stdev_1,mean_2,stdev_2
3f564256-bb6b-4301-aa6c-70f4dd995aca,341271.8,124627.21567148431,342299.4666666667,125556.02754832424
