id,mean_1,stdev_1,mean_2,stdev_2
943eec56-a87f-4d88-ae00-ad8aaf6922da,362657.6,129642.39788834515,409761.5333333333,145829.36290558527
