id,mean_1,stdev_1,mean_2,stdev_2
0e584e51-3d06-4fc3-98d1-d014985c0c1e,285179.5333333333,122383.6662897282,275261.26666666666,118088.8311436023
