id,mean_1,stdev_1,mean_2,stdev_2
c010e99c-22c2-459a-9b96-ecfde725fc66,344297.0,132690.49110115867,335634.3333333333,129929.26939719506
