id,mean_1,stdev_1,mean_2,stdev_2
f12e69e4-573e-4296-83c4-39f760d7110c,290897.0,119433.27881010943,266945.2,104044.21862535179
