id,mean_1,stdev_1,mean_2,stdev_2
3667de7a-ca14-4a17-b652-77bf8ad41b7a,249502.66666666666,100596.60646209141,301235.3333333333,121252.9785188343
