id,mean_1,stdev_1,mean_2,stdev_2
55ec9834-ba64-4677-9a2b-ba63e873a65d,367383.6666666667,139156.21409560632,353139.6,135981.94215792036
