id,mean_1,stdev_1,mean_2,stdev_2
e9572009-22c5-4570-bd37-f8097e8895fd,369958.13333333336,137759.88176527384,398450.4666666667,146429.59537919768
