id,mean_1,stdev_1,mean_2,stdev_2
5072e8e2-8129-4f37-b76b-4faa4b7cde68,359124.4,132217.3336209742,391888.3333333333,140452.0070489877
