id,mean_1,stdev_1,mean_2,stdev_2
b29635b1-f254-4264-8fc2-a2a9bad53bb6,342210.4,128529.23583984046,347504.3333333333,134205.92523812884
