id,mean_1,stdev_1,mean_2,stdev_2
a245b23a-4d90-42d1-b17d-6404f6159469,367601.0,134530.25586040734,356019.26666666666,132156.79624419202
