id,mean_1,stdev_1,mean_2,stdev_2
ec8625d7-2de4-4126-a3f8-2a0f158e1ac1,338219.73333333334,129552.0458474594,317113.3333333333,115344.62381557086
