id,mean_1,stdev_1,mean_2,stdev_2
823fc071-50f7-40c3-9425-0783d0842a11,360958.3333333333,123080.26805986773,356841.73333333334,121598.29849876829
