id,mean_1,stdev_1,mean_2,stdev_2
05804b3e-adbe-485e-b6c1-5efe3f88facc,314903.4,130729.50373694023,342439.6,133439.0600000864
