id,mean_1,stdev_1,mean_2,stdev_2
d8f98190-e619-4bcd-b521-5cf9bd2fb94f,392753.26666666666,149289.38644590767,333071.86666666664,133369.18981327317
