id,mean_1,stdev_1,mean_2,stdev_2
0472bd85-23b8-464c-953c-b60a6eb94277,324835.2,137943.86526806233,339403.26666666666,144344.59998095606
