id,mean_1,stdev_1,mean_2,stdev_2
88d3cb6c-741b-44ee-a0bf-1279e9ba87e1,290637.73333333334,114365.47293040657,300857.3333333333,120293.74909648833
