id,mean_1,stdev_1,mean_2,stdev_2
3ad7b746-9973-4b61-80be-20113f4fa7a2,271787.0,108828.04033152485,307890.2,128971.57102462542
