id,mean_1,stdev_1,mean_2,stdev_2
8da6852d-c841-4061-977b-2093e55fc54a,342578.26666666666,127205.81092202073,312369.6666666667,126199.750746012
