id,mean_1,stdev_1,mean_2,stdev_2
8c6f9324-c33e-473c-9bcd-c08af7c9e566,365668.4,137693.05313767045,366081.26666666666,140476.12458609787
