id,mean_1,stdev_1,mean_2,stdev_2
e70a03ed-eaac-4656-bec1-73c310feb882,335523.0,120643.52676100502,354678.73333333334,129059.36418329187
