id,mean_1,stdev_1,mean_2,stdev_2
ddb393af-cb1d-46bc-be9c-e6761de108f9,362281.06666666665,132344.97117682846,52719.933333333334,64262.24026748177
