id,mean_1,stdev_1,mean_2,stdev_2
134cfbde-35d2-4e42-84f4-96c0130b82e0,281625.6666666667,115229.25050389285,304267.5333333333,123569.02137017279
