id,mean_1,stdev_1,mean_2,stdev_2
0a624a29-eccd-4927-8402-a9f11473db51,343997.3333333333,128959.31240959512,320884.86666666664,119816.72287504595
