id,mean_1,stdev_1,mean_2,stdev_2
397b041c-f541-4722-b726-8e3d76c71546,268633.73333333334,135217.66890633127,367263.6,142760.91234778985
