id,mean_1,stdev_1,mean_2,stdev_2
95ad7dee-2fd4-46ec-a873-79858243287e,364199.4,144765.37938968695,355706.06666666665,142633.37317073526
