id,mean_1,stdev_1,mean_2,stdev_2
894e1f93-2413-4f0a-909c-9ffb9f236910,365181.93333333335,140689.85195929694,360740.26666666666,141381.7962905016
