id,mean_1,stdev_1,mean_2,stdev_2
52b6749f-efe3-454a-9966-c33601548455,340138.73333333334,124706.4742882083,318251.5333333333,116099.77779528934
