id,mean_1,stdev_1,mean_2,stdev_2
d5a52f12-6015-4462-91ff-b6b1663ec2e5,337505.8,138740.8488702108,271373.2,110710.45191621852
