id,mean_1,stdev_1,mean_2,stdev_2
c2a72f53-f810-4ff0-a3fc-4c0068a5dcce,310215.2,122625.95417784387,322797.06666666665,123975.8371955152
