id,mean_1,stdev_1,mean_2,stdev_2
1ab69efe-1a62-4781-bb3c-6243e1bed717,345726.8,133180.64440260577,33802.8,55910.27709726839
