id,mean_1,stdev_1,mean_2,stdev_2
7638a42c-5739-420c-978c-4b34bd6de616,210294.33333333334,77019.09879734735,299682.3333333333,113972.24916014522
