id,mean_1,stdev_1,mean_2,stdev_2
77f2c64f-94ed-48db-99e7-dbcdce406f5a,466733.6,172440.38066253506,386670.8,137008.13909458078
