id,mean_1,stdev_1,mean_2,stdev_2
b91703a3-ec12-4196-8085-83196506f518,325512.3333333333,128407.06823726211,336276.4666666667,130927.94939704647
