id,mean_1,stdev_1,mean_2,stdev_2
bebae039-ee0c-4398-879e-ae234cc58ccd,374521.26666666666,143951.47126883495,328575.3333333333,122797.16501161127
