id,mean_1,stdev_1,mean_2,stdev_2
9e82332e-fb79-4b73-9e19-6eabc7f72687,342609.73333333334,135023.13855605965,343041.6666666667,126826.35802895583
