id,mean_1,stdev_1,mean_2,stdev_2
d5080e32-76bc-4350-9fbe-de2ef2d2fbd9,279659.13333333336,113138.0815280553,232901.53333333333,104699.51978996317
