id,mean_1,stdev_1,mean_2,stdev_2
f66323b5-141d-4e98-b744-1bcba49e602a,328319.8,126723.37928269853,340841.86666666664,130486.37599936972
