id,mean_1,stdev_1,mean_2,stdev_2
d9760fb4-0d48-4b1f-a6a9-b5c3c868372c,331653.8,124673.60964438306,354133.6,138413.2621987744
