id,mean_1,stdev_1,mean_2,stdev_2
1a8f8e16-ef94-4533-9268-eee7a5d93581,293865.13333333336,110231.4156991957,294657.0,114208.42239870052
