id,mean_1,stdev_1,mean_2,stdev_2
2d9f26bb-6dd0-452e-8aa9-e5349f5f0966,198971.33333333334,93731.45809290615,411164.13333333336,162547.13369229928
