id,mean_1,stdev_1,mean_2,stdev_2
8fa8ee10-a95f-49de-9a36-95f90a140569,341588.3333333333,127355.92422428657,396815.6,153227.79243414037
