id,mean_1,stdev_1,mean_2,stdev_2
de4100ef-053d-4af6-be6f-638315163c6f,310297.5333333333,119771.16753758209,311148.06666666665,120887.41541090573
