id,mean_1,stdev_1,mean_2,stdev_2
696f1c23-906f-40d7-aa6a-42cd02bde964,358444.86666666664,124143.15464219343,347607.93333333335,124842.6564181045
