id,mean_1,stdev_1,mean_2,stdev_2
b04a8c59-a04b-44e6-bf1c-c518fbdcefe3,323186.6,133252.868542382,311590.13333333336,124765.0505848849
