id,mean_1,stdev_1,mean_2,stdev_2
ad522c98-87a1-42e8-b4cb-6bde34ec0bb1,350950.26666666666,131268.90960033995,328857.73333333334,122739.36185183444
