id,mean_1,stdev_1,mean_2,stdev_2
1eda2716-4a5a-439b-8493-d2f74fee606b,329961.8,123086.19982229258,319899.6,117936.72211927886
