id,mean_1,stdev_1,mean_2,stdev_2
7592df5c-9cf6-44cc-9a16-2fd6e521b15c,318238.0,125066.38751532458,309126.8,124683.48136365137
