id,mean_1,stdev_1,mean_2,stdev_2
a2a09977-5ebb-42e6-bdb7-9a311f4f9927,287457.4666666667,125544.40036038599,275336.5333333333,114179.18180874987
