id,mean_1,stdev_1,mean_2,stdev_2
e29914aa-4e99-41e3-a537-9ed8e0c17c7e,358130.2,133830.86820072567,322812.06666666665,122538.85134680982
