id,mean_1,stdev_1,mean_2,stdev_2
3e528a00-46c0-419c-bc50-2bafeb42f55a,331516.73333333334,123178.01742381722,330378.2,125047.65969352113
