id,mean_1,stdev_1,mean_2,stdev_2
bf81349a-1621-4c64-b9db-f65ab5da5052,300026.73333333334,116077.88154307817,291372.4,111500.0468835776
