id,mean_1,stdev_1,mean_2,stdev_2
a2e159a7-25ee-4608-8912-c229d669cb83,339918.73333333334,132631.5373126953,364875.06666666665,148913.9212285481
