id,mean_1,stdev_1,mean_2,stdev_2
1465dd94-3b24-43b8-be48-46b8888ce2ba,319766.26666666666,135754.95632816586,284930.8,119152.54603249847
