id,mean_1,stdev_1,mean_2,stdev_2
ba3f4103-f2c6-4c44-8111-fb49c6aba13e,310210.2,123590.17625426382,279589.3333333333,112127.49995112214
