id,mean_1,stdev_1,mean_2,stdev_2
19cb7741-0de5-4996-bc0a-5f1c6fe4e29b,334336.86666666664,144850.18434086378,301880.4,126853.30449134282
