id,mean_1,stdev_1,mean_2,stdev_2
843dcfce-45c6-4074-bf40-74d190eac423,340617.2,132095.66061113946,301983.6,114994.80802355093
