id,mean_1,stdev_1,mean_2,stdev_2
bf4db41c-af09-471a-8419-437611a7569a,325418.6666666667,121166.56121701052,336267.4666666667,122506.09491496967
