id,mean_1,stdev_1,mean_2,stdev_2
8cc789c2-140e-48d4-9b9b-82bbbe1ce707,290443.73333333334,108159.8775020674,290189.3333333333,111132.10304597957
