id,mean_1,stdev_1,mean_2,stdev_2
f07d922a-bdcf-4e2c-bac0-b04e1f01fe00,262872.26666666666,94979.98437107098,328119.5333333333,130196.43487431684
