id,mean_1,stdev_1,mean_2,stdev_2
44e7d8c4-d109-488f-a8fc-94720c09e9fd,191591.86666666667,107578.90228222673,271286.2,104946.90920092248
