id,mean_1,stdev_1,mean_2,stdev_2
5d881099-a295-4c14-af74-67554ff9da4f,306955.8,118335.13374097033,301418.4,115471.34712115095
