id,mean_1,stdev_1,mean_2,stdev_2
88361c9e-9d0a-4c77-ba76-f743d12a9dee,318262.6,119771.0722313197,290932.86666666664,109768.16532362904
