id,mean_1,stdev_1,mean_2,stdev_2
cef292a4-f9d6-44aa-8fb8-5d9808604739,313136.5333333333,122372.77453304538,317205.06666666665,119949.47855630258
