id,mean_1,stdev_1,mean_2,stdev_2
4d21ea50-f2c0-4298-8ee9-6409979ef108,208064.06666666668,86373.87750430619,274615.0,122486.13957396704
