id,mean_1,stdev_1,mean_2,stdev_2
c491c347-0f0b-4664-b6b5-9b76fb8e5c53,310261.86666666664,119897.8653926564,335882.2,135927.6830481071
