id,mean_1,stdev_1,mean_2,stdev_2
1a89dbea-7ffd-432f-a263-9b5a5ecf4e8f,325411.93333333335,121871.54950491476,323957.5333333333,122374.60867400376
