id,mean_1,stdev_1,mean_2,stdev_2
320090b0-7eb2-43e1-8b57-022103208042,303296.3333333333,117354.14929841875,354367.93333333335,133754.06247560817
