id,mean_1,stdev_1,mean_2,stdev_2
d2e6e882-9e61-4880-96af-ae4bc62c8602,291121.5333333333,115201.3514329681,308386.4,121742.35820715812
