id,mean_1,stdev_1,mean_2,stdev_2
25ff2578-b0dc-4fd2-ac7a-cdd650ad13c2,332041.8,128055.4031744073,324303.26666666666,122054.13107222368
