id,mean_1,stdev_1,mean_2,stdev_2
7a3d3564-450b-426b-b78b-a0fb201d6de1,292633.86666666664,110807.40659292089,304349.4,118639.06975517522
