id,mean_1,stdev_1,mean_2,stdev_2
e47e076e-cf91-4dc6-8213-f55c8df21be7,341938.8,125495.97929718703,357605.73333333334,129311.98365939983
