id,mean_1,stdev_1,mean_2,stdev_2
f15ca0f6-171c-4ffc-9df1-2b0da7f27b6c,277771.8,106138.08985417691,186516.46666666667,68025.07064297855
