id,mean_1,stdev_1,mean_2,stdev_2
cfe8e89a-bdbe-42a8-8825-50e18270fe29,358428.26666666666,141807.4354263399,355804.2,150570.5893013639
