id,mean_1,stdev_1,mean_2,stdev_2
7cf5e2b5-bd7d-46ab-ba52-c5ff80ceecdd,241322.66666666666,109678.17207002595,292578.4666666667,128742.80846342014
