id,mean_1,stdev_1,mean_2,stdev_2
e48e0fa1-3eec-4581-b564-e5e31a2914a2,319681.06666666665,121955.3204166546,336145.13333333336,132511.38200364358
