id,mean_1,stdev_1,mean_2,stdev_2
20661d63-c2af-4b74-b7e4-490a2552e0ec,326991.86666666664,127003.233904688,365132.6666666667,146645.60045391368
