id,mean_1,stdev_1,mean_2,stdev_2
4473eb1e-0acb-43df-ad44-dfebd9c652f4,391939.6,150714.30552397252,361844.73333333334,139293.9686291629
