id,mean_1,stdev_1,mean_2,stdev_2
f27732f9-6edf-4a79-9573-e20f6dd9f3c7,316311.4666666667,123381.52636158929,335422.5333333333,129665.43170784655
