id,mean_1,stdev_1,mean_2,stdev_2
9e297c7f-8323-47ee-8edd-29c8c2e4bcf3,296221.3333333333,122686.78300869343,278331.5333333333,120211.07410654348
