id,mean_1,stdev_1,mean_2,stdev_2
0a1ba4ad-d512-40e5-992c-d8b38db7544e,281848.3333333333,107911.2726040344,325880.4666666667,134243.40595493777
