id,mean_1,stdev_1,mean_2,stdev_2
628d1145-aa9c-4d8f-b667-1df3adacea22,382829.8,151686.51327137384,457380.8,172307.86688838867
