id,mean_1,stdev_1,mean_2,stdev_2
0a243fa0-8b50-481e-981f-8ef51be4f9fd,303019.6666666667,120268.40529120226,306514.2,117337.05040335725
