id,mean_1,stdev_1,mean_2,stdev_2
91501d63-b19c-485c-86fc-1e181765d03d,131399.66666666666,52464.02381780829,129073.2,57422.65964605493
