id,mean_1,stdev_1,mean_2,stdev_2
3bb403e9-2d0f-4bc4-b1cb-17b7e537790c,303826.93333333335,121874.32133060497,345818.8,136374.75092171572
