id,mean_1,stdev_1,mean_2,stdev_2
dfee58e4-f1dd-4c8a-9293-76c1b878eb3c,331858.6,132236.53184895616,318158.13333333336,126133.97388061456
