id,mean_1,stdev_1,mean_2,stdev_2
27bc0fa0-0c6d-4591-a986-6fe04c91d322,283614.4,113215.41146551853,277472.06666666665,111843.31694799154
