id,mean_1,stdev_1,mean_2,stdev_2
da56e7c0-f922-42ed-ad87-ca35653d26b1,334233.3333333333,127693.16657449697,333279.73333333334,129151.66640786671
