id,mean_1,stdev_1,mean_2,stdev_2
c6b7f8c1-2c92-428f-a28a-a226887c312f,275999.3333333333,104246.49452822008,272361.13333333336,110579.36513284122
