id,mean_1,stdev_1,mean_2,stdev_2
93b0c953-702c-4a41-9a2a-5c0563e4a59f,357313.8,139900.30764855377,353749.6,133738.49758181075
