id,mean_1,stdev_1,mean_2,stdev_2
1fc4dee8-266b-428d-ae9c-a1f71aeb642d,343672.86666666664,124004.1424904113,328438.4,125450.86737141358
