id,mean_1,stdev_1,mean_2,stdev_2
1cee4120-10b4-4006-adf8-36f931e11721,251971.33333333334,107583.08765208197,247528.6,101625.13194074256
