id,mean_1,stdev_1,mean_2,stdev_2
05e48154-25d9-432b-82ff-c7c8fbcd23a5,347570.6666666667,131029.87515813162,365142.8,136669.11408663873
