id,mean_1,stdev_1,mean_2,stdev_2
b942d61b-71e1-4fb8-b797-f2164ee26590,327878.6,127207.1197744319,299280.4,113022.48116712594
