id,mean_1,stdev_1,mean_2,stdev_2
d56e9c89-189a-4a6f-9fdc-0a59729e58d9,469641.8,171439.4143660086,453854.26666666666,166110.919105866
