id,mean_1,stdev_1,mean_2,stdev_2
f8468bcc-5d8e-48b2-bf18-0a2100048cf7,338099.86666666664,123139.30226474766,353618.06666666665,126623.02131943553
