id,mean_1,stdev_1,mean_2,stdev_2
ffe30a7d-dde1-42b6-b9fe-469a929ccada,206131.93333333332,76877.46514158459,185004.86666666667,66545.84461844499
