id,mean_1,stdev_1,mean_2,stdev_2
2e2e53b8-3047-42cb-9f55-53666934d2b2,333190.93333333335,119077.61143470906,349579.6666666667,127630.91424764176
