id,mean_1,stdev_1,mean_2,stdev_2
17e2f41d-ca20-478c-ae6f-ebf0087dea9f,229677.66666666666,104788.34186852827,246621.46666666667,115010.40212483198
