id,mean_1,stdev_1,mean_2,stdev_2
bd408cbc-5107-4775-b2f4-f74c57573705,111295.86666666667,52134.291809859234,380102.26666666666,143934.28036084928
