id,mean_1,stdev_1,mean_2,stdev_2
f844312b-c138-401d-9542-961c206d3d5b,311881.26666666666,128189.50094578297,292829.73333333334,113082.44214051192
