id,mean_1,stdev_1,mean_2,stdev_2
903d26cd-6a60-4a85-9058-b4af593cc693,352481.3333333333,129482.95004242408,306588.6,111889.06882253215
