id,mean_1,stdev_1,mean_2,stdev_2
b3a323cc-2697-4756-a447-934beff58446,326604.06666666665,130270.84707867513,320022.73333333334,126764.55928976716
