id,mean_1,stdev_1,mean_2,stdev_2
4fd19b4a-110c-46fd-8a1a-5d6aa9930580,321050.26666666666,131050.9124320095,317446.2,132383.36787033835
