id,mean_1,stdev_1,mean_2,stdev_2
21fde0bc-c03a-4c20-8256-1162a8710dd3,158764.53333333333,88135.1897597221,159488.8,76888.40162833405
