id,mean_1,stdev_1,mean_2,stdev_2
76dfbe75-d22c-43fc-a207-381afb4692f4,346151.4666666667,141407.04988548328,363978.6,149059.79993537266
