id,mean_1,stdev_1,mean_2,stdev_2
cf921909-cde1-44fe-9aa6-e31703f87611,351422.06666666665,131704.1174129681,321684.4666666667,119588.6359042902
