id,mean_1,stdev_1,mean_2,stdev_2
ca79a545-34fd-4128-898d-c580a469cddc,294502.3333333333,115072.24947348899,302145.26666666666,119219.44572228513
