id,mean_1,stdev_1,mean_2,stdev_2
87227459-5678-49dd-bbfa-b8f974b9c3ea,180750.26666666666,73340.33015512148,157965.26666666666,64564.520592935216
