id,mean_1,stdev_1,mean_2,stdev_2
27975432-7b50-4bae-8c1b-3167483edd03,349151.06666666665,132033.22529952662,362194.86666666664,137780.29867818145
