id,mean_1,stdev_1,mean_2,stdev_2
330f471a-8d46-4bb4-baa0-9814bfc3f331,78955.93333333333,54068.86964661109,246001.06666666668,95731.57943783348
