id,mean_1,stdev_1,mean_2,stdev_2
a6562dbe-c2d1-4e99-ae2e-a5596a7900a3,324832.6666666667,120330.15026427175,313894.6,118044.6861160637
