id,mean_1,stdev_1,mean_2,stdev_2
4803edcd-17ee-4dad-b890-8791002d7473,307899.4666666667,125444.70526032134,313277.86666666664,128270.63272932827
