id,mean_1,stdev_1,mean_2,stdev_2
c0753b2c-6197-42c7-a7b5-a07dd1d8245c,315907.2,119860.25348946998,330878.06666666665,126174.95616614609
