id,mean_1,stdev_1,mean_2,stdev_2
36a89e8a-a1d3-496d-9587-3e9203d2386c,267634.8,104546.66601169069,319738.86666666664,120193.73834709065
