id,mean_1,stdev_1,mean_2,stdev_2
0b9d9e92-4473-4e17-beac-105bd6c86cfd,400846.6,183322.31186621377,367987.8,145636.90875562187
