id,mean_1,stdev_1,mean_2,stdev_2
5b7540bf-2486-45f0-9dbd-dd7b08f5858c,405062.06666666665,155896.19501470274,325090.2,124092.55676749244
