id,mean_1,stdev_1,mean_2,stdev_2
c493f069-d702-48d4-8634-d4bf28d9aeea,340467.86666666664,131610.4998419537,335072.4666666667,126595.8163715619
