id,mean_1,stdev_1,mean_2,stdev_2
e3268222-d42e-4c9f-9b54-430fd2ba8d4d,183688.73333333334,74185.88342667058,188397.46666666667,75292.0552726662
