id,mean_1,stdev_1,mean_2,stdev_2
082d11b2-dbac-4fcc-adee-dfdae67adec6,332362.8,124150.78894967468,362651.06666666665,140855.7942017138
