id,mean_1,stdev_1,mean_2,stdev_2
ac2e15d2-57ad-41f1-879c-784e2f393f7d,352468.4666666667,129134.97873355444,317600.26666666666,128737.61779913263
