id,mean_1,stdev_1,mean_2,stdev_2
c84b0b33-a7f0-4f92-81fb-7557d3019260,316146.4666666667,116398.4085726643,313877.0,116064.17617910073
