id,mean_1,stdev_1,mean_2,stdev_2
896b60e6-ff4c-40b0-8a74-6374e10c3c3e,265633.93333333335,104510.38248803589,257689.06666666668,100647.33994396254
