id,mean_1,stdev_1,mean_2,stdev_2
bbf2d46b-f052-452a-bd48-965f4cb116a0,361481.8,142109.22288821838,345256.2,147886.23844212145
