id,mean_1,stdev_1,mean_2,stdev_2
25330040-10ab-44d6-bf6b-7e484688049d,331976.6666666667,128223.61022456911,359797.93333333335,139009.72698842178
