id,mean_1,stdev_1,mean_2,stdev_2
49b175e9-42e1-49f5-ae36-8e669013cc87,158340.73333333334,75930.99580317791,214563.66666666666,95953.62652772549
