id,mean_1,stdev_1,mean_2,stdev_2
2526e50a-fddf-4c6b-8d7e-6b4e94cdcf22,355028.6666666667,133698.98750834115,138566.53333333333,49896.99216701901
