id,mean_1,stdev_1,mean_2,stdev_2
5db611ed-1fee-4e04-94ae-2bfe347a1e7e,355281.6666666667,139968.38406519603,362253.4,146973.45594122316
