id,mean_1,stdev_1,mean_2,stdev_2
577de8c6-904e-4ed0-aed6-6291e76f483c,304697.93333333335,117310.49199309593,335303.86666666664,127775.91363417791
