id,mean_1,stdev_1,mean_2,stdev_2
483236d1-29ef-4979-ad3d-87c57712ac28,339395.6666666667,131929.50131726498,333743.26666666666,131429.59818877262
