id,mean_1,stdev_1,mean_2,stdev_2
c4ca8366-eb94-40fb-b0c0-d349f3e2bdd1,332838.4,129879.08316420058,319329.5333333333,122173.33140467094
