id,mean_1,stdev_1,mean_2,stdev_2
d3ef4bc0-0b0f-40f7-a36c-5564d3e3d24f,336045.6,115253.15890438751,343019.26666666666,117759.42518171905
