id,mean_1,stdev_1,mean_2,stdev_2
a7f8e28c-2183-492a-8824-246f8a9ecc4d,305519.3333333333,122988.5218897366,300979.26666666666,122079.8526481563
