id,mean_1,stdev_1,mean_2,stdev_2
b1f409b9-8ffe-4ccc-8704-735c800b5165,327909.2,136900.53470516467,291113.73333333334,124173.38369364382
