id,mean_1,stdev_1,mean_2,stdev_2
4000091c-8c15-4443-b5e6-b5febc913f5f,312059.3333333333,121321.10634931675,348564.86666666664,136404.47008748975
