id,mean_1,stdev_1,mean_2,stdev_2
2e29ad48-f1b4-4628-866a-552a116266cc,313216.13333333336,118911.62722731904,302295.86666666664,111946.38444592821
