id,mean_1,stdev_1,mean_2,stdev_2
f64d6a9d-6420-44fc-b0bc-76b8b6f9063a,325734.3333333333,126977.2643615996,286082.6,111731.34616796965
