id,mean_1,stdev_1,mean_2,stdev_2
8342c592-9625-4515-9139-f808f4c3c4c0,372417.86666666664,144947.22708621307,318130.4666666667,128863.52345323413
