id,mean_1,stdev_1,mean_2,stdev_2
168c41aa-5f7b-4dc2-9193-ec54dcb211f7,269630.8,111414.60593129908,249277.86666666667,109824.61072872308
