id,mean_1,stdev_1,mean_2,stdev_2
53ecb63a-4753-4ae9-994a-7d6c49ea3994,319007.5333333333,129105.54477370658,272946.6,105973.50767482723
