id,mean_1,stdev_1,mean_2,stdev_2
31ea484e-6a49-4476-bdc4-2842dbeae930,281843.2,114146.34799718006,279855.86666666664,117768.38547129513
