id,mean_1,stdev_1,mean_2,stdev_2
815dbf3a-e346-4950-9a42-00bb4b2d9f2a,225864.26666666666,131054.0658723041,241127.26666666666,104628.11852873118
