id,mean_1,stdev_1,mean_2,stdev_2
3a93b1b5-f410-432b-af34-0f6102fd8106,333442.26666666666,128969.61370259103,344905.93333333335,129813.43456846915
