id,mean_1,stdev_1,mean_2,stdev_2
6860771d-fd42-4cce-8fdb-c143d08cdabb,291633.6,111593.0505792065,269073.26666666666,102774.3035610664
