id,mean_1,stdev_1,mean_2,stdev_2
b02aee21-8019-41ee-ad36-19219db095e0,295869.26666666666,121356.11880932176,277507.13333333336,115737.71585146977
