id,mean_1,stdev_1,mean_2,stdev_2
819e9b7b-1a5d-42e7-8377-f4623a45bfa5,306319.73333333334,113730.77741078807,315757.4666666667,116497.01395364411
