id,mean_1,stdev_1,mean_2,stdev_2
f783b005-6317-4888-b113-db563c22f0fc,305078.5333333333,117106.50288056406,332188.13333333336,129648.57601165115
