id,mean_1,stdev_1,mean_2,stdev_2
5d63699f-f079-4999-b22a-5e7823710d66,389018.8,144519.94999085765,353081.26666666666,125342.61259468873
