id,mean_1,stdev_1,mean_2,stdev_2
06b57c27-713b-4d2c-a0dd-60fa7b00b203,375497.73333333334,149691.05216254204,357893.4,137457.5273509603
