id,mean_1,stdev_1,mean_2,stdev_2
8bb2ad4a-c6ff-45e6-a630-19d68a4b2e06,346767.93333333335,139685.55363170366,334364.3333333333,133126.1140230905
