id,mean_1,stdev_1,mean_2,stdev_2
75d3425b-209e-4fc3-8bda-643a7e2c1ef1,362713.4,142190.23915013764,333689.6666666667,134673.69102076156
