id,mean_1,stdev_1,mean_2,stdev_2
e7405966-c90b-4d8e-8ca9-033d3d2a4da6,329383.3333333333,126209.07429851819,356174.86666666664,139361.9118539288
