id,mean_1,stdev_1,mean_2,stdev_2
a53bd8c7-1d15-4f51-94f4-690e4872848f,309069.6,123103.46653164022,343829.0,141014.4614404258
