id,mean_1,stdev_1,mean_2,stdev_2
e203c4fd-15a6-4c47-acdd-4e3281fa571c,361399.13333333336,138524.2963420096,350266.0,138579.27641654553
