id,mean_1,stdev_1,mean_2,stdev_2
27047b80-fc7b-47e7-87ed-9aa3d4f3912e,431157.13333333336,163742.48392882713,371031.6,150405.924439077
