id,mean_1,stdev_1,mean_2,stdev_2
a38184da-d1a8-40bc-a941-bc78239957d2,357296.2,146105.72238722662,358225.4,143659.53816195662
