id,mean_1,stdev_1,mean_2,stdev_2
445e0594-3248-4d48-a895-1e18ef7d0040,279078.73333333334,113916.89013514292,297493.8,129544.48683506371
