id,mean_1,stdev_1,mean_2,stdev_2
0d71505e-a5a3-414c-87c0-008a3eb72787,304615.2,127654.79624476838,275088.06666666665,117251.6861186321
