id,mean_1,stdev_1,mean_2,stdev_2
ae691e80-3d4f-45d0-87f8-454879c5c901,346987.8,132096.55682022907,344158.6,131979.7042764783
