id,mean_1,stdev_1,mean_2,stdev_2
a5eef34a-dbda-42b9-99b6-35516bea26b9,338026.0,135013.2330427898,350735.0,136191.95003082964
