id,mean_1,stdev_1,mean_2,stdev_2
99c0386d-ba6e-43ea-9cff-933143eca17f,349018.2,134471.46042993656,385852.8,148313.37988695872
