id,mean_1,stdev_1,mean_2,stdev_2
fd38b98d-9d2f-469c-bf74-cefb6f56afe5,320542.2,122670.18612480105,363652.6,141346.15925205278
