id,mean_1,stdev_1,mean_2,stdev_2
ce1a1acb-cb41-436f-ba85-5272ce6c58a0,320507.93333333335,118173.00832506362,318298.6,116510.03003221082
