id,mean_1,stdev_1,mean_2,stdev_2
44a89052-6344-4503-a155-de75a3cdeb18,282800.4,108469.23237662065,307791.0,118430.68646540333
