id,mean_1,stdev_1,mean_2,stdev_2
57cdec70-0b08-4041-84de-715e3bcd0686,347653.73333333334,122657.53839883719,377762.26666666666,136221.53926329792
