id,mean_1,stdev_1,mean_2,stdev_2
2ef857fc-cbef-4751-8c1f-80cce645a0e7,334749.6,125232.87294732164,344746.26666666666,126186.226730425
