id,mean_1,stdev_1,mean_2,stdev_2
310f161b-260e-4705-ab21-401d216fc298,405216.6666666667,159377.77078905606,350020.4,123816.98436741222
