id,mean_1,stdev_1,mean_2,stdev_2
fe8a676f-fd6a-4d52-9cf8-7d4128077121,320178.13333333336,130563.77373777493,368415.6666666667,144297.62496944368
