id,mean_1,stdev_1,mean_2,stdev_2
d5c2763f-93d7-404a-811c-502e57a8c713,284109.26666666666,105694.7001777394,319480.73333333334,124141.89156040583
