id,mean_1,stdev_1,mean_2,stdev_2
c01adedf-0fa7-4a05-9221-942d775fdefb,339346.13333333336,128552.2223061464,325741.93333333335,124342.71580620324
