id,mean_1,stdev_1,mean_2,stdev_2
0295fd36-8f31-4d4f-8ca3-3393e6f1b243,336373.86666666664,129223.65208421493,266088.5333333333,135917.21393891046
