id,mean_1,stdev_1,mean_2,stdev_2
8ebd47e8-b605-4b76-bdfb-93cc885e5de5,326466.86666666664,119709.51240502523,316157.0,118498.10322982671
