id,mean_1,stdev_1,mean_2,stdev_2
6160945a-5853-4716-b07e-cb16d3fcb293,403483.3333333333,153955.95006090394,323697.4,122228.27400335816
