id,mean_1,stdev_1,mean_2,stdev_2
d7552104-79cd-447b-906b-38d71a32ef01,294763.8,123981.06022410573,272647.4666666667,115062.81144654089
