id,mean_1,stdev_1,mean_2,stdev_2
eef20a2b-06b6-4e41-9d91-77f9d6350e15,266809.06666666665,111417.45622266238,257741.13333333333,106937.14453943909
