id,mean_1,stdev_1,mean_2,stdev_2
8d4362b4-b168-4dc6-a23d-c012fc16398b,361163.13333333336,143877.31251445526,444863.8,166733.72886459815
