id,mean_1,stdev_1,mean_2,stdev_2
ca29e741-67d4-450b-b61a-fcd725f6b7ff,279281.3333333333,103160.8100127606,298817.4666666667,115929.22109222026
