id,mean_1,stdev_1,mean_2,stdev_2
b51806c7-5dcf-43b3-a8aa-c4d6e16d4c68,302774.4,115554.1098578497,322447.8,119406.1819327626
