id,mean_1,stdev_1,mean_2,stdev_2
6748ad12-5004-4e45-857f-08cdb9b7357a,345454.6666666667,123548.08623671818,349709.8,118808.8189168913
