id,mean_1,stdev_1,mean_2,stdev_2
08fd03c1-6531-4bb4-b257-9523a5435843,337163.86666666664,131080.6415958597,278008.4666666667,109591.25262590786
