id,mean_1,stdev_1,mean_2,stdev_2
1ffd7484-9b52-4cef-a0d5-f83adee884cd,270633.2,108288.68015768468,288869.6666666667,119084.71804149442
