id,mean_1,stdev_1,mean_2,stdev_2
487eafe3-f8aa-4694-8fef-68c357c3caf2,370982.93333333335,153507.08354751003,325175.4,124821.20319283365
