id,mean_1,stdev_1,mean_2,stdev_2
767d840d-5083-4dd7-8961-c36f7fadca2e,265630.4,101546.27143117238,293694.93333333335,111451.17655755018
