id,mean_1,stdev_1,mean_2,stdev_2
2b145e86-0780-40dc-b97a-a8405d45de7f,321767.0,119452.76762134898,310133.4666666667,117119.59779238011
