id,mean_1,stdev_1,mean_2,stdev_2
26804c00-09d9-4489-9540-f11fc8b69fe4,349904.2,136222.52060615135,342678.93333333335,128876.05645708162
