id,mean_1,stdev_1,mean_2,stdev_2
368c7b6d-e2be-45e0-b891-74e938d13ccb,242418.86666666667,128571.8113568531,217711.93333333332,130027.76829404129
