id,mean_1,stdev_1,mean_2,stdev_2
96b68937-b9f6-40b9-8215-2ee1aaae7c00,271342.6,113365.3784261609,267166.93333333335,110618.46101289884
