id,mean_1,stdev_1,mean_2,stdev_2
d3fbf70b-21e9-4630-9af8-8126dbc80dfe,311956.93333333335,125569.26365342045,362547.93333333335,139382.16989149732
