id,mean_1,stdev_1,mean_2,stdev_2
3faef678-d045-4244-9dab-ee1add690105,285680.8,116275.6597918355,306154.2,132239.03327948722
