id,mean_1,stdev_1,mean_2,stdev_2
de02a48f-887d-4685-92a3-1ac029f989f2,319526.6,119543.02791703635,329724.86666666664,122634.13791809992
