id,mean_1,stdev_1,mean_2,stdev_2
4ba7692d-1c34-42a5-a682-2e949fcb99be,281103.93333333335,116816.32160359935,300115.2,131140.63735201737
