id,mean_1,stdev_1,mean_2,stdev_2
3252e8aa-90d0-4c7b-ad02-b37f76297339,297712.0,120457.14887931448,302424.6,124930.40336859558
