id,mean_1,stdev_1,mean_2,stdev_2
a2d49d44-757d-4a49-8156-6c610b11679f,276531.8,112466.13407078004,275392.8,114637.66019722026
