id,mean_1,stdev_1,mean_2,stdev_2
71c1399e-d5e0-45eb-ae02-abdb3f011004,262418.4666666667,103455.35280616896,285243.0,124843.22524243488
