id,mean_1,stdev_1,mean_2,stdev_2
2280d144-524a-474d-817f-5b099590e644,321537.86666666664,131156.25678244338,326042.4,134620.8928008824
