id,mean_1,stdev_1,mean_2,stdev_2
4b84dbd3-7bf1-4471-a52b-88317d232f1e,288094.26666666666,117768.07184148948,271986.73333333334,109371.73321565108
