id,mean_1,stdev_1,mean_2,stdev_2
a96c9f8d-d403-4165-a105-54d79e94bd7f,317612.73333333334,123333.27658204098,303683.06666666665,120670.45425757246
