id,mean_1,stdev_1,mean_2,stdev_2
fd4a922e-36db-4b14-9de4-401046a09534,284143.13333333336,114172.44292377308,282605.6666666667,117338.95258987483
