id,mean_1,stdev_1,mean_2,stdev_2
146d0729-27a5-41e2-9530-82dad4ab97e9,293723.06666666665,115252.27405447965,304132.4666666667,115330.1904925544
