id,mean_1,stdev_1,mean_2,stdev_2
ad71ef3a-6b97-4e69-bff6-d0fe2b1636c7,294275.6666666667,123489.05884904227,289792.6,126723.25801672452
