id,mean_1,stdev_1,mean_2,stdev_2
4b30f97b-8e3f-4cc8-84c1-8c2c6b878c30,225681.4,93329.2386595612,272066.6666666667,114138.84349257365
