id,mean_1,stdev_1,mean_2,stdev_2
30b37dcf-2682-43bf-a360-2eeb3bb1ce59,324851.0,131201.96523985453,322504.0,124683.94397996881
