id,mean_1,stdev_1,mean_2,stdev_2
811dc43f-497f-4e24-9fbd-5e1da28e5082,331942.13333333336,128552.4681027772,334060.13333333336,128898.76109974405
