id,mean_1,stdev_1,mean_2,stdev_2
6b82f726-c2db-4a1d-8a47-0e2b881e9431,317176.8,119132.60341720062,328809.06666666665,124724.85327229513
