id,mean_1,stdev_1,mean_2,stdev_2
cbc94bd1-4afc-4899-8674-0fc09dde7923,314159.06666666665,127431.95422052595,248844.73333333334,104168.95365156655
