id,mean_1,stdev_1,mean_2,stdev_2
bce26363-e823-44b6-abc6-0a8aee83658f,336855.0,136596.05010443507,314703.2,117072.4650178683
