id,mean_1,stdev_1,mean_2,stdev_2
e22133bb-c5df-4798-b0c5-89d3f42af735,306280.26666666666,121957.83197234837,349834.93333333335,150158.44709482344
