id,mean_1,stdev_1,mean_2,stdev_2
3b6ce910-f1ba-4ea2-932f-fb0a0e4cec7c,323155.0,128809.89393003422,330436.73333333334,126387.90820563315
