id,mean_1,stdev_1,mean_2,stdev_2
52a12a9c-b676-4e4f-936d-9dcd7251171a,343982.5333333333,128013.47809345007,318712.13333333336,142188.52669272895
