id,mean_1,stdev_1,mean_2,stdev_2
c8afcf6a-5ff8-4748-8391-3153bce40595,314210.06666666665,126675.52182878724,319362.6,123509.57952903895
