id,mean_1,stdev_1,mean_2,stdev_2
a50c3054-ed60-4b31-89d1-51407e1e268e,308862.73333333334,132173.69927105602,311429.93333333335,135068.9726174331
