id,mean_1,stdev_1,mean_2,stdev_2
33e5c11e-124f-4e97-9cc4-221e5724ce5a,427257.06666666665,158378.7653575932,334395.6666666667,122303.72618235672
