id,mean_1,stdev_1,mean_2,stdev_2
cc97da13-0251-4682-b28e-ab5ab6b030c0,352926.26666666666,125117.67867490012,351646.0,126891.2142306682
