id,mean_1,stdev_1,mean_2,stdev_2
25739bc2-72a6-428d-9671-dce24947087e,228323.53333333333,81314.18505022491,162335.6,54712.32311378001
