id,mean_1,stdev_1,mean_2,stdev_2
6504ca5e-75a0-4fd1-b0f9-37e31617979a,374007.0,133479.8395024507,404173.4,161822.883087158
