id,mean_1,stdev_1,mean_2,stdev_2
2db97c74-cd58-49ff-ade8-0bc16bda71e9,356382.4,149146.65076083114,342951.06666666665,131370.5674989476
