id,mean_1,stdev_1,mean_2,stdev_2
8b8fd119-b380-4cc7-9dd8-1850fa6dac6a,373910.06666666665,136265.27876876373,335554.73333333334,120508.23259759293
