id,mean_1,stdev_1,mean_2,stdev_2
60b62dc5-13c0-4000-8234-96156cbfb6da,341395.4666666667,122512.9814280194,351209.6,136900.62663250792
