id,mean_1,stdev_1,mean_2,stdev_2
f0c3d2be-5708-4a92-8fa6-d70798040e43,307901.86666666664,121933.56394029586,323525.4,127103.97467469955
