id,mean_1,stdev_1,mean_2,stdev_2
93e04749-8f34-4d53-bb51-b138c88af4ef,101405.6,97749.57687737921,377445.8,139790.74265878028
