id,mean_1,stdev_1,mean_2,stdev_2
461980a0-489f-4eb4-8b99-7dea5335e8ca,283671.73333333334,108550.23837373899,284055.93333333335,109774.88059871539
