id,mean_1,stdev_1,mean_2,stdev_2
7732141f-9d41-4937-b1a3-053fa11af33c,292904.86666666664,118569.88245523772,302139.2,118823.34832582358
