id,mean_1,stdev_1,mean_2,stdev_2
9e2def7c-4fdc-4469-a64b-3bc09dc2c733,403765.5333333333,159059.05396963595,339051.06666666665,130752.64523746949
