id,mean_1,stdev_1,mean_2,stdev_2
f91f97c1-bec8-49d5-b93e-ebb0d61e1def,325828.4666666667,125845.73096870983,339440.06666666665,141508.10449651128
