id,mean_1,stdev_1,mean_2,stdev_2
f26da6f4-f5a8-4fcb-a770-e2c227de791e,328059.26666666666,130231.58631067793,304311.93333333335,121756.183141811
