id,mean_1,stdev_1,mean_2,stdev_2
7a148c63-d0ef-413d-a1b2-8c2bdc9a5672,309961.86666666664,123770.17457307267,329767.2,129472.38183293505
