id,mean_1,stdev_1,mean_2,stdev_2
7bd3d05d-fed8-46ab-a2c1-92a985bdfe03,381957.3333333333,146517.62062025926,409617.4666666667,155152.22719203515
