id,mean_1,stdev_1,mean_2,stdev_2
c3d9baa7-85c8-4822-906b-7fb53e799be4,298408.5333333333,116162.72709888007,253275.8,102329.65803467407
