id,mean_1,stdev_1,mean_2,stdev_2
b1117094-5ce1-4ac7-99e9-2815f4fd5825,385774.4666666667,152338.67856845228,361970.6666666667,145882.8121137724
