id,mean_1,stdev_1,mean_2,stdev_2
797b0525-6761-4439-a0fd-369d9868ea76,357701.73333333334,141205.67987228968,377584.86666666664,151148.84332068908
