id,mean_1,stdev_1,mean_2,stdev_2
f67c56c9-f96a-4a55-99d0-a2f34abc2d01,287493.3333333333,111532.19893684915,269032.6666666667,109524.48468457737
