id,mean_1,stdev_1,mean_2,stdev_2
473b2329-e40b-4eec-b8b6-8f2695195012,291934.0,112070.63158205186,344886.73333333334,139083.78280516947
