id,mean_1,stdev_1,mean_2,stdev_2
9a9e0fc4-6231-46af-866c-2a7077be041e,321985.86666666664,136088.24665775592,317065.4,129386.09704024103
