id,mean_1,stdev_1,mean_2,stdev_2
b99a2c18-e2ee-41bd-99df-3ef8ed5f6421,316299.86666666664,115646.46340513641,338883.13333333336,131847.87256221552
