id,mean_1,stdev_1,mean_2,stdev_2
49593352-c42a-4949-8dfd-d99b6a79719f,185609.2,79197.41032820033,194859.4,79907.00125754521
