id,mean_1,stdev_1,mean_2,stdev_2
f1f55201-3312-4cd2-87a8-930887cd5a15,319031.6666666667,121499.17082990959,372459.73333333334,146310.43228034777
