id,mean_1,stdev_1,mean_2,stdev_2
033cb090-3f95-48b6-bb2d-50dd65c359de,295330.4666666667,120121.45132593466,276253.8,114608.42676010636
