id,mean_1,stdev_1,mean_2,stdev_2
20a06841-fbe4-430b-b499-e9143782a5fc,359788.26666666666,144454.876868161,369465.06666666665,147308.1101983036
