id,mean_1,stdev_1,mean_2,stdev_2
d43bb95f-f869-4f9e-bf15-aadf4dd36763,346570.13333333336,140743.91727619668,329511.4,132472.99003937872
