id,mean_1,stdev_1,mean_2,stdev_2
71e1bee2-0941-443a-bbe3-24ac32ed4392,310218.5333333333,129951.92219271795,282158.86666666664,111907.55116902922
