id,mean_1,stdev_1,mean_2,stdev_2
103676a4-8e45-42cf-a4a3-d32aa025fe88,315619.0,131116.7821213847,262937.5333333333,117310.97135043345
