id,mean_1,stdev_1,mean_2,stdev_2
3fc889d2-80a0-4481-9f97-6d37123a1663,325290.73333333334,124210.53010995306,315814.06666666665,119667.1242519385
