id,mean_1,stdev_1,mean_2,stdev_2
dd631585-2e38-4e69-b140-2cc2dbc107e8,335548.73333333334,126822.85855605402,393697.3333333333,151722.98627198482
