id,mean_1,stdev_1,mean_2,stdev_2
ade96d03-328c-4419-9f79-053efe1cb336,330242.5333333333,125767.41366287567,310418.5333333333,114082.96121265827
