id,mean_1,stdev_1,mean_2,stdev_2
5a6e44c6-6f3d-47e8-a6b4-c7bd4da34abf,281471.26666666666,108313.05458867314,300847.8,121261.92721993715
