id,mean_1,stdev_1,mean_2,stdev_2
74facf94-3139-4c84-8939-2987c9965a17,230235.0,97662.4900392503,268807.6,116177.53001551835
