id,mean_1,stdev_1,mean_2,stdev_2
12a89d99-8af5-4aca-8229-19cc6d4e17cd,299840.93333333335,123511.61201197059,284766.6666666667,116162.0215048313
