id,mean_1,stdev_1,mean_2,stdev_2
17fd6025-6160-4689-b14f-e92ccd0fb341,285472.93333333335,115647.43517690116,280945.93333333335,107279.77264546294
