id,mean_1,stdev_1,mean_2,stdev_2
21e7b020-66c1-4dca-9598-8b7bb0865973,333908.4666666667,132619.13449316262,312782.4,121703.96254124185
