id,mean_1,stdev_1,mean_2,stdev_2
f4740dd1-8ef8-4fc1-8ba9-7d0da0aa8d59,265885.6666666667,138802.40637379297,201890.53333333333,83401.64985487731
