id,mean_1,stdev_1,mean_2,stdev_2
240992a2-c334-491a-84b9-ab593aea6310,337495.86666666664,133234.29222281912,303175.6,115977.93184498505
