id,mean_1,stdev_1,mean_2,stdev_2
72e56aed-8420-4405-9b64-d889e72c62bc,358620.2,143221.69393365894,377849.2,146446.78219849468
