id,mean_1,stdev_1,mean_2,stdev_2
71ed56f3-39ea-4e9a-89ad-181028c5b24c,264707.26666666666,102121.99477648723,293256.26666666666,120006.49248462444
