id,mean_1,stdev_1,mean_2,stdev_2
aaad7be1-41fe-4388-b4d6-4cf09f7901fe,383008.5333333333,139315.7562339913,373389.6,131272.10617024978
