id,mean_1,stdev_1,mean_2,stdev_2
239a1c8a-16ea-4ebc-a85f-aa888741c380,204892.8,112363.21553141845,219679.53333333333,99117.57960985306
