id,mean_1,stdev_1,mean_2,stdev_2
8e5dc523-fd3b-4e16-9f64-5317b453b154,318689.73333333334,119489.0530531098,321276.0,123293.86409496081
