id,mean_1,stdev_1,mean_2,stdev_2
c833a4c1-d02c-4840-9219-e05a66f8b4fd,319410.5333333333,125834.41393400915,285063.4666666667,104951.20243927122
