id,mean_1,stdev_1,mean_2,stdev_2
3b5d6b91-e808-4fab-9079-3c8210946f3f,301085.6666666667,121391.15394605802,301511.5333333333,120070.37435374675
