id,mean_1,stdev_1,mean_2,stdev_2
1b6df49a-c82c-4dc3-a970-be41fcdfa67f,305525.6,113239.95881595858,337223.73333333334,130171.3448423355
