id,mean_1,stdev_1,mean_2,stdev_2
2acda90d-5673-4d1e-885a-7969873db1fb,432156.93333333335,155427.81699274067,435025.6,166811.91168410805
