id,mean_1,stdev_1,mean_2,stdev_2
434b4a1c-967f-4610-b4df-fba6700d1ce7,403046.4666666667,151042.3018287114,380070.13333333336,137923.84748928985
