id,mean_1,stdev_1,mean_2,stdev_2
ba30ce59-20a0-49df-b77f-3c57d988147c,324348.4,124449.50509707408,330672.6666666667,131920.25073438202
