id,mean_1,stdev_1,mean_2,stdev_2
b6da89d8-f1f0-4c3f-8734-5cc5d2c10ef8,349755.4,134997.4828465578,359798.6,150327.7425723764
