id,mean_1,stdev_1,mean_2,stdev_2
643d936a-09d9-4acc-b35f-2218e9da9000,296181.13333333336,114912.3526373422,293316.26666666666,113082.52002112834
