id,mean_1,stdev_1,mean_2,stdev_2
3b0e5494-f87e-4196-ac7c-68400dbcb329,370524.6,143155.03860956716,378809.13333333336,138404.93584448335
