id,mean_1,stdev_1,mean_2,stdev_2
b2474c9f-54bf-4e69-a264-baafdda4e49d,347915.86666666664,128778.30844510351,345760.2,138797.51428859716
