id,mean_1,stdev_1,mean_2,stdev_2
2c8339bf-ae67-41d5-9ed2-627cfd526f0e,358863.3333333333,134289.42006560144,349926.4666666667,134639.54090873734
