id,mean_1,stdev_1,mean_2,stdev_2
981b0740-e761-4924-95ff-6a4c6591b9a0,172265.86666666667,76953.62230145866,178627.8,99951.03877812708
