id,mean_1,stdev_1,mean_2,stdev_2
3dae3698-f1d8-4ac6-ab35-7395636866dd,178709.73333333334,93998.02905981001,193131.0,86148.28331429478
