id,mean_1,stdev_1,mean_2,stdev_2
f2bf0dea-1abb-4be7-8a3c-2ede979470c6,282934.6,117755.29462564872,272022.93333333335,115736.009487377
