id,mean_1,stdev_1,mean_2,stdev_2
12820940-1b75-44d9-a397-ffe399fc6ee8,368801.0,148910.31469982193,410893.5333333333,158870.5682543148
