id,mean_1,stdev_1,mean_2,stdev_2
7dbf99f0-ebdd-45cb-9390-44717ab458dc,282070.73333333334,111308.8317265476,306749.2,124536.45144518935
