id,mean_1,stdev_1,mean_2,stdev_2
869ab7e7-afb1-47b2-a949-572d6c3b1b7f,67053.06666666667,73364.10734000351,321692.93333333335,126113.73735982223
