id,mean_1,stdev_1,mean_2,stdev_2
dad412c8-6074-4529-80a3-d471bd063996,317467.6666666667,120725.11361527983,329837.5333333333,124363.59889392428
