id,mean_1,stdev_1,mean_2,stdev_2
b08e51ae-e4c7-4c0a-b192-62e7bbb324ea,344244.0,141237.9197817168,319284.4,125065.41503965034
