id,mean_1,stdev_1,mean_2,stdev_2
169117fb-4bf7-469a-9768-3424bd74d5cc,308639.73333333334,118991.80809028643,309092.3333333333,121623.44341322068
