id,mean_1,stdev_1,mean_2,stdev_2
0150e05e-27f9-43e0-9202-a78eea5520d8,348476.4666666667,139805.33885030603,342542.26666666666,138344.73460572644
