id,mean_1,stdev_1,mean_2,stdev_2
6d19e3c3-959a-4245-bbe8-994c2d86b6c1,339077.4,117174.89355363915,373761.86666666664,135181.4252959662
