id,mean_1,stdev_1,mean_2,stdev_2
9ce93f9f-9eb8-4e8f-a6e8-2408e9916ec0,333473.26666666666,138754.98630149796,363659.3333333333,148526.97320673967
