id,mean_1,stdev_1,mean_2,stdev_2
325838ea-3176-47a2-b604-c54d5638de5c,383922.93333333335,150448.74716104782,342850.5333333333,126559.91166340504
