id,mean_1,stdev_1,mean_2,stdev_2
55c16d47-b040-4958-b460-c16f7a2a5da5,315929.13333333336,123115.50055069785,315705.0,116466.5065547459
