id,mean_1,stdev_1,mean_2,stdev_2
fc0434fb-dc52-48b2-8222-0925e8f80ac9,310668.5333333333,132174.65490320834,249954.66666666666,104986.97593045636
