id,mean_1,stdev_1,mean_2,stdev_2
a5bf4ec3-a0d6-4b1f-ab2b-9c7c961cc825,344818.26666666666,122976.95630941956,344164.4666666667,124146.13281874263
