id,mean_1,stdev_1,mean_2,stdev_2
8f32d0e3-bb68-4eda-976f-831a1c85ea2d,335594.06666666665,128453.44058424006,343805.13333333336,128827.48049639445
