id,mean_1,stdev_1,mean_2,stdev_2
47e91069-bfdc-4667-b472-4a8037178813,243500.26666666666,105433.71237541731,235589.0,104529.80268484837
