id,mean_1,stdev_1,mean_2,stdev_2
5a025344-1a20-4fbd-8050-1c9fe332462b,312457.2,129308.06912496476,292714.26666666666,117811.11518384937
