id,mean_1,stdev_1,mean_2,stdev_2
f7dc8f46-f40f-4695-a5cf-95a98e66c179,314883.3333333333,129707.74150150876,319715.0,133715.79439642373
