id,mean_1,stdev_1,mean_2,stdev_2
9322b656-d64d-4f8e-b227-4dbba14a92c0,304189.93333333335,129889.6579878304,259523.6,108662.86125308255
