id,mean_1,stdev_1,mean_2,stdev_2
f4d61868-eca6-4f85-91fc-7b7787672e24,291945.4666666667,125517.59487756641,283719.8,117510.15152981466
