id,mean_1,stdev_1,mean_2,stdev_2
2b9fce0e-6f17-46d0-8ec3-9495e8fff1b4,255262.66666666666,100981.32987878943,298348.4,125464.29606800494
