id,mean_1,stdev_1,mean_2,stdev_2
c135dcc7-0100-47f5-9010-1593c4d58b3e,307257.13333333336,122392.90517938076,327953.73333333334,132490.28692321395
