id,mean_1,stdev_1,mean_2,stdev_2
1ce6d543-e5b0-4e81-b338-f1d337fafd37,384354.93333333335,155345.74657173234,372893.93333333335,126708.13304307748
