id,mean_1,stdev_1,mean_2,stdev_2
b073909c-f3f9-439b-9226-d58318551833,329702.26666666666,130109.97701763263,335671.2,130793.19296314061
