id,mean_1,stdev_1,mean_2,stdev_2
ef32118c-760c-471e-8c2a-f2b13c4ef009,338704.93333333335,127289.61345554562,346740.86666666664,129337.49586198463
