id,mean_1,stdev_1,mean_2,stdev_2
4b516b6d-6da3-4eae-8774-75e3383895ea,329019.8,139985.84442445126,352361.8,144559.3740750146
