id,mean_1,stdev_1,mean_2,stdev_2
fbb1f47c-61c1-4ff3-94f9-a09780c77ac0,343367.5333333333,122253.54064176993,21675.133333333335,41287.52724147519
