id,mean_1,stdev_1,mean_2,stdev_2
90647cff-747b-4839-b19b-04331cfbe33f,362463.4,138861.60323276313,169786.2,64842.519814496205
