id,mean_1,stdev_1,mean_2,stdev_2
f71a9750-c5fc-48b6-b597-3df1633b479b,281925.93333333335,107317.1413586644,361945.93333333335,139335.05903227977
