id,mean_1,stdev_1,mean_2,stdev_2
4222ae29-d229-4224-8094-3f2ba353429f,333752.2,132210.48122505264,292922.4,115694.66421450328
