id,mean_1,stdev_1,mean_2,stdev_2
74d4cbb7-eaed-4311-b5c0-487ef79f67c8,310138.8,128040.8396854691,362832.5333333333,149155.30491532048
