id,mean_1,stdev_1,mean_2,stdev_2
6c6dffcd-25e7-4af3-bed2-8652b4e36512,362484.5333333333,135169.18982266466,358652.8,138114.9253673428
