id,mean_1,stdev_1,mean_2,stdev_2
c12a909f-0789-4abb-84dc-bff730ebe67d,312796.26666666666,127873.00064489331,312039.06666666665,128014.45497363005
