id,mean_1,stdev_1,mean_2,stdev_2
a10f799a-5248-472d-b354-d11b5f2315ef,379800.06666666665,143630.44955879735,336794.5333333333,131773.0079633745
