id,mean_1,stdev_1,mean_2,stdev_2
fce2cc1e-5eef-4009-a4d1-5aa0fc72584a,308084.6,120712.55428871792,260633.86666666667,98507.86095526702
