id,mean_1,stdev_1,mean_2,stdev_2
2364bb0e-4f49-4a9c-9dd4-63c2b8aa489d,356718.4666666667,135090.2985151619,335378.5333333333,128685.97591339245
