id,mean_1,stdev_1,mean_2,stdev_2
18f687d6-daac-4553-9e1f-84de0f518a15,294720.13333333336,113005.80326329361,309044.4,117946.82856993939
