id,mean_1,stdev_1,mean_2,stdev_2
136e47f3-7d5f-464c-a01b-60815efeaac2,327076.4666666667,126387.5261476209,328524.8,131364.4436089665
