id,mean_1,stdev_1,mean_2,stdev_2
c9f54800-ed12-4585-ae76-586f8fc5bb4e,411196.13333333336,152741.5899113561,147666.66666666666,55162.68834356144
