id,mean_1,stdev_1,mean_2,stdev_2
ff817f50-2dee-4a21-85d7-cdb823b7b3e2,389178.5333333333,149007.25786925803,337848.4666666667,127305.13749877583
