id,mean_1,stdev_1,mean_2,stdev_2
ff866e29-0895-480a-9532-fc10acd97d0f,275835.93333333335,103547.30135383648,305510.73333333334,123064.1124219224
