id,mean_1,stdev_1,mean_2,stdev_2
39587dc5-e8e4-4753-bc2f-964552e7d50f,313846.2,116707.50951571198,306675.4,112244.08257709327
