id,mean_1,stdev_1,mean_2,stdev_2
fa6941ff-32af-47c8-8a6e-61f29e8126fa,325622.0,123952.97822642262,328259.73333333334,126724.77793100377
