id,mean_1,stdev_1,mean_2,stdev_2
8fb24e0c-4ff9-4508-b34e-46b47186866c,411810.73333333334,159141.44975061933,433580.93333333335,162696.26017888536
