id,mean_1,stdev_1,mean_2,stdev_2
872ce8ae-2f23-4c13-b15c-4de202c8e850,289588.26666666666,119054.34920375184,316538.06666666665,134860.27454985483
