id,mean_1,stdev_1,mean_2,stdev_2
706c7a1b-ce19-4829-965f-9b23cbb0ce6f,304060.0,110611.5357371614,379574.4666666667,142544.5797622001
