id,mean_1,stdev_1,mean_2,stdev_2
169e15ba-4c7a-4c57-ba49-02bc1dae2e25,260871.66666666666,123786.73961329175,264580.2,133105.81132778036
