id,mean_1,stdev_1,mean_2,stdev_2
36bac1b1-5682-4b77-80ca-8c7308fa8965,179724.73333333334,89838.16206673469,201559.2,76487.84441221146
