id,mean_1,stdev_1,mean_2,stdev_2
b5f198ca-e465-4489-aaff-8bd7f6717488,277928.0,114891.55142481104,290383.6,121525.80841110801
