id,mean_1,stdev_1,mean_2,stdev_2
2f6837fb-3257-45d1-85a5-70f3a771dea7,318075.8,120577.9211620436,332623.4,125961.65577179959
