id,mean_1,stdev_1,mean_2,stdev_2
420d8d73-7ff4-4abe-ab60-81e8d94202b5,349159.73333333334,138522.61798395557,364527.4,139796.77074658533
