id,mean_1,stdev_1,mean_2,stdev_2
2918f290-f1fa-4b60-869f-86f88b9ee470,343531.4666666667,123077.82896734716,374771.3333333333,144740.56043909123
