id,mean_1,stdev_1,mean_2,stdev_2
a7235df7-a32a-4a94-bb63-181ab80c626a,302138.73333333334,116244.85060793972,335046.8,140280.83080079043
