id,mean_1,stdev_1,mean_2,stdev_2
e23dbe4c-1ff9-4ab9-9406-b6dae147da7f,309685.4,116527.64069169741,324856.93333333335,129555.6745873972
