id,mean_1,stdev_1,mean_2,stdev_2
670d033d-ea60-4ffd-83c0-ac727881ab9d,295654.6,122383.50432516087,309062.73333333334,116570.48962035327
