id,mean_1,stdev_1,mean_2,stdev_2
8a8a38b6-75c5-4e0c-b487-708297357477,325137.6,122726.95112364955,332422.26666666666,129764.23879249458
