id,mean_1,stdev_1,mean_2,stdev_2
1aa12524-5897-4b3b-890c-58f8ef977983,380396.86666666664,141790.2813768121,358607.26666666666,125851.10590030145
