id,mean_1,stdev_1,mean_2,stdev_2
7e5c3b71-f300-4555-ad1b-24a4dec23f1a,168233.8,62961.04698430609,182988.4,66863.57435634642
