id,mean_1,stdev_1,mean_2,stdev_2
32dff0e2-1d45-42a7-afae-1354efa34351,178064.66666666666,62931.78339299009,246358.8,90283.64422286021
