id,mean_1,stdev_1,mean_2,stdev_2
c8208b27-9d25-4171-bdbc-671188fd87e6,316557.2,120233.05455777679,292861.06666666665,110577.37422484867
