id,mean_1,stdev_1,mean_2,stdev_2
2524f9b1-aee8-4ad8-8aa5-158bfee9415b,326895.2,124582.39498216966,321883.73333333334,121565.54459465707
