id,mean_1,stdev_1,mean_2,stdev_2
7cd648d9-dc87-4182-8709-ad889530c17e,213545.33333333334,88073.44443411355,206925.4,91325.37912745467
