id,mean_1,stdev_1,mean_2,stdev_2
224986f8-b974-4dbd-baa6-d80686c0f5d2,312574.93333333335,125325.12835791906,301218.13333333336,115798.80318084275
