id,mean_1,stdev_1,mean_2,stdev_2
8679dfbf-553a-4fc8-8822-c9998f25f98f,338098.6666666667,138243.96514841274,256358.53333333333,155278.4682960977
