id,mean_1,stdev_1,mean_2,stdev_2
4c065722-cd15-4beb-8004-0560dd36b179,219251.4,108345.62816763765,241695.73333333334,113397.47655303251
