id,mean_1,stdev_1,mean_2,stdev_2
6b90f734-961f-4059-aab9-2210096974ed,308393.73333333334,119394.67662754298,340641.2,134193.98589315894
