id,mean_1,stdev_1,mean_2,stdev_2
979b670f-f716-4935-a4c7-b87d84620f31,312137.5333333333,122531.75413683138,305369.6,114690.15390276533
