id,mean_1,stdev_1,mean_2,stdev_2
8efd42f8-4c2c-48ef-901d-a97d1eaf21d3,371430.0,127632.50135708641,373230.8,129549.59808052925
