id,mean_1,stdev_1,mean_2,stdev_2
250b22a1-800a-4d3e-9f8a-8c71fbb3f675,303476.0,130817.78611947231,307635.86666666664,117630.65695238163
