id,mean_1,stdev_1,mean_2,stdev_2
66b84425-ef0b-4b02-8707-51925b32b6d6,365982.2,143183.45165099678,304592.8,115611.28320436548
