id,mean_1,stdev_1,mean_2,stdev_2
450524dc-8a67-4b12-be06-0388fa406a51,331375.06666666665,115426.87318729358,268970.73333333334,112864.95936263341
