id,mean_1,stdev_1,mean_2,stdev_2
e213c654-839c-4955-8358-f06ad8b0e14d,336880.3333333333,126333.67835889562,334001.26666666666,127040.4513239604
