id,mean_1,stdev_1,mean_2,stdev_2
2bcdd704-b3fd-4f6b-a2ce-1989bc6be147,287783.86666666664,117074.62209540642,303704.5333333333,118741.97483387619
