id,mean_1,stdev_1,mean_2,stdev_2
d7709410-9e98-4aad-8b5c-510d7f92f0a3,305552.06666666665,115481.06507444798,337123.13333333336,128676.6850054128
