id,mean_1,stdev_1,mean_2,stdev_2
22f6fa17-7523-453c-b820-2e3dd6c359aa,312182.6666666667,136531.65628413393,294003.26666666666,124835.76274848309
