id,mean_1,stdev_1,mean_2,stdev_2
f41e6782-21b3-4805-a590-ebab61ddf83e,295712.0,119777.8057376797,300134.0,117621.24666289391
