id,mean_1,stdev_1,mean_2,stdev_2
6cdf1ef5-6304-424a-b0df-8220d86420c7,306211.4,114775.04386105314,308673.4,115176.00610184977
