id,mean_1,stdev_1,mean_2,stdev_2
d9c70fbb-b20f-468d-8ea9-05d9a0cc6d75,309028.93333333335,113447.27606570769,245132.06666666668,99733.47222236318
