id,mean_1,stdev_1,mean_2,stdev_2
5f2001f7-d790-4a44-8f3a-e981a37f1184,331113.0,128951.5277469277,306459.0,123717.47464768265
