id,mean_1,stdev_1,mean_2,stdev_2
4032343c-9ee1-4fd6-88b3-4176cfe3423c,390788.6666666667,144983.48231513207,192313.0,105482.82707752322
