id,mean_1,stdev_1,mean_2,stdev_2
07f10977-91a3-4a85-997b-32d8b86aab05,313140.6,124730.43491294871,325531.5333333333,129306.33972540643
