id,mean_1,stdev_1,mean_2,stdev_2
dabf6abf-b1a4-40cf-94a1-d765e8820899,423739.93333333335,160157.9904267311,324512.73333333334,129900.95180378352
