id,mean_1,stdev_1,mean_2,stdev_2
ce1f7b05-1112-4820-8b96-31762785b763,292022.86666666664,117574.30422382076,299369.13333333336,127608.35614220393
