id,mean_1,stdev_1,mean_2,stdev_2
ad0ccf64-33b1-4ce6-8739-a3b1dc808ab3,302325.93333333335,118752.9243555524,287152.26666666666,110150.44790616554
