id,mean_1,stdev_1,mean_2,stdev_2
5ca93d29-3ab3-4e18-b61e-0ebf5ddda0f4,312230.5333333333,125268.86196543637,283003.13333333336,113642.34381712168
