id,mean_1,stdev_1,mean_2,stdev_2
500f29ce-591f-4a7d-9519-7a472a12d058,298489.93333333335,112065.98264324262,347253.2,130295.70151016749
