id,mean_1,stdev_1,mean_2,stdev_2
c8045c82-f8ba-4478-9d60-dcf27ab2b7e3,323096.73333333334,122853.07707961118,308956.3333333333,118831.59402205383
