id,mean_1,stdev_1,mean_2,stdev_2
c50b999a-e4a3-4055-8a08-6d934383e934,306804.93333333335,126288.42948608643,287940.6,113914.75749102922
