id,mean_1,stdev_1,mean_2,stdev_2
64a87bb3-fbcd-4f42-9908-054654b1ce16,339714.2,139991.18669840138,293265.93333333335,115329.2824356802
