id,mean_1,stdev_1,mean_2,stdev_2
77b37817-6776-430f-a0a3-8a3c3c27dff4,335938.93333333335,130202.87191531359,329256.5333333333,122747.60341495696
