id,mean_1,stdev_1,mean_2,stdev_2
fec3c81e-1c87-404a-a8a8-ea549b1bd94f,317923.6666666667,126453.73489286727,308127.4666666667,123219.3911832964
