id,mean_1,stdev_1,mean_2,stdev_2
78ac75d1-49c3-4a96-8441-ee2d6a58f038,294599.6,121779.11375371393,318254.93333333335,138629.7240688142
