id,mean_1,stdev_1,mean_2,stdev_2
ec7fc4fd-23a8-48ac-acab-ecf55e86289c,359829.73333333334,139441.2561329282,346736.6666666667,132855.4413542111
