id,mean_1,stdev_1,mean_2,stdev_2
4ed0c078-7de6-4525-a37f-f99e22f43522,336430.2,142580.82391411078,304562.73333333334,129722.96414511795
