id,mean_1,stdev_1,mean_2,stdev_2
f7e74a28-aa95-4a83-889c-43e58d694f5d,186709.33333333334,75007.01618619123,280674.4666666667,110407.29232852127
