id,mean_1,stdev_1,mean_2,stdev_2
0dba1fcb-965e-4355-8ae4-835bcad5c831,360766.73333333334,146938.75183284888,363156.4,149237.82746511244
