id,mean_1,stdev_1,mean_2,stdev_2
25c2b1f6-b8f2-439e-bdd8-4fe6a112a67c,354884.2,148091.9290063664,373378.2,139897.90520909644
