id,mean_1,stdev_1,mean_2,stdev_2
ab5ba6b8-ec87-41db-a7b5-9e291db66a51,287383.26666666666,123875.52569224032,295691.86666666664,128945.94042717628
