id,mean_1,stdev_1,mean_2,stdev_2
5600ef9d-aa9b-48a2-9448-a7cd5cdf6b43,329432.6,130989.11528815412,337382.6,130815.77216875137
