id,mean_1,stdev_1,mean_2,stdev_2
a4eee509-569b-4cb8-9895-18bae0fe6562,341327.5333333333,122565.2847277002,363624.73333333334,140037.39338689347
