id,mean_1,stdev_1,mean_2,stdev_2
d3ebfffb-7a07-4ce0-b0d5-5ccf1b5363c8,225281.93333333332,85191.96743157317,188661.26666666666,73127.86886585868
