id,mean_1,stdev_1,mean_2,stdev_2
311ee2a9-b4a5-4617-ac48-2dce22a31397,335195.26666666666,120145.17629349735,341057.13333333336,129292.12168309235
