id,mean_1,stdev_1,mean_2,stdev_2
d25fb4fc-9781-4af9-93d5-fe6f427ba0be,313071.2,115871.76488296592,342552.4,128562.71508116185
