id,mean_1,stdev_1,mean_2,stdev_2
fdf576d3-e609-489a-859c-ae0c63c52b41,306297.8,128810.79057346091,322560.26666666666,133606.0528167127
