id,mean_1,stdev_1,mean_2,stdev_2
842f3a36-4254-4537-afec-c4ace7aa282e,298720.93333333335,117934.6907676542,280494.06666666665,117898.51371212823
