id,mean_1,stdev_1,mean_2,stdev_2
545aad42-52bb-4e17-893f-b8af503ff778,336932.6,130888.11173762115,330053.06666666665,131265.62377787856
