id,mean_1,stdev_1,mean_2,stdev_2
6c04d453-5571-422a-ad30-38d08f833f6d,201972.73333333334,82708.34761696601,188205.6,93315.23024444259
