id,mean_1,stdev_1,mean_2,stdev_2
60ce69bb-ad6e-4cf0-8beb-5a72bba3c861,305607.26666666666,121801.98185003214,325625.0,126439.45465083278
