id,mean_1,stdev_1,mean_2,stdev_2
3b939b00-498f-42de-8ce1-96c3e3e23344,174722.26666666666,105282.83632733727,280595.26666666666,128697.84469962536
