id,mean_1,stdev_1,mean_2,stdev_2
371365e7-3d53-4d19-8296-4e45ee5fe8a7,351273.93333333335,135685.612793431,334133.13333333336,127302.94967615201
