id,mean_1,stdev_1,mean_2,stdev_2
a664102a-1b5a-469e-8054-c72d37b1599e,344411.8,140601.80709801233,317608.4,130054.91314353846
