id,mean_1,stdev_1,mean_2,stdev_2
4ddf3fd8-8de8-4e05-8a55-5db4a42d59f0,218624.93333333332,124031.0746028143,262087.66666666666,149420.82793491526
