id,mean_1,stdev_1,mean_2,stdev_2
7feb4177-c011-4bd5-a6d9-b64e8cf80f5b,306987.3333333333,129535.57547364697,294778.4,124048.60964358554
