id,mean_1,stdev_1,mean_2,stdev_2
b9baaa05-3ea0-4266-88b8-48158a7f9527,328059.13333333336,134410.43754652722,313430.86666666664,121773.25427633479
