id,mean_1,stdev_1,mean_2,stdev_2
6881dc4d-230a-40d1-80cb-4fd548a7fa98,299225.26666666666,125463.91733108857,301492.2,131198.03902711353
