id,mean_1,stdev_1,mean_2,stdev_2
35e727c8-e505-445f-b19f-8cfbc54b3f14,215162.6,94709.84420414454,134575.66666666666,79376.38381673873
