id,mean_1,stdev_1,mean_2,stdev_2
01cd959b-2c8f-4a74-9a4e-4c1aef6b8e0f,316673.0,123431.69424152507,321855.2,124704.16709594485
