id,mean_1,stdev_1,mean_2,stdev_2
99aaad3c-df26-4241-83ae-d9265000b942,333549.93333333335,125499.37909034539,327209.26666666666,123935.4258472084
