id,mean_1,stdev_1,mean_2,stdev_2
8426bf97-c58b-43ac-828b-187804c8531b,311816.2,117282.09362512818,302813.0,115411.75386704192
