id,mean_1,stdev_1,mean_2,stdev_2
d1e2bbf3-1d67-4e90-96d9-652ee99bd5c4,316159.13333333336,120055.29598862166,324379.0,123335.58787470873
