id,mean_1,stdev_1,mean_2,stdev_2
05ca6f95-970a-402d-a78c-5e321c288fd1,299421.8,108142.0119492266,356173.06666666665,137001.2492242153
