id,mean_1,stdev_1,mean_2,stdev_2
c6d7f403-69cd-4def-bb30-0bd856e0dec2,278854.93333333335,117061.05560174808,293027.4,113830.1593531931
