id,mean_1,stdev_1,mean_2,stdev_2
551b4b04-9e3c-4a8e-8432-836565560376,361687.5333333333,145952.6798967696,355940.86666666664,148528.34208319374
