id,mean_1,stdev_1,mean_2,stdev_2
9cc2f32a-5cdb-4028-97f9-a5c56c5c2507,308339.4666666667,125101.45516705855,294877.2,118719.47486137225
