id,mean_1,stdev_1,mean_2,stdev_2
b690ce54-0756-44a5-b91f-c5d4e682b4d7,353533.93333333335,143027.18796670172,328027.8,125495.35051212058
