id,mean_1,stdev_1,mean_2,stdev_2
174a8b1b-c1f2-4bd0-acd9-17e735d91127,368129.86666666664,135551.29127916446,396199.4666666667,146712.22159355218
