id,mean_1,stdev_1,mean_2,stdev_2
ac25ac47-9463-4ae9-9b83-1dfaa59545f7,315203.6,135803.7782585841,305127.93333333335,131868.17276885107
