id,mean_1,stdev_1,mean_2,stdev_2
52dabd05-a275-4ae8-ab1c-6f482f035b11,334422.2,139133.8871222967,326920.86666666664,135352.315450145
