id,mean_1,stdev_1,mean_2,stdev_2
5947b0a1-02c3-4bef-8e47-016ea921868a,120348.4,57988.416708626675,145096.46666666667,79807.70573895452
