id,mean_1,stdev_1,mean_2,stdev_2
1bc7a860-337b-4c79-b2a6-95c1b47bb205,350399.0,143455.11742934329,388246.06666666665,154724.0183235801
