id,mean_1,stdev_1,mean_2,stdev_2
3eed493b-417d-4d41-a6c8-cf83a6c741b1,317735.93333333335,133394.48100151005,354077.86666666664,141865.28749902925
