id,mean_1,stdev_1,mean_2,stdev_2
77219b01-a1fd-4556-a2c8-0d2722eeea85,316258.4,119957.16217039035,330409.4,126994.63738221388
