id,mean_1,stdev_1,mean_2,stdev_2
6d547284-7e90-45f5-9be2-1346da9fea3d,327843.0,124770.9637263414,369054.6666666667,138473.57822615674
