id,mean_1,stdev_1,mean_2,stdev_2
36f80f66-f519-4386-ae64-f346535e9387,327976.73333333334,144152.28485388483,325285.0,122872.64028741306
