id,mean_1,stdev_1,mean_2,stdev_2
c94c84d6-75d8-4d7a-9b8d-c768b7d41400,344081.2,121928.7515708525,358039.5333333333,130304.84550154772
