id,mean_1,stdev_1,mean_2,stdev_2
753f23a1-53c3-4da7-abd5-6a9e5f70b5c5,400790.6,165159.39740133873,351417.26666666666,126292.26485073775
