id,mean_1,stdev_1,mean_2,stdev_2
4f07170f-d220-4a41-b30d-6c171f6f938f,356454.06666666665,137411.85249580504,335311.06666666665,126551.7378547692
