id,mean_1,stdev_1,mean_2,stdev_2
6ec0308f-0bfa-480c-9dff-b9ada488d098,355934.0,129017.50778608822,437286.13333333336,167811.23066067087
