id,mean_1,stdev_1,mean_2,stdev_2
17e449bb-8ec6-49a6-b71b-abbd1bee3890,291628.5333333333,122862.50278576545,271983.0,115267.18005457292
