id,mean_1,stdev_1,mean_2,stdev_2
c6b1e1a4-119b-4fe1-b941-fcdc78d6f400,336566.3333333333,136151.78925824745,317527.2,127669.06883668677
