id,mean_1,stdev_1,mean_2,stdev_2
d4f6dfbf-bf2e-47bd-acd5-cb2668e28830,327257.4666666667,123093.1429592332,315311.5333333333,123157.04823563919
