id,mean_1,stdev_1,mean_2,stdev_2
02af3990-4c45-4500-b297-d7064fda57a4,342740.6,130993.11894793047,310597.0,119387.68039514519
