id,mean_1,stdev_1,mean_2,stdev_2
5eb743e5-05ac-44a4-89d6-213969a574c5,204845.53333333333,84654.18490845893,298868.0,125480.12349744214
