id,mean_1,stdev_1,mean_2,stdev_2
224d27f4-e11e-432d-89a4-9ec2410d64fe,320365.13333333336,113280.4755856699,342623.13333333336,125631.3612873615
