id,mean_1,stdev_1,mean_2,stdev_2
a069c119-42ae-45fa-a10f-0340e9717baf,301058.93333333335,123164.47489947018,284148.5333333333,112526.26934771967
