id,mean_1,stdev_1,mean_2,stdev_2
bff6f707-b8b7-4bac-88e4-14fdd53ad26c,201722.26666666666,81353.38295237362,304297.26666666666,114420.91364808369
