id,mean_1,stdev_1,mean_2,stdev_2
7c07c5bb-7ffb-4315-900a-cbcb7fccc4c1,354635.93333333335,133282.57945456423,371112.0,139828.8903486448
