id,mean_1,stdev_1,mean_2,stdev_2
921bb8f6-7099-4459-8c3d-3e7abfb748a9,282066.13333333336,111687.36805319074,280658.0,111276.19862366495
