id,mean_1,stdev_1,mean_2,stdev_2
83315ed8-5b00-4a7f-9f0e-e4643a83082f,142847.66666666666,74773.14506217382,110327.06666666667,48420.9893530573
