id,mean_1,stdev_1,mean_2,stdev_2
776028e3-6d0c-4361-bff2-21858608b8fe,307516.4,118970.71172284379,309737.4666666667,130814.63589311743
