id,mean_1,stdev_1,mean_2,stdev_2
6b920082-2d7a-4774-afb3-c8ef935bcb8a,318077.13333333336,120916.64618839248,337717.26666666666,126447.22284519428
