id,mean_1,stdev_1,mean_2,stdev_2
e4c82e22-a49b-4a5c-acce-c30208abaa8a,317961.26666666666,123032.78212707737,317309.4,123890.76268971793
