id,mean_1,stdev_1,mean_2,stdev_2
65976e63-078e-4de1-a2b1-c0fa6ad7489c,318314.3333333333,123708.65218281576,339303.2,130653.97704634431
