id,mean_1,stdev_1,mean_2,stdev_2
03ad1cd9-6e07-42c0-a762-f03262d1b523,349850.06666666665,132866.51775094518,351994.0,139189.49802385716
