id,mean_1,stdev_1,mean_2,stdev_2
0c1fbd6f-26f8-41ff-8103-b58681619ba1,325735.86666666664,120327.50993233242,309893.6,114125.2228783804
