id,mean_1,stdev_1,mean_2,stdev_2
f0ec5998-da70-4d1a-9a7f-9f7afbdfa2b4,338604.6666666667,122093.67786617327,350945.0,134485.2817939569
