id,mean_1,stdev_1,mean_2,stdev_2
3c37dc3e-3e4e-45ac-bf01-c4d3814be23d,336780.93333333335,133627.3337025858,320950.2,127246.44785517591
