id,mean_1,stdev_1,mean_2,stdev_2
e18a4a9a-c247-41aa-b2a9-6706ccefb238,337024.73333333334,122176.24961858267,348932.3333333333,133276.06553299644
