id,mean_1,stdev_1,mean_2,stdev_2
4afbd9cd-bc9a-443c-b275-33a2c8b5e02f,282739.3333333333,117879.02246663268,298724.4666666667,122996.70190367798
