id,mean_1,stdev_1,mean_2,stdev_2
5104b253-ce61-47af-9f5f-158b603e4557,310787.73333333334,132158.76159400944,361250.06666666665,145466.11809969894
