id,mean_1,stdev_1,mean_2,stdev_2
6d4242b4-2af5-4abd-9cc9-b87130a44e0f,299590.73333333334,112512.58781574422,309292.4666666667,119604.97730828577
