id,mean_1,stdev_1,mean_2,stdev_2
6045f92c-32a9-4f3a-814d-532cf23e7280,365146.93333333335,139659.32997188394,364573.06666666665,138613.54886227954
