id,mean_1,stdev_1,mean_2,stdev_2
30527c8d-9dcd-4b53-9cc8-013f527567dc,336541.73333333334,127903.80936180995,353593.8,138030.07238627385
