id,mean_1,stdev_1,mean_2,stdev_2
8784aa0f-b5d1-40d0-8f86-4ec60b9843b3,371698.93333333335,146339.86444914987,360489.86666666664,138478.6684231506
