id,mean_1,stdev_1,mean_2,stdev_2
98d69285-160d-421c-be5a-980fc8a4d5c7,293245.06666666665,119489.75037911086,327333.5333333333,132981.31723560102
