id,mean_1,stdev_1,mean_2,stdev_2
1dba361b-3020-4ed3-abe3-1df6aec684dd,330603.93333333335,117141.71040892688,343286.86666666664,126511.65121725173
