id,mean_1,stdev_1,mean_2,stdev_2
96222947-adbf-470e-b42b-1784a8260a0a,323043.8,120276.18276073337,322411.3333333333,121341.91459819462
