id,mean_1,stdev_1,mean_2,stdev_2
709caaf9-a70c-4d46-b55f-0c4958830063,222641.06666666668,99025.94240801525,190350.0,119285.63812462923
