id,mean_1,stdev_1,mean_2,stdev_2
0599c3c6-8c74-4dbe-aede-a1a5e3ad6df1,155072.26666666666,55635.144561049616,147894.86666666667,60557.29458715569
