id,mean_1,stdev_1,mean_2,stdev_2
626f2d77-a603-4779-be7a-480c5229e911,335173.93333333335,128129.56990976837,311547.8,124170.57606438009
