id,mean_1,stdev_1,mean_2,stdev_2
bfa67066-1688-4c6d-a932-ef41c6971b08,342887.2,118955.59916439411,344614.73333333334,121266.09038059879
