id,mean_1,stdev_1,mean_2,stdev_2
68e456d0-b149-4b82-b8f2-bb8f14c81d95,186858.53333333333,102389.87206155804,237056.46666666667,112325.90229320315
