id,mean_1,stdev_1,mean_2,stdev_2
a0eeff3e-4aea-4092-86ab-b2317b450c73,282727.93333333335,112001.34554457618,326356.4,138022.55125343346
