id,mean_1,stdev_1,mean_2,stdev_2
6e677c55-567f-4d0c-818d-d24f35269342,415940.0,162599.72270948067,404760.93333333335,153019.55131527764
