id,mean_1,stdev_1,mean_2,stdev_2
13c2c901-89f9-450c-bc35-21f35ca1dcb1,325578.06666666665,124741.04363385061,159529.73333333334,55712.63452212214
