id,mean_1,stdev_1,mean_2,stdev_2
98c90b54-96ba-4ec5-b479-e82d00f0fb5d,321264.0,124566.80544778639,302090.06666666665,118617.31418274858
