id,mean_1,stdev_1,mean_2,stdev_2
772029df-196f-4dd1-97d8-1306f73dce4e,353898.13333333336,123696.30522149353,365216.2,131711.20944055344
