id,mean_1,stdev_1,mean_2,stdev_2
ff02fcec-59ab-4408-8f93-599b82842199,285813.6,108791.26584537934,328942.4,124152.27381555816
