id,mean_1,stdev_1,mean_2,stdev_2
b6130e57-1754-4fa2-9627-eb96efd9f48f,330164.5333333333,123970.1219847571,294561.6,107026.29048964246
