id,mean_1,stdev_1,mean_2,stdev_2
45732f02-7d0f-4352-88d5-f9e73e7bbf70,336881.0,139865.50430610115,331513.2,128332.0847765411
