id,mean_1,stdev_1,mean_2,stdev_2
9d59de2b-b0ce-47e9-861b-bd6815950e80,337024.4666666667,135239.5303717897,357495.26666666666,144255.40485147244
