id,mean_1,stdev_1,mean_2,stdev_2
9baf214d-40a8-4f16-aaee-70e6aad64426,316450.6666666667,114786.88465190129,368449.6,133976.58646684003
