id,mean_1,stdev_1,mean_2,stdev_2
bd06e58e-8e0f-48d9-a687-22f4e6aec3db,303957.73333333334,121076.39112310686,303081.5333333333,116548.60125622367
