id,mean_1,stdev_1,mean_2,stdev_2
30abfe41-509a-46e8-8077-3e4e25bee9b5,274863.13333333336,114531.54753159595,279305.13333333336,114150.97791309348
