id,mean_1,stdev_1,mean_2,stdev_2
f23745f7-b628-4acf-bab6-6bbb32153a08,267398.0,117464.1088440777,357183.5333333333,125913.37319594857
