id,mean_1,stdev_1,mean_2,stdev_2
a7b12dd4-44f5-4aea-aefc-9fbe93257dc1,333157.2,135155.61437947495,352854.5333333333,135044.90628718864
