id,mean_1,stdev_1,mean_2,stdev_2
64504d8f-46dd-43fd-8087-890c3a2b16d7,311024.8,116104.23665666413,338755.86666666664,128152.37903260147
