id,mean_1,stdev_1,mean_2,stdev_2
6168fe3a-ded9-4a0e-a3d4-526a97473b63,329124.26666666666,119470.12589567692,333739.73333333334,128001.82570232695
