id,mean_1,stdev_1,mean_2,stdev_2
a982d855-ff36-4c77-afbd-1e0ac4cd023f,301728.06666666665,118510.99016348184,308229.93333333335,122800.236214467
