id,mean_1,stdev_1,mean_2,stdev_2
72fb57d2-a613-4f69-9b3d-91393ad2047a,356644.0,146361.2116161018,382491.73333333334,152350.13093549415
