id,mean_1,stdev_1,mean_2,stdev_2
e3f55299-1a9b-4d2c-9391-c7f4ea6a8370,335928.2,133508.99121392536,309717.0,122582.92194755354
