id,mean_1,stdev_1,mean_2,stdev_2
a1428429-6dad-41a0-a13a-e291207dfecf,315265.26666666666,120177.41024916271,318009.4666666667,127650.48538874507
