id,mean_1,stdev_1,mean_2,stdev_2
3793e631-c05b-430a-ae5c-209f6ba39ff4,288968.8,111677.67893791488,315427.93333333335,127076.34181990325
