id,mean_1,stdev_1,mean_2,stdev_2
d5f21aec-ecd8-4a43-b91f-c35ce6ac04bf,319894.73333333334,123311.9909565255,336295.06666666665,123210.4194281564
