id,mean_1,stdev_1,mean_2,stdev_2
01eea011-89d0-462d-a0c2-766454fe6cc5,320993.06666666665,124421.39179817736,349503.4,142136.80047372205
