id,mean_1,stdev_1,mean_2,stdev_2
cb092d80-ef6a-4a80-a31a-fd19250129fa,50813.73333333333,70936.67425760027,412242.73333333334,165400.89278617039
