id,mean_1,stdev_1,mean_2,stdev_2
fb79de26-e2b0-4d6e-804a-06148633153c,309988.0,127133.94639093577,299096.86666666664,123688.52869088367
