id,mean_1,stdev_1,mean_2,stdev_2
dce30e4b-839b-491a-b1b9-e061017900fb,361675.3333333333,131031.1550024989,381814.0,146372.27539895207
