id,mean_1,stdev_1,mean_2,stdev_2
1e8425c8-9377-454a-990d-5a270dfef036,301997.4666666667,114137.45258115564,282972.6666666667,106611.2394760619
