id,mean_1,stdev_1,mean_2,stdev_2
4de74cca-5ac5-497f-bcd0-ee40aa3280af,286765.73333333334,114126.55237496467,313626.86666666664,122121.69532717035
