id,mean_1,stdev_1,mean_2,stdev_2
5787e439-1635-4e89-8c07-267199b17edd,287691.26666666666,112539.98385786667,290484.13333333336,114559.71927972279
