id,mean_1,stdev_1,mean_2,stdev_2
18d0b85c-bace-4264-a5bb-5fffe68f4bb8,137353.2,55851.71284058052,160792.86666666667,62883.11550155751
