id,mean_1,stdev_1,mean_2,stdev_2
65c4179e-bc57-47ec-9070-e3246d00d1a2,360953.5333333333,139343.6424325926,308982.86666666664,120898.76897904664
