id,mean_1,stdev_1,mean_2,stdev_2
85ec57f6-5ed0-45f8-ad70-3d353450ca52,185465.93333333332,79717.99406613848,175092.86666666667,65022.77858808832
