id,mean_1,stdev_1,mean_2,stdev_2
1038e4d4-0d09-4a92-bd62-a7d73d0d23ab,340206.06666666665,135268.6605293168,322122.3333333333,125816.25766578112
