id,mean_1,stdev_1,mean_2,stdev_2
70a84b26-58d5-465c-a926-69528d6fbfbd,278116.4,105172.06405999647,355875.26666666666,139033.7926272922
