id,mean_1,stdev_1,mean_2,stdev_2
093611ba-dbd4-4a80-8ebb-3bf54a6ce095,341381.93333333335,140901.44835426245,302939.0,120617.39141820856
