id,mean_1,stdev_1,mean_2,stdev_2
bd4a1166-9950-4e5a-ad3f-445b70504576,358737.86666666664,143193.34459388195,355079.4,143975.39237096504
