id,mean_1,stdev_1,mean_2,stdev_2
76facf46-bf41-4497-aec6-0b42c4c59675,298158.5333333333,115191.6718163639,320805.6,118349.91334670817
