id,mean_1,stdev_1,mean_2,stdev_2
ac8cb855-17cb-4335-a51c-436404b704e5,293863.4,112914.90440846741,296655.13333333336,119439.63414872896
