id,mean_1,stdev_1,mean_2,stdev_2
62419849-b0c9-455f-ac94-8ae0e230ea4a,258377.93333333332,108620.01011996926,219226.53333333333,89844.40538907002
