id,mean_1,stdev_1,mean_2,stdev_2
6ef15110-e246-4a05-b947-1f7b1d256026,277430.13333333336,111596.06985365666,266947.2,105300.07011343028
