id,mean_1,stdev_1,mean_2,stdev_2
6ca46dcf-d552-45b3-a791-251911bfba31,213361.2,157632.8647582519,312664.26666666666,127301.46825676793
