id,mean_1,stdev_1,mean_2,stdev_2
cc5c56b0-4486-46ff-98db-fe8be09407b4,319008.06666666665,124618.04320106386,343495.8,130505.14469971418
