id,mean_1,stdev_1,mean_2,stdev_2
fd4cda6d-0f0e-4cce-8eda-9f04586f27aa,286025.3333333333,115351.09042493801,309695.2,123806.77532305465
