id,mean_1,stdev_1,mean_2,stdev_2
315b9487-8ffe-4b49-904f-f94c2d4c9d84,274002.0,112583.95180012706,302333.8,119953.76896410272
