id,mean_1,stdev_1,mean_2,stdev_2
56ba6aab-e1ce-4cc1-b2d6-d130391349fa,353348.06666666665,133962.2202799315,334405.06666666665,128957.4966968919
