id,mean_1,stdev_1,mean_2,stdev_2
9214e5f5-65ca-45d8-b8cd-e18387445768,402386.26666666666,161566.09381610842,426633.93333333335,160162.5288655107
