id,mean_1,stdev_1,mean_2,stdev_2
d2b39ba2-a7eb-406e-b496-75450ff80e1f,309660.26666666666,123628.5348897881,337234.13333333336,137531.2033170978
