id,mean_1,stdev_1,mean_2,stdev_2
85a50ece-2ddd-45e1-830d-82ac1c2d56f1,311590.86666666664,113962.02327492942,333974.86666666664,131111.48117021975
