id,mean_1,stdev_1,mean_2,stdev_2
6ba69ce7-e069-48fe-804d-e4633cc863cf,329471.26666666666,130509.28810342282,333734.5333333333,136394.36299049246
