id,mean_1,stdev_1,mean_2,stdev_2
b9898e0f-41fb-474b-baf1-90e935520c81,349354.6,127606.62866366572,363574.73333333334,134658.85387623878
