id,mean_1,stdev_1,mean_2,stdev_2
9d69243c-4f6f-401f-99d7-79dd1752e999,342980.2,140521.11150580423,367767.86666666664,146958.06343800563
