id,mean_1,stdev_1,mean_2,stdev_2
18c53033-641b-4ad8-878c-085171347bbe,283622.13333333336,107671.7854883483,299245.8,111902.47831345531
