id,mean_1,stdev_1,mean_2,stdev_2
4e9bd306-c5ef-4aa1-a608-eb26584535f5,297690.5333333333,139174.74464421417,312993.93333333335,154491.89713831453
