id,mean_1,stdev_1,mean_2,stdev_2
1a3bea0f-d448-4cea-9805-0dedabc6a4f8,327971.06666666665,127143.12881392984,336789.6,127054.59769238315
