id,mean_1,stdev_1,mean_2,stdev_2
8cf0c8bd-fcfc-4eae-8b7e-a429ca621b6b,341199.73333333334,131967.41465703654,317089.06666666665,124710.92545641524
