id,mean_1,stdev_1,mean_2,stdev_2
92741988-0609-4e4e-a9f3-910cc49a3ea4,342389.8,135610.62764508295,312992.2,121260.1904150465
