id,mean_1,stdev_1,mean_2,stdev_2
8a54f753-67bc-42b7-84fa-d9ab1cdeb772,337237.13333333336,125984.55745096524,338888.8,133572.5871348359
