id,mean_1,stdev_1,mean_2,stdev_2
adc747d3-91ff-4e78-b295-fce11a683ec5,331704.93333333335,128303.65737549687,291123.0,117990.58124217656
