id,mean_1,stdev_1,mean_2,stdev_2
0d3dc11d-4b95-463d-8090-cbdfc4689f3d,301869.3333333333,119801.41046730442,276602.2,109799.41082914182
