id,mean_1,stdev_1,mean_2,stdev_2
783e8789-ff23-4d19-b6c2-51c0d82094a8,300845.13333333336,122941.7766808699,298537.6666666667,117739.57580959014
