id,mean_1,stdev_1,mean_2,stdev_2
b2cad053-35aa-4ed8-8a55-d37767352672,397772.06666666665,148352.23374634064,398486.93333333335,151276.6099287292
