id,mean_1,stdev_1,mean_2,stdev_2
3310bb92-c241-4294-9907-87b1ebefc28a,372109.4,137863.13011186128,186080.2,73240.47659338835
