id,mean_1,stdev_1,mean_2,stdev_2
4a49c3bd-17ea-4537-86dc-fa6f38e0c832,316875.6,122296.65787136894,340853.4,134954.36555507692
