id,mean_1,stdev_1,mean_2,stdev_2
2ff7fb3e-fa69-4947-b5f3-d7b2b3cf747b,298984.13333333336,119750.15477282507,276684.06666666665,111860.50330565995
