id,mean_1,stdev_1,mean_2,stdev_2
8a51428d-7fa0-4e82-bab8-0bea9a22e6bb,344131.26666666666,137320.84102590627,358915.0,134366.8746618749
