id,mean_1,stdev_1,mean_2,stdev_2
c7ca4fe3-6671-44d7-8a59-23c767c8a596,336541.6666666667,136279.29890176115,380995.06666666665,156012.4498709282
