id,mean_1,stdev_1,mean_2,stdev_2
0a4de770-4f1f-44dd-a48b-88fbec643d79,352322.06666666665,135940.36052154962,320086.0,128332.90801245537
