id,mean_1,stdev_1,mean_2,stdev_2
33d68b85-3116-480a-81c1-d3becae465db,316938.8,128876.60833536343,309681.06666666665,126028.83761344287
