id,mean_1,stdev_1,mean_2,stdev_2
ac4912f9-6a37-4c7e-a09b-ba686b31fa2d,303559.13333333336,127033.15558486647,318629.5333333333,131907.02838836485
