id,mean_1,stdev_1,mean_2,stdev_2
b37e002c-c468-4720-a819-4bbf7b62e016,325815.93333333335,129014.42826157942,333433.3333333333,136136.89694307302
