id,mean_1,stdev_1,mean_2,stdev_2
7c7d6b16-bd53-444f-8818-6c23f2061358,316773.3333333333,127446.4338147164,342448.6666666667,131639.85566520327
