id,mean_1,stdev_1,mean_2,stdev_2
7fd1a449-289c-4f25-ac11-9cd2ca238aac,340759.26666666666,129426.95470545882,343589.13333333336,127905.12132194795
