id,mean_1,stdev_1,mean_2,stdev_2
4cf7fc7e-366c-43c6-82ad-ad85fe8dfa84,337718.4666666667,129391.82415792567,344574.13333333336,129753.57110762778
