id,mean_1,stdev_1,mean_2,stdev_2
c0a3300d-2038-4681-a329-bdd407a69c2f,315388.93333333335,119640.94233690332,325351.8,124891.45242286734
