id,mean_1,stdev_1,mean_2,stdev_2
189018bd-03b6-42eb-9e6c-ea1140c64c4a,318268.86666666664,131037.86903582068,313900.6,128876.0309366072
