id,mean_1,stdev_1,mean_2,stdev_2
85e41b50-19a3-493e-b7e4-53b26e78e670,340237.13333333336,130954.66436792375,341128.0,134807.87279186133
