id,mean_1,stdev_1,mean_2,stdev_2
cb29c5b5-a7da-4fed-a9be-5f4792bb218f,348841.3333333333,133942.1826439387,385758.4666666667,149447.3395591757
