id,mean_1,stdev_1,mean_2,stdev_2
7f1b92dd-edb8-44ac-8bb3-47049e49c718,314360.4666666667,122797.27905175893,336523.4666666667,144548.4263642542
