id,mean_1,stdev_1,mean_2,stdev_2
e7c61c0b-384b-4fce-b80d-e51f8c06c55b,219525.06666666668,101551.01525142697,230789.33333333334,97577.3949824218
