id,mean_1,stdev_1,mean_2,stdev_2
e735581b-b29b-4b6c-8cd4-b59621c00821,331488.86666666664,137999.1813516137,402437.06666666665,153132.76535062274
