id,mean_1,stdev_1,mean_2,stdev_2
b1df5c6e-38cd-452d-a80e-62501d285733,340742.6,133664.78808561864,370309.13333333336,158156.97264716332
