id,mean_1,stdev_1,mean_2,stdev_2
5a767887-487f-4798-be97-f6f87942d737,270454.26666666666,113889.30009295087,278810.73333333334,115450.89225089985
