id,mean_1,stdev_1,mean_2,stdev_2
969b93a6-9cf6-4f26-a2b0-4b951ab1bad6,339567.5333333333,137697.19266703376,295723.5333333333,117288.21283650894
