id,mean_1,stdev_1,mean_2,stdev_2
1d9b5758-9fd6-4776-86cd-07b600dc4b9d,293165.3333333333,119794.31628624494,278319.6666666667,109983.53724545424
