id,mean_1,stdev_1,mean_2,stdev_2
57442432-07aa-4e9e-80f7-0ec49313f029,319980.8,126826.72805640512,343694.26666666666,149184.45888874916
