id,mean_1,stdev_1,mean_2,stdev_2
a20ef821-5dfc-4a7e-962a-5414edeb60e8,308822.26666666666,118167.57057019587,291446.2,112858.05459850882
