id,mean_1,stdev_1,mean_2,stdev_2
a7a145a4-8853-473b-9018-6c99f2107e1c,303076.8,114591.34405657931,296667.5333333333,109172.07369644595
