id,mean_1,stdev_1,mean_2,stdev_2
8a3388d5-29d9-4e0b-8deb-ef38d2cce69b,145816.06666666668,49760.45335868859,171518.26666666666,63401.89135293118
