id,mean_1,stdev_1,mean_2,stdev_2
90d76d84-82a5-48e3-89a2-679420f010ec,334103.4,130604.56455514868,345467.6666666667,136176.76336128553
