id,mean_1,stdev_1,mean_2,stdev_2
0ee33983-af7b-4129-b2e6-c27ef103985d,338207.73333333334,138283.02181273818,375103.0,148625.1115973789
