id,mean_1,stdev_1,mean_2,stdev_2
f31e2c21-579c-4827-9457-590b32c0171f,326800.4,119113.04869061716,297635.6,113321.12723512769
