id,mean_1,stdev_1,mean_2,stdev_2
37f2e193-b510-43f6-87c8-68f24d34d223,342358.26666666666,134899.00574551648,357491.3333333333,138459.87582481152
