id,mean_1,stdev_1,mean_2,stdev_2
ded565ec-cf91-429c-bc86-63c9f3949ea3,257253.0,110362.63332064285,260186.86666666667,108163.13116822921
