id,mean_1,stdev_1,mean_2,stdev_2
32752c0c-be05-4f1c-a025-119498d3f44f,338788.4666666667,126806.13240631894,314053.6,116003.31137905792
