id,mean_1,stdev_1,mean_2,stdev_2
3f22956e-2d85-4b5b-8b2b-c7dbc848396a,306149.26666666666,124232.49860025445,321153.6,123675.01507461669
