id,mean_1,stdev_1,mean_2,stdev_2
686ca29a-2b76-40c0-8c96-549379624280,326946.73333333334,132396.69023479734,330009.13333333336,130572.8460412637
