id,mean_1,stdev_1,mean_2,stdev_2
c37c4a31-d139-4282-a422-e686329b6840,324343.86666666664,135793.85056124188,300989.73333333334,123609.8687535191
