id,mean_1,stdev_1,mean_2,stdev_2
dffeeceb-0006-432b-9bad-2fdc80c4eb90,324720.3333333333,130486.44643112259,325361.0,128556.23298722885
