id,mean_1,stdev_1,mean_2,stdev_2
a028a1fb-14d2-4848-bf86-82afadc66d46,334795.13333333336,125883.44337567015,328070.4,124080.79747798745
