id,mean_1,stdev_1,mean_2,stdev_2
93f1dfb7-1ca3-4623-8ebd-e0982afcfd2a,327586.4,125303.56829385718,322827.86666666664,122702.41462110225
