id,mean_1,stdev_1,mean_2,stdev_2
01777990-e7b7-4871-8f4b-385d1c99b84d,345968.4666666667,134460.44052130062,350072.26666666666,143272.54691832003
