id,mean_1,stdev_1,mean_2,stdev_2
e81f159a-6cb7-4e0f-bccf-fd24d038cf04,355001.6666666667,134845.29429222053,372903.13333333336,141102.76960894692
