id,mean_1,stdev_1,mean_2,stdev_2
00a71e23-8a09-4e48-b33d-bde2674f7058,296896.93333333335,119058.85327599774,290242.06666666665,116675.32628364729
