id,mean_1,stdev_1,mean_2,stdev_2
1ef30e10-d5f4-4565-991d-a84b0a5977d9,311952.4,120436.79414575375,356266.4,140973.92270146988
