id,mean_1,stdev_1,mean_2,stdev_2
bca953ad-37b7-443e-9e6f-2a3210e8a432,311817.0,126781.15267709682,321410.6,132571.24724252993
