id,mean_1,stdev_1,mean_2,stdev_2
0e2f9fed-3f9b-4ded-91b4-407fb138f93a,349926.2,137383.35080263548,353848.86666666664,143271.09443655718
