id,mean_1,stdev_1,mean_2,stdev_2
9af3b972-ea23-49f7-849c-5515fa07ea10,327054.13333333336,130219.77306582728,327462.13333333336,133652.75645486036
