id,mean_1,stdev_1,mean_2,stdev_2
da73f406-1403-40af-8703-f542dfd54ea6,322764.3333333333,131388.8671055843,311164.4666666667,117560.55560255838
