id,mean_1,stdev_1,mean_2,stdev_2
f7203388-4448-480b-bd06-7b95f5593bb8,356713.4666666667,135718.32592830723,384778.86666666664,149104.95641700027
