id,mean_1,stdev_1,mean_2,stdev_2
f0df3e3d-1699-4599-a22e-4969025aa1be,338009.26666666666,131743.83816658077,316639.6666666667,121710.72344137233
