id,mean_1,stdev_1,mean_2,stdev_2
01bbc0c3-f09e-40c2-b8a7-a12d45b08193,284292.0,120351.40161377432,258752.93333333332,112383.13292985247
