id,mean_1,stdev_1,mean_2,stdev_2
9c903f02-cc18-4c54-9598-42242c25ada7,328229.86666666664,136808.6047663507,304629.0,116650.19411385477
