id,mean_1,stdev_1,mean_2,stdev_2
be7282c6-b9bb-41ec-a212-b01587fe270c,340567.8,125497.61428234403,338950.73333333334,124160.85829410527
