id,mean_1,stdev_1,mean_2,stdev_2
92a3cff5-70b7-4778-80f9-c7dad29d19b8,301488.6,117061.42921492118,330162.4666666667,129074.5647620613
