id,mean_1,stdev_1,mean_2,stdev_2
dd7e44e0-27e0-4831-a3dc-55e8cbbc9654,289326.8,110977.40659683844,310424.2,125542.18896355122
