id,mean_1,stdev_1,mean_2,stdev_2
01d112eb-92be-496a-9fa6-bf2908b4c642,354263.8,133855.0456801187,361191.0,131250.3618168981
