id,mean_1,stdev_1,mean_2,stdev_2
87889424-87e5-4ba9-a0d0-99e4e0b30707,335555.06666666665,131676.0241483957,334716.4666666667,132143.25579454377
