id,mean_1,stdev_1,mean_2,stdev_2
debc8514-54e6-4a7f-a803-b173629f144d,312409.6,127174.02602145873,313672.73333333334,118904.09455044944
