id,mean_1,stdev_1,mean_2,stdev_2
d97a2934-8d31-48b2-beea-137ab49b3dc8,83754.93333333333,59052.42401061018,284792.13333333336,119120.56297430581
