id,mean_1,stdev_1,mean_2,stdev_2
0d637adf-8241-4b13-a603-e9dbd388f2dc,334959.4666666667,129553.81513634487,373378.3333333333,137947.26062070084
