id,mean_1,stdev_1,mean_2,stdev_2
ba7b6ac0-4e53-40e2-9415-add753ee31ef,335397.26666666666,123188.57502786351,328248.8,127030.8513084912
