id,mean_1,stdev_1,mean_2,stdev_2
8944ebf2-b6fd-4b3d-9353-c3d26c939bad,395128.4,147343.41632064868,377655.6,138311.97561252606
