id,mean_1,stdev_1,mean_2,stdev_2
ee3d94bd-cb7f-4999-8eb4-e9f268fc3ab4,348558.93333333335,139465.5892141937,354289.93333333335,144899.10968369988
