id,mean_1,stdev_1,mean_2,stdev_2
a90cad8b-ff81-4c68-892c-3133677cbba3,299354.06666666665,120751.0129224412,301068.8,120936.7797858038
