id,mean_1,stdev_1,mean_2,stdev_2
fef47ded-f152-4ff9-b5e9-d211509d9653,301545.6,123862.5268959099,296050.0,118683.80181305282
