id,mean_1,stdev_1,mean_2,stdev_2
d2bb2389-d8ca-4944-8029-fdbf487bbc56,276574.2,113670.73175284246,286637.4666666667,109269.53510646152
