id,mean_1,stdev_1,mean_2,stdev_2
3c87030c-6ad1-4f86-8815-5f61060fd810,321414.86666666664,120795.13885465571,327055.6666666667,119398.20333582169
