id,mean_1,stdev_1,mean_2,stdev_2
3035c2ab-cdb3-486e-ad12-d7325ce7aea3,284801.6666666667,110738.28693736519,306464.5333333333,116229.29636591437
