id,mean_1,stdev_1,mean_2,stdev_2
395f92d1-4797-44c9-8879-35a3129e846d,337069.86666666664,128713.84003225484,306561.8,114593.75343080444
