id,mean_1,stdev_1,mean_2,stdev_2
6486e6f8-83fc-4f06-a8bb-18fe9b3aa413,362256.8,134873.9249062867,357440.26666666666,126886.14745377931
