id,mean_1,stdev_1,mean_2,stdev_2
1a0f39bd-85a3-4586-b157-900a24d0c8e7,416268.26666666666,167012.3955760836,317490.3333333333,120251.13664475508
