id,mean_1,stdev_1,mean_2,stdev_2
5db9e03d-8534-4e95-b783-2d90f6824fb5,293791.4,121408.37478405955,312313.5333333333,127110.82234117162
