id,mean_1,stdev_1,mean_2,stdev_2
82d409fe-5a53-49db-8f46-425ef6936542,365405.93333333335,147408.27166816505,376800.86666666664,144767.64059179646
