id,mean_1,stdev_1,mean_2,stdev_2
620807a2-c35b-4c42-a5df-9ee787a2570b,335345.6666666667,131169.18197944041,367906.13333333336,142629.74782415558
