id,mean_1,stdev_1,mean_2,stdev_2
96992773-ed9b-49e3-aba5-67b7c2181964,316978.26666666666,130932.50384757618,357622.93333333335,143122.27708616466
