id,mean_1,stdev_1,mean_2,stdev_2
7ad692bf-b5f9-4331-aba3-4f8f8253fd16,349836.93333333335,143756.16829732517,335572.0,126936.70015352797
