id,mean_1,stdev_1,mean_2,stdev_2
b3141efb-e48d-4ea6-8cea-82cbc9db6d52,297728.4666666667,113762.0352337086,336696.06666666665,132850.3675375504
