id,mean_1,stdev_1,mean_2,stdev_2
ac9bd452-a2a6-4ba5-b7ef-77d8e94451dc,289668.26666666666,118795.87239039729,275294.73333333334,106407.9809879357
