id,mean_1,stdev_1,mean_2,stdev_2
d52d0d04-d839-420f-8ece-2ed90e5a3a2e,344609.73333333334,126110.36404962477,336805.8,129143.6964553826
