id,mean_1,stdev_1,mean_2,stdev_2
bd2369c2-1630-44bb-937b-e0f9cd2e501d,223091.33333333334,124024.83377488918,214969.6,96286.23258721881
