id,mean_1,stdev_1,mean_2,stdev_2
2a842b44-019e-4643-b1e9-dddbf8d28402,322021.6,125450.10347533929,326723.4,143691.99403576157
