id,mean_1,stdev_1,mean_2,stdev_2
daf8e109-9456-4c2e-8ef7-487ba30a657f,329339.93333333335,132106.6356195967,359837.13333333336,141116.57614982335
