id,mean_1,stdev_1,mean_2,stdev_2
bd36ecc7-bdcd-439d-96ce-5682bc6b5305,318155.6666666667,122450.31324291862,352220.2,140907.07626053895
