id,mean_1,stdev_1,mean_2,stdev_2
6ad72489-c4d4-41bd-8f78-0659eef8a962,317380.6,132301.6084461561,300074.06666666665,116280.58415027373
