id,mean_1,stdev_1,mean_2,stdev_2
7cfdf732-9b62-4181-a582-fcf945d443e1,332728.0,128891.7055288405,328831.73333333334,126624.82983231299
