id,mean_1,stdev_1,mean_2,stdev_2
1998cc1e-e572-4a6f-b119-bd0e37a79c01,346927.93333333335,126744.42189091488,364073.0,138565.16922180215
