id,mean_1,stdev_1,mean_2,stdev_2
dd5bf1b1-9d5b-4a10-946e-a9ac3e6ecf1b,280997.4666666667,112919.09525016377,283949.8,114412.70597808037
