id,mean_1,stdev_1,mean_2,stdev_2
df602a0c-78b5-4746-b6b8-16af865ba318,367521.06666666665,133179.78187621257,398544.6666666667,144027.9058074819
