id,mean_1,stdev_1,mean_2,stdev_2
87152767-4b13-484c-9dd2-21c2ecf3913e,280439.93333333335,111588.74644901352,294809.2,125478.72389277794
