id,mean_1,stdev_1,mean_2,stdev_2
1b6e04f2-2a2b-423d-8508-d7221d4c1461,342890.26666666666,130833.35592346301,74181.93333333333,79705.51609223096
