id,mean_1,stdev_1,mean_2,stdev_2
11790aa9-ba6a-4779-a965-ef54c975c7e3,311236.93333333335,132915.80840791244,353058.2,145253.77922987065
