id,mean_1,stdev_1,mean_2,stdev_2
1d29300c-49b5-4646-b4de-de1e5ae4e081,284667.73333333334,118245.46141224852,334199.2,131252.1307916942
