id,mean_1,stdev_1,mean_2,stdev_2
216be780-317d-459f-a3c4-adf082b8c686,293826.5333333333,117034.96642278417,294460.6,114623.58507555648
