id,mean_1,stdev_1,mean_2,stdev_2
2cc02dc3-ce0e-4238-9c4e-c3571fcf3170,345872.73333333334,144489.71365854694,110247.06666666667,93502.53868244553
