id,mean_1,stdev_1,mean_2,stdev_2
c6a2c2aa-b136-4365-8120-904591c4037e,366408.6,137032.2290148319,368125.73333333334,144277.33270035486
