id,mean_1,stdev_1,mean_2,stdev_2
32410703-f5ae-460a-ad10-28e09aa73767,271511.86666666664,110434.2475888506,285487.0,113882.69088788984
