id,mean_1,stdev_1,mean_2,stdev_2
c6eb4a8a-dcf0-4403-9ccc-c10b03e8a00f,252102.33333333334,107516.44453364125,286561.6666666667,124212.95339465293
