id,mean_1,stdev_1,mean_2,stdev_2
c3475c34-943e-4e30-8470-111c9278ef41,334376.2,136374.96487806452,326693.13333333336,132485.29590555409
