id,mean_1,stdev_1,mean_2,stdev_2
f94faa11-fa6f-4ed9-882a-9f2bca83c65a,325528.86666666664,127464.47316794677,297498.6666666667,114939.37347585562
