id,mean_1,stdev_1,mean_2,stdev_2
fd81810d-d68a-4c91-99f3-3804bbd34500,268146.26666666666,116846.6805424765,298271.4,126566.38917964489
