id,mean_1,stdev_1,mean_2,stdev_2
03c2fd65-b83c-4f5d-a704-42449c7ec2ce,320114.93333333335,118138.96316934939,331164.93333333335,127295.11754107286
