id,mean_1,stdev_1,mean_2,stdev_2
661edc6d-0043-404a-a91d-0a651dc0c695,306134.93333333335,122474.10329995843,311446.73333333334,123762.55492916891
