id,mean_1,stdev_1,mean_2,stdev_2
e03373e6-2f2c-4cab-8442-e043316e9e04,344191.26666666666,130152.29862253254,338534.6,129036.64213899347
