id,mean_1,stdev_1,mean_2,stdev_2
f42316b5-5ac4-4dbc-97e3-53e2444ab0f7,332892.06666666665,129140.75536791458,330781.0,133772.98990204762
