id,mean_1,stdev_1,mean_2,stdev_2
ef6cea30-48d3-4ae1-90b3-61a5bdec4971,414551.5333333333,161211.62413956248,362795.4,140174.17564958247
