id,mean_1,stdev_1,mean_2,stdev_2
57d1fda1-3778-4fda-b3fa-1b08eeab9778,321350.06666666665,122150.95367752512,391942.86666666664,158850.755745497
