id,mean_1,stdev_1,mean_2,stdev_2
fad2bdc3-9dd2-4145-8431-e9443534b4ec,316147.73333333334,128477.11763551082,310123.6666666667,127994.82967352842
