id,mean_1,stdev_1,mean_2,stdev_2
12c54104-67fd-46d0-a0eb-741152c35be1,278650.26666666666,115375.06867803902,278046.6,117507.11918449879
