id,mean_1,stdev_1,mean_2,stdev_2
5788a72f-bece-45d9-a785-741fc68fbb1b,276751.73333333334,111518.38439077606,286124.13333333336,123350.22062126826
