id,mean_1,stdev_1,mean_2,stdev_2
14122018-f03a-417d-9ae1-6995e7f84dfb,340062.26666666666,131081.27561502528,300641.13333333336,111036.98313256814
