id,mean_1,stdev_1,mean_2,stdev_2
bf7b5a1e-014b-404e-b6fc-59459f758c64,333990.4666666667,131644.26459407777,344747.13333333336,134938.66529346665
