id,mean_1,stdev_1,mean_2,stdev_2
3254bee3-6535-428a-a1a2-9098ce710c4b,374715.0,139443.65012864515,330709.13333333336,119980.02257979821
