id,mean_1,stdev_1,mean_2,stdev_2
b010eef1-e0fe-46a6-b95d-3c4b9d3dc927,326383.4666666667,127302.99018947758,340248.13333333336,126422.41646367765
