id,mean_1,stdev_1,mean_2,stdev_2
a7ab6aab-b78a-4505-b187-f09be2241bce,347685.13333333336,132622.0160204012,357343.6666666667,143747.77185457712
