id,mean_1,stdev_1,mean_2,stdev_2
29f41b01-b95e-4bf2-ad3a-878234d37ae4,308660.73333333334,118604.66782858458,317204.0,118389.67933284274
