id,mean_1,stdev_1,mean_2,stdev_2
4b5c3f75-0937-4337-b0dc-f7d634a5a553,288378.13333333336,112709.89956927278,280502.06666666665,108679.51611563649
