id,mean_1,stdev_1,mean_2,stdev_2
51467be1-900b-4dad-bd21-086ee2123182,335558.2,132706.4267241543,332233.86666666664,132846.33122013148
