id,mean_1,stdev_1,mean_2,stdev_2
cd12cb4d-8aff-4423-b373-90df3acbdf04,321907.13333333336,121228.0663619151,294806.8,109771.65875592237
