id,mean_1,stdev_1,mean_2,stdev_2
f9c4a094-9a93-4f22-8812-32a8fa388b7f,375731.86666666664,143381.33882430062,372134.93333333335,150705.3591683528
