id,mean_1,stdev_1,mean_2,stdev_2
d62e608b-1217-4580-aa13-e5a1a4b5095d,281880.73333333334,115434.80639418174,294860.4666666667,125499.44941598571
