id,mean_1,stdev_1,mean_2,stdev_2
252d976c-7e4f-4e26-ad6d-c3a0b9c50d0f,358527.26666666666,132492.6881079187,336170.73333333334,123128.50079298817
