id,mean_1,stdev_1,mean_2,stdev_2
6e062df0-53a5-44fb-86a3-1026b26a1366,320810.6,137431.4699656038,290361.0,119008.167523634
