id,mean_1,stdev_1,mean_2,stdev_2
6744795f-53a6-4f9a-b2b3-2545654511a7,181127.8,99849.70482159675,185997.4,87137.41559842898
