id,mean_1,stdev_1,mean_2,stdev_2
7ee7d916-2511-43d3-a1cf-dfa6d86c36b0,337723.8,140177.52352556383,338720.06666666665,139290.32203636962
