id,mean_1,stdev_1,mean_2,stdev_2
e06b13ef-f057-4398-9712-b8c395eddf32,373434.8,135695.5190339509,362186.73333333334,136925.9589780631
