id,mean_1,stdev_1,mean_2,stdev_2
91ad059f-8c3c-42a6-bb45-3ce87d469d09,316127.0,118818.23031504887,286020.2,105849.86394020543
