id,mean_1,stdev_1,mean_2,stdev_2
45a2ec8d-1945-4e56-857d-12cd8ddcb832,282212.4,117250.60663996584,307248.13333333336,124556.32174287886
