id,mean_1,stdev_1,mean_2,stdev_2
57c71c5e-ba12-49f7-afdd-22153a43105d,301578.26666666666,129706.5912678646,308319.73333333334,132599.14078075901
