id,mean_1,stdev_1,mean_2,stdev_2
9ae628b0-2896-41be-8359-6695659d12a0,406154.73333333334,157639.21552729898,362451.6666666667,139748.44438855918
