id,mean_1,stdev_1,mean_2,stdev_2
375da453-7645-4436-924d-614c984c71a1,348160.8,133643.47316807756,438700.0,164678.14707928515
