id,mean_1,stdev_1,mean_2,stdev_2
5fd5f5d1-14a4-47e6-a392-7caa147adbd3,329384.4666666667,131762.016695691,327229.5333333333,128673.45328744214
