id,mean_1,stdev_1,mean_2,stdev_2
919e2059-7d1c-4c08-bf8e-1d05004ced9a,403071.5333333333,154380.47866612612,392253.3333333333,146703.6197516006
