id,mean_1,stdev_1,mean_2,stdev_2
7ba3552a-b305-4e46-80cf-462d4e6220af,336916.5333333333,132649.40548069644,326375.93333333335,130236.58542282024
