id,mean_1,stdev_1,mean_2,stdev_2
5df6ef18-6eb7-4cf9-a605-675928742f0b,376242.86666666664,148143.88831982086,339518.2,128067.30100235058
