id,mean_1,stdev_1,mean_2,stdev_2
86f18624-25c0-4631-b6a3-c5352a197ef9,297092.8,123025.88718704694,303772.6666666667,125129.52728894788
