id,mean_1,stdev_1,mean_2,stdev_2
25c086a3-8c6e-48ee-a645-58f3af75c73f,333542.6,133375.68788291214,326396.6,122849.58977698434
