id,mean_1,stdev_1,mean_2,stdev_2
a1ed0cc5-00aa-4e8c-85d5-7671362c6ba7,394045.2,145788.71319147674,370901.86666666664,140631.4674435119
