id,mean_1,stdev_1,mean_2,stdev_2
d9ea7bd3-cd56-4f45-8966-a507b5d2f357,326145.13333333336,131500.44272618333,349582.73333333334,144824.95940846045
