id,mean_1,stdev_1,mean_2,stdev_2
c94e2f73-ec3e-4af6-9ebf-8979d8f8cb1d,301177.8,117300.54621481238,307807.3333333333,117680.01317622105
