id,mean_1,stdev_1,mean_2,stdev_2
d8db18f2-394b-4e25-8874-2eb1877a99b4,327514.86666666664,123642.75713569137,323360.73333333334,121478.11326021746
