id,mean_1,stdev_1,mean_2,stdev_2
fcdf2bb4-17aa-4322-8507-1fbf667f9847,314180.86666666664,128827.57524270787,311544.06666666665,126842.71566128221
