id,mean_1,stdev_1,mean_2,stdev_2
badb0f0e-5955-4be8-afe5-ede1f99d0330,320796.4,135958.36103248672,275761.2,110996.36321922143
