id,mean_1,stdev_1,mean_2,stdev_2
32284b20-8347-418d-b1e0-1054d0cffa7e,305202.6,118838.33629644378,290039.06666666665,113513.40230561128
