id,mean_1,stdev_1,mean_2,stdev_2
ba47d977-d737-4afd-8145-41480c8f84d6,329181.4,129869.78256176454,363284.4666666667,153021.31757889886
