id,mean_1,stdev_1,mean_2,stdev_2
d7db9bc1-856f-46f5-93ea-caa5f91ce741,330704.26666666666,121778.9803145938,337307.6,124425.33068835567
