id,mean_1,stdev_1,mean_2,stdev_2
503ba964-8db5-4ab2-a461-116afbe12665,295560.8,113753.43693867011,299479.3333333333,123466.40268924265
