id,mean_1,stdev_1,mean_2,stdev_2
9931beb0-208a-4677-99f6-0421b8e0f0f9,351945.8,139228.5153767958,343526.13333333336,134778.87605697793
