id,mean_1,stdev_1,mean_2,stdev_2
aa7b87a3-9aa1-4cef-b0aa-fec6b009759a,358488.4666666667,137502.49180038724,326203.93333333335,140357.40861836335
