id,mean_1,stdev_1,mean_2,stdev_2
a270ae9e-586f-4035-883f-921468af5e20,362333.4,141320.17106310997,339398.73333333334,123274.03028995558
