id,mean_1,stdev_1,mean_2,stdev_2
9f417083-65c7-4091-ae8c-470338b687d6,336560.0,131437.9514265191,350384.06666666665,143035.38331404421
