id,mean_1,stdev_1,mean_2,stdev_2
e25e49f9-cc63-4181-8c2a-4a8942395ac1,271947.3333333333,113335.0242756208,255396.4,108788.55795398093
