id,mean_1,stdev_1,mean_2,stdev_2
c42956ea-4552-4d68-aad1-be9ffaa16362,355596.0,137123.2737041139,391012.5333333333,157368.27372498633
