id,mean_1,stdev_1,mean_2,stdev_2
2943beb8-3c07-4b30-89cb-f16232fc596a,340160.06666666665,142085.53219122,356798.73333333334,133548.04057440237
