id,mean_1,stdev_1,mean_2,stdev_2
05b05a4f-2a10-4f4a-b669-e3cd48911a23,249827.93333333332,100443.82623965609,117734.53333333334,64944.48127938884
