id,mean_1,stdev_1,mean_2,stdev_2
d18f713e-f5b4-4502-afcf-dba54ad7d070,371441.5333333333,144536.08020692348,286725.86666666664,105397.7739580659
