id,mean_1,stdev_1,mean_2,stdev_2
8ef4f563-10fb-4f20-b6e2-cccc817785b9,288334.86666666664,113167.54577166644,288912.26666666666,113274.76193896365
