id,mean_1,stdev_1,mean_2,stdev_2
a21ade89-a785-4671-86eb-0645c2419e49,241467.33333333334,103841.35172827613,243142.06666666668,119555.60143769461
