id,mean_1,stdev_1,mean_2,stdev_2
c5a7ccf1-4518-44b5-a9ff-ba22ac23f4af,432521.4666666667,150775.62405679357,355769.3333333333,140701.96517872647
