id,mean_1,stdev_1,mean_2,stdev_2
c95cabea-6ce0-4925-8711-64cc05125dad,335595.3333333333,127871.9212173737,351170.6666666667,140255.3438600073
