id,mean_1,stdev_1,mean_2,stdev_2
b3dc0fb9-6f50-4bf0-b1e5-418f7fc8b5db,325316.3333333333,127670.84617545054,332609.0,125712.39736955143
