id,mean_1,stdev_1,mean_2,stdev_2
191a3ce2-cf79-44f3-9338-5f9803714cc1,307005.5333333333,124293.01278879501,305281.0,123980.41702838933
