id,mean_1,stdev_1,mean_2,stdev_2
7f1a597b-93a9-4e5b-b9fe-e3894929bd16,325202.93333333335,127537.74740547295,325471.73333333334,124745.987788234
