id,mean_1,stdev_1,mean_2,stdev_2
90d06d14-26e9-4a55-b46e-d14cc683a257,355498.0,147695.78197768546,389995.13333333336,153664.14660458555
