id,mean_1,stdev_1,mean_2,stdev_2
3f8858cd-b435-4ef6-a41f-85b2d81c4b37,339744.93333333335,132577.1441913307,328785.0,128638.23324968359
