id,mean_1,stdev_1,mean_2,stdev_2
7cd0b9ed-421b-4f3e-84b6-1a1b167e56af,342269.73333333334,128739.57121386139,326872.6666666667,122525.82526453577
