id,mean_1,stdev_1,mean_2,stdev_2
14087c7d-4159-4f8f-8abf-b54c67bd6d05,348217.6,127888.06707992735,282397.93333333335,124385.99357508955
