id,mean_1,stdev_1,mean_2,stdev_2
2bfbd917-c88c-44d7-a5d0-58f13f12c682,292359.26666666666,118633.07902574596,309765.0,124429.70148642165
