id,mean_1,stdev_1,mean_2,stdev_2
84df365b-1843-4121-b691-63dc86a2b602,346521.4,121773.03422339994,368593.8,142211.25942353043
