id,mean_1,stdev_1,mean_2,stdev_2
8d8ad419-7bc6-4e34-8399-34d2546033c7,232892.86666666667,108253.18179703645,219313.73333333334,117687.77396963922
