id,mean_1,stdev_1,mean_2,stdev_2
cb32d5cd-65de-4d97-be35-2352b88b8b94,319314.4666666667,123275.9116307084,330416.4666666667,124223.44170666374
