id,mean_1,stdev_1,mean_2,stdev_2
b6dbbf5f-77c6-4811-bb98-991c34b33fe8,294361.26666666666,117625.25229641615,326624.5333333333,133871.93318186188
