id,mean_1,stdev_1,mean_2,stdev_2
2d7b9442-0ec4-4f9f-830c-6819d0f9c25e,341121.0,128540.92790391705,317804.4666666667,115408.18933730636
