id,mean_1,stdev_1,mean_2,stdev_2
a9ba6151-a806-4c3f-8035-d8a2992f6df0,230039.4,121885.32974442275,196419.6,98990.25312342623
