id,mean_1,stdev_1,mean_2,stdev_2
897a7197-d276-49df-a779-112ebbe81a46,175784.26666666666,63620.03022472998,195799.66666666666,68948.46109345413
