id,mean_1,stdev_1,mean_2,stdev_2
981db5b1-223e-41ef-be52-e5524312efdf,290810.6666666667,109219.21428128947,310065.86666666664,120668.13111940074
