id,mean_1,stdev_1,mean_2,stdev_2
408633da-479b-4789-978a-205355e2482a,368282.5333333333,139179.01016310693,397732.5333333333,153088.88718208415
