id,mean_1,stdev_1,mean_2,stdev_2
344edb4f-b523-4672-8809-9beb3d7d600f,291874.6666666667,120440.87696496106,278930.26666666666,114102.98841103543
