id,mean_1,stdev_1,mean_2,stdev_2
a24145d3-a6bb-4c8b-a552-274f64a7b7f9,374997.93333333335,141459.71569954304,427826.5333333333,152056.40509883896
