id,mean_1,stdev_1,mean_2,stdev_2
0545e63d-00ea-46d8-860e-f4c13f39b9d9,351897.13333333336,131095.90114816284,331991.8,125126.71091614825
