id,mean_1,stdev_1,mean_2,stdev_2
d95b8338-493a-4d90-9895-ce05697eb3c8,240809.73333333334,90405.83609956948,162998.8,68258.68180893426
