id,mean_1,stdev_1,mean_2,stdev_2
af84bde8-93bb-4df6-805d-095e911b455c,310611.73333333334,121463.92233716516,321602.73333333334,122385.53864596185
