id,mean_1,stdev_1,mean_2,stdev_2
50f18ff1-043e-4d97-b2ad-9273d284025c,312798.06666666665,129142.25971151174,329168.93333333335,131694.2818264922
