id,mean_1,stdev_1,mean_2,stdev_2
9c74362e-ab14-4476-b71c-fb09bc6f26fc,333855.5333333333,125773.99524695963,313848.6666666667,118195.20294871907
