id,mean_1,stdev_1,mean_2,stdev_2
fa34ca83-8c37-4a16-9b4e-1bd6dd9d92cd,285836.73333333334,115518.62758387593,289200.4,119251.9143794905
