id,mean_1,stdev_1,mean_2,stdev_2
7c4fe144-ba64-4ae9-a773-ca2e33d08178,385658.6666666667,141064.34261932469,343249.4,128801.12097120895
