id,mean_1,stdev_1,mean_2,stdev_2
8e7fdffc-3e71-4e12-a4c1-604b95d5293f,296879.26666666666,114911.07855176058,286413.8,110906.20486110475
