id,mean_1,stdev_1,mean_2,stdev_2
fcd45f9f-2a8e-4e4f-be7c-1c9c102715f8,308783.4,124247.50425329812,293587.6,116103.9803554268
