id,mean_1,stdev_1,mean_2,stdev_2
e8eac2e0-844e-46ed-b8d3-1169252adf14,332951.93333333335,129851.81891908775,332294.13333333336,131261.64774061853
