id,mean_1,stdev_1,mean_2,stdev_2
b65a9572-1dd1-4a7b-8bb1-5b4c2d6fbe74,313714.06666666665,122742.04537672582,333044.3333333333,127877.40838405439
