id,mean_1,stdev_1,mean_2,stdev_2
a2528db4-64f8-4527-8d13-ab17bc0ccff0,346320.73333333334,130896.3135245943,311206.86666666664,115901.81213703644
