id,mean_1,stdev_1,mean_2,stdev_2
0ea017c3-d499-40a0-8415-0f34390fb6ad,272208.0,110815.59913718526,279661.73333333334,115131.90028048506
