id,mean_1,stdev_1,mean_2,stdev_2
4868e672-a908-4570-b3c4-64bc6c41e5d4,361169.0,141798.00229951527,312123.13333333336,117838.76466984689
