id,mean_1,stdev_1,mean_2,stdev_2
a4e51fd3-6fc2-461b-9229-17034fccb167,131015.0,55402.90430894997,294061.8,125764.22646852587
