id,mean_1,stdev_1,mean_2,stdev_2
dd60e37f-4c0a-4b78-a63f-ab23c73040fe,301830.86666666664,122420.02648034714,304322.86666666664,122819.28569507677
