id,mean_1,stdev_1,mean_2,stdev_2
e0ad3e44-ec48-4c92-8c4b-2eb18a180016,273568.4,112408.91253146552,283968.8,117379.68202501374
