id,mean_1,stdev_1,mean_2,stdev_2
69e60c5d-6cef-4af0-a5ee-88f4f98081cd,373790.4,150910.71037263505,344577.6666666667,143853.77310851307
