id,mean_1,stdev_1,mean_2,stdev_2
d62ee3c1-cd10-4332-84ec-5dd81e1b04b2,326250.93333333335,137125.76842615037,324436.8,129040.47103819794
