id,mean_1,stdev_1,mean_2,stdev_2
92f8042a-ac67-4f9a-bdf4-c3c45cb15f33,349325.0,140807.82291383293,323772.0,117446.51019762145
