id,mean_1,stdev_1,mean_2,stdev_2
9a2a20eb-8a03-4bb2-a77c-e7b403418129,296447.73333333334,125705.81534968414,276347.6,113231.38486880159
