id,mean_1,stdev_1,mean_2,stdev_2
35ac1bdd-1520-4815-9c72-c22c2db96a34,322109.8,126250.51954755146,318317.06666666665,126299.74249298988
