id,mean_1,stdev_1,mean_2,stdev_2
c0a64eae-4f45-47c9-afbd-798ce847b3bc,338007.8,138238.14488058884,333534.13333333336,123697.475862615
