id,mean_1,stdev_1,mean_2,stdev_2
79139c6a-cba1-4fcb-ab18-4cb63676f4dc,303329.86666666664,117578.39949178118,301252.26666666666,116014.0433116995
