id,mean_1,stdev_1,mean_2,stdev_2
11ec748d-c467-4492-807c-7ca67cd4c646,320777.93333333335,128567.00252888462,355690.3333333333,139614.74195832218
