id,mean_1,stdev_1,mean_2,stdev_2
cc3fc112-6ce8-462e-93ac-dbc550dfaa79,308542.8,125769.43135181934,333588.06666666665,130329.5069759552
