id,mean_1,stdev_1,mean_2,stdev_2
623f49ad-8716-414a-9564-8ae4af597c25,330265.06666666665,133627.1080469661,357989.4,138461.64787444452
