id,mean_1,stdev_1,mean_2,stdev_2
80cb2895-6769-40f5-8480-3d8d66850a63,333348.4,124732.48959155215,371131.0,137948.05057025392
