id,mean_1,stdev_1,mean_2,stdev_2
c0adaddd-2a4d-4bc4-b28d-de0c3fc02396,182902.66666666666,98668.93688199048,204815.86666666667,96015.84538805154
