id,mean_1,stdev_1,mean_2,stdev_2
f6fb0543-0342-4ae6-a011-b6cbb6bdfa55,283758.13333333336,115364.18811275688,292854.2,123684.41221280338
