id,mean_1,stdev_1,mean_2,stdev_2
37cf5642-bcb6-4eb0-9d0b-44b7f8f451e8,346493.2,134950.13052096934,353392.4,136666.45751258792
