id,mean_1,stdev_1,mean_2,stdev_2
60ce52bc-070b-4de2-b656-c830e7d90d4a,308239.8,115229.27001313513,319667.8,118531.18369734327
