id,mean_1,stdev_1,mean_2,stdev_2
c22567ce-da14-40e3-8412-0251047481e5,339962.4,138076.6110050504,327477.86666666664,124905.39237832057
