id,mean_1,stdev_1,mean_2,stdev_2
5276f5bd-2528-4d0c-95e5-3af1ab451e4e,304194.6,116805.32334261712,285240.4,117495.4655452995
