id,mean_1,stdev_1,mean_2,stdev_2
80dda078-bc8c-44b3-bed4-8fcf3e704844,323170.06666666665,123282.08593599025,304919.86666666664,112057.4332883911
