id,mean_1,stdev_1,mean_2,stdev_2
6261af79-9286-4280-83e0-a7e4cfc1d8c2,290097.13333333336,112235.89081861865,293721.26666666666,111273.42753743542
