id,mean_1,stdev_1,mean_2,stdev_2
c9887214-139e-4339-9fed-6e85dbee8abb,187297.8,79994.53329671972,398327.06666666665,153222.02276020535
