id,mean_1,stdev_1,mean_2,stdev_2
97a037f5-bbb6-4217-8330-0628c286e795,260962.93333333332,138843.81878521715,343340.86666666664,125388.24147150143
