id,mean_1,stdev_1,mean_2,stdev_2
1e45a138-8143-4881-878b-775fad2668dd,350051.73333333334,140724.7581081437,378337.26666666666,139023.8754691518
