id,mean_1,stdev_1,mean_2,stdev_2
28c9fc00-120b-47ed-9d5d-38e94f8e1e8c,325139.6666666667,123289.31612899619,325943.4666666667,122393.17601667541
