id,mean_1,stdev_1,mean_2,stdev_2
eea70999-8904-4587-bd08-ccec603a1d88,321128.8,124374.44959379721,312564.73333333334,122457.40319717528
