id,mean_1,stdev_1,mean_2,stdev_2
1dc12f69-fff8-4541-ba15-9794c9938038,297629.73333333334,112081.7520749723,276399.6,106151.47723625894
