id,mean_1,stdev_1,mean_2,stdev_2
c431fc20-3291-47c5-a0f0-a644ae770d45,335505.4666666667,126248.89739445472,203461.8,82979.62016559648
