id,mean_1,stdev_1,mean_2,stdev_2
6c1fb25a-04df-40c2-9d8e-875adbb494c7,347526.5333333333,132119.367048573,374033.26666666666,137891.74824161487
