id,mean_1,stdev_1,mean_2,stdev_2
46334f23-3870-41a1-857f-7cfacc8f546a,370045.0,143355.8199269682,380640.5333333333,146599.048862702
