id,mean_1,stdev_1,mean_2,stdev_2
bc70aa34-68d4-4c05-8dfd-f15595150bac,222896.66666666666,108433.29866830065,269601.73333333334,123439.77241147019
