id,mean_1,stdev_1,mean_2,stdev_2
19800a27-a001-4512-8ba9-d521544280e1,291041.4,118309.20080298069,282266.4666666667,114052.02900014051
