id,mean_1,stdev_1,mean_2,stdev_2
a0d63870-06d4-4cab-bfbc-06fee2570741,293798.4,127156.74999978046,275434.5333333333,117533.20376975274
