id,mean_1,stdev_1,mean_2,stdev_2
4ea3b68a-5f47-48b1-b9ff-12c5ffe71bcc,358338.06666666665,145689.1160503381,332187.8,125588.99339575903
