id,mean_1,stdev_1,mean_2,stdev_2
48a614d6-408e-4ab1-a292-960d1e23b25f,320318.6,125474.41462800294,307725.5333333333,121893.27524840008
