id,mean_1,stdev_1,mean_2,stdev_2
5c09a9e9-5f50-423d-8e44-17754c3f8943,338770.6,138756.7326966155,294474.4666666667,109474.76168314878
