id,mean_1,stdev_1,mean_2,stdev_2
d5366266-c1d8-4365-a7f7-9d88aed8bed5,309777.8,127155.6959648027,301004.4,116843.09053872207
