id,mean_1,stdev_1,mean_2,stdev_2
55533b8c-89d3-45f7-b106-f1bc53d7a6c4,299553.06666666665,119887.53278828545,283257.5333333333,116068.9065615
