id,mean_1,stdev_1,mean_2,stdev_2
6850d9bd-dcd1-4816-a2e4-883b239c220d,360455.4666666667,145120.50532246946,358150.3333333333,140307.19743508843
