id,mean_1,stdev_1,mean_2,stdev_2
69d19c31-20eb-4f1f-98d8-d9174b8910f3,315868.2,117077.43240960944,121548.6,81605.89770500659
