id,mean_1,stdev_1,mean_2,stdev_2
ae6aee83-aef2-4ab7-94e2-0db881095cb8,381155.4,149825.07178786866,263849.2,95982.42598184315
