id,mean_1,stdev_1,mean_2,stdev_2
f914c9a4-693b-42e7-8d59-ea789da93b57,317989.6,120467.16141134342,318005.73333333334,117451.77483345618
