id,mean_1,stdev_1,mean_2,stdev_2
4204376d-c030-420a-9bf2-ce3ddb03a378,335889.3333333333,134250.04699126014,325874.3333333333,122511.2667290464
