id,mean_1,stdev_1,mean_2,stdev_2
dd8837e4-168d-41e0-9c3e-da229253977c,358387.06666666665,136035.28388055146,331712.73333333334,134051.6224153798
