id,mean_1,stdev_1,mean_2,stdev_2
de6f6364-75cb-447c-943e-4b77a4af336a,262865.8,100438.78085494002,264669.13333333336,101685.22263591478
