id,mean_1,stdev_1,mean_2,stdev_2
7095d59b-7ee0-46d5-a856-e10423f4b00e,363567.93333333335,141719.35705633942,322934.93333333335,124314.48295376619
