id,mean_1,stdev_1,mean_2,stdev_2
135de044-6f68-4028-afb6-fab5ecf5588e,303295.5333333333,120364.55777172207,330336.8,128856.12977073825
