id,mean_1,stdev_1,mean_2,stdev_2
99029558-0217-480f-b328-fdd26565cef7,131816.53333333333,71436.8909456607,152478.86666666667,75161.61776054466
