id,mean_1,stdev_1,mean_2,stdev_2
08a69f0c-6f1f-4158-be9c-180f02e6f9bd,319138.13333333336,129032.88400293763,281232.13333333336,116046.45731709732
