id,mean_1,stdev_1,mean_2,stdev_2
4346f75c-ff03-4b8c-8db1-5a47a632b49b,259417.53333333333,102891.65204289196,287448.2,112559.76113525945
