id,mean_1,stdev_1,mean_2,stdev_2
699b330f-3ac9-4446-a7e8-72ab4545f089,262015.93333333332,104048.54898521598,149415.13333333333,55101.09953514741
