id,mean_1,stdev_1,mean_2,stdev_2
b0d282e7-f6d8-4c27-b236-4ba658ee43af,306398.8,116002.43999111974,282710.06666666665,112340.9481334784
