id,mean_1,stdev_1,mean_2,stdev_2
93701a97-0284-4dd0-b12c-c5ea82b1d23f,360710.5333333333,142048.21234067754,341513.93333333335,131424.48055795726
