id,mean_1,stdev_1,mean_2,stdev_2
0259b3e2-9639-431b-9c39-f880554689d6,355526.73333333334,129765.62959708895,369316.3333333333,134927.36185057336
