id,mean_1,stdev_1,mean_2,stdev_2
c1d93c65-be58-4b28-9062-715e1cdd7442,193269.4,66369.58077995271,364928.8,136959.62179766706
