id,mean_1,stdev_1,mean_2,stdev_2
0b24252a-2b29-4b09-9f4d-8819ce84bcf4,338784.6,131417.99610697667,290046.6,107574.91143558211
