id,mean_1,stdev_1,mean_2,stdev_2
a966f693-10b8-4c91-827a-5d95c8af4f36,308127.4,129221.4359528119,279773.4,113570.44649485181
