id,mean_1,stdev_1,mean_2,stdev_2
a6305f9e-dc7c-4fd3-ab5d-fda3864d753e,333008.2,132565.63572168065,332617.86666666664,120619.61501451118
