id,mean_1,stdev_1,mean_2,stdev_2
5f85a33b-d06e-4508-b4b4-4819d3627b35,210907.66666666666,98064.71253661475,266055.5333333333,104742.41983447882
