id,mean_1,stdev_1,mean_2,stdev_2
334d6d1e-9d83-40f6-9818-88f911157d7a,357212.4666666667,134716.86704931283,359807.4666666667,149247.8104026395
