id,mean_1,stdev_1,mean_2,stdev_2
5ff898e3-4ba6-485c-ab8c-f016ed54d586,343009.26666666666,141874.56698340576,345730.13333333336,140038.56804698086
