id,mean_1,stdev_1,mean_2,stdev_2
3de5b01f-5f8a-46b2-81d4-6ed6a6d8f5c2,328465.2,130249.3729193862,316933.13333333336,117655.72158512118
