id,mean_1,stdev_1,mean_2,stdev_2
a7421890-2587-4857-9f36-30d08d282008,327981.4666666667,128332.15259155525,318033.3333333333,122823.62895179776
