id,mean_1,stdev_1,mean_2,stdev_2
584f41de-b52a-4d13-bdd1-774e31c21e70,285196.0,115705.41608642758,264777.73333333334,110956.22086538858
