id,mean_1,stdev_1,mean_2,stdev_2
44a46de9-db9b-4968-aba8-384cce565c25,295468.26666666666,128463.27561367706,310156.8,130218.63466145439
