id,mean_1,stdev_1,mean_2,stdev_2
8fcdd969-cc88-4588-b2e6-d7dd1753dcdd,358964.93333333335,140051.46230747548,333992.93333333335,132491.8695193365
