id,mean_1,stdev_1,mean_2,stdev_2
bf09c791-b7dd-412e-8dd7-32dc74943384,322964.93333333335,120545.52519855542,321050.6,132642.22787121753
