id,mean_1,stdev_1,mean_2,stdev_2
e1ebedd6-7b8d-4270-b68c-ca2cae259fe1,416847.8,168516.2062755192,414463.0,161339.14814493517
