id,mean_1,stdev_1,mean_2,stdev_2
832242ba-f450-41fc-9346-548ea0a7e28e,379099.0,146578.30821555192,418571.86666666664,161629.406508373
