id,mean_1,stdev_1,mean_2,stdev_2
b7a45902-2bd8-437b-af13-c35ac1aa5852,303656.6,121112.68808169247,128367.6,74296.14498370694
