id,mean_1,stdev_1,mean_2,stdev_2
eab536ca-2159-4aa9-945b-690d2e7e44af,271160.93333333335,107554.90415440024,272941.86666666664,110619.9080574961
