id,mean_1,stdev_1,mean_2,stdev_2
54122b0b-e047-4e52-8969-9a37c155618b,343392.73333333334,140823.6520439502,307034.93333333335,128230.34540828818
