id,mean_1,stdev_1,mean_2,stdev_2
243ed29a-77c5-4593-a150-f3f136b632d3,285971.86666666664,125036.73431962128,275197.73333333334,115083.7644028422
