id,mean_1,stdev_1,mean_2,stdev_2
ba079429-59c8-4e39-b028-1fcceb420a77,318058.3333333333,124886.28608547147,311556.26666666666,117975.39070923036
