id,mean_1,stdev_1,mean_2,stdev_2
e6eb1b1a-57c6-49f1-aaba-e50d9c6e0241,298283.3333333333,120653.91961566031,284524.4666666667,114021.72579344497
