id,mean_1,stdev_1,mean_2,stdev_2
8e8b29f0-b416-4dd1-9c57-f204e94a2d24,319402.73333333334,131050.27856588308,297530.6666666667,138162.55693091702
