id,mean_1,stdev_1,mean_2,stdev_2
58c300c8-dec0-4b70-be47-46e2b067c631,309514.6666666667,122298.881534088,294820.6,112198.25937556545
