id,mean_1,stdev_1,mean_2,stdev_2
5dd42afa-e40d-4d0b-acc0-6bd06814daa0,349363.0,138102.141937046,361689.6666666667,142619.75294171405
