id,mean_1,stdev_1,mean_2,stdev_2
141260b7-a537-4861-82e9-556c24dcbb63,298853.73333333334,113462.84464526505,344051.6666666667,126757.71335671144
