id,mean_1,stdev_1,mean_2,stdev_2
eca8a5ad-8e8c-4936-8c5e-3aebfbda7b57,211653.66666666666,75263.12768739344,159305.46666666667,62484.07442953408
