id,mean_1,stdev_1,mean_2,stdev_2
65b8f746-517f-4b5d-94ad-f97813a6823e,299634.5333333333,122955.90205590875,266606.6666666667,107421.78604837207
