id,mean_1,stdev_1,mean_2,stdev_2
a57514b3-c80c-47fa-b8e5-e73e1d3f29bf,351671.86666666664,137476.80415588498,326353.5333333333,125210.23271914409
