id,mean_1,stdev_1,mean_2,stdev_2
1d197592-6b7f-4735-9669-3c0e70aa4fbe,395530.6,156308.69627878463,354016.86666666664,135379.7366121763
