id,mean_1,stdev_1,mean_2,stdev_2
383c7e64-8e4d-479f-9f1d-ccb1f3ce9df6,317501.4666666667,121942.55757028481,309081.5333333333,115698.36948310414
