id,mean_1,stdev_1,mean_2,stdev_2
c9859340-1c34-426a-a06b-be32add21e6e,359967.93333333335,130783.06010360141,384789.26666666666,143921.0771381161
