id,mean_1,stdev_1,mean_2,stdev_2
5367c80f-fb52-4884-9a06-a0a63c2babb0,312518.8,126090.42778641051,348445.5333333333,138416.19813681088
