id,mean_1,stdev_1,mean_2,stdev_2
8a58a689-0ac8-4db2-a005-3a59d5175d9c,339901.73333333334,138964.51215686527,341750.3333333333,135160.17246149926
