id,mean_1,stdev_1,mean_2,stdev_2
e987c9a6-26dc-4eca-a652-ee188505fd84,267254.26666666666,111683.85526086074,262875.26666666666,109515.20655535567
