id,mean_1,stdev_1,mean_2,stdev_2
46117df8-080b-4b7c-8b44-d446595a044b,380224.93333333335,139997.69055117382,376738.8,149356.90294244856
