id,mean_1,stdev_1,mean_2,stdev_2
27ddafff-0d52-455c-b634-240f1fcb856f,355672.73333333334,127019.45283536517,376106.4,143884.0386634552
