id,mean_1,stdev_1,mean_2,stdev_2
d4d5d912-107a-46b3-a4fe-998f637ed1f4,394333.5333333333,151165.7141046945,359524.6666666667,142640.73316911343
