id,mean_1,stdev_1,mean_2,stdev_2
a4cf347e-bc7d-4a2f-afae-3f73a9217fca,356710.8,127004.3458569824,373255.3333333333,138087.95903851365
