id,mean_1,stdev_1,mean_2,stdev_2
d6afedce-c973-4b8c-ab12-c70d0ae9e7b6,274389.3333333333,104863.08886776553,284581.5333333333,107825.83765923433
