id,mean_1,stdev_1,mean_2,stdev_2
e7cee416-ce7a-4505-86de-d38d41e1f1c9,333949.06666666665,130989.21404882499,336655.8,130220.06473361418
