id,mean_1,stdev_1,mean_2,stdev_2
c6f9818a-45c2-4dba-868b-83b5e6ee94fe,316012.93333333335,123909.26285766083,300717.06666666665,121046.32246786993
