id,mean_1,stdev_1,mean_2,stdev_2
22357c38-4a21-4903-aa6f-cc8745917ba7,308294.4666666667,122175.1677654488,307113.3333333333,119516.15975572323
