id,mean_1,stdev_1,mean_2,stdev_2
2932c45a-932c-4f3d-96b3-99404698def1,365880.86666666664,131011.95325051663,320365.93333333335,111193.08696165522
