id,mean_1,stdev_1,mean_2,stdev_2
6cb21885-6b35-4f88-9f10-b23dcf6ae246,329460.4666666667,124162.45617623533,352684.6666666667,134289.03575629528
