id,mean_1,stdev_1,mean_2,stdev_2
e4805717-b01f-4012-9564-a848e95eede2,368248.5333333333,139517.674169197,331748.5333333333,128391.295827958
