id,mean_1,stdev_1,mean_2,stdev_2
993624dd-bf2a-429e-bd3c-0f222f46ca95,331973.0,130183.15821231766,322090.93333333335,125606.79908692134
