id,mean_1,stdev_1,mean_2,stdev_2
51b0211f-2aca-4efa-bb0f-c78f18679608,312930.4,123042.13339600383,336164.26666666666,137067.5575412683
