id,mean_1,stdev_1,mean_2,stdev_2
1ecac9a0-87a4-4681-b982-302e3dc74e31,311035.2,134342.2463720677,289670.4,120538.78724559993
