id,mean_1,stdev_1,mean_2,stdev_2
343112a4-121c-403a-8831-1ee88084d93b,275927.06666666665,112652.46517703118,249851.4,112998.91363359797
