id,mean_1,stdev_1,mean_2,stdev_2
a4c3ceb6-647f-4510-a8db-ad011c45e4ca,344949.13333333336,124369.80914400228,342832.86666666664,134161.12552393443
