id,mean_1,stdev_1,mean_2,stdev_2
cf706473-d7fd-4408-9bd7-b97837ff5cba,287300.93333333335,120241.91724711569,282372.73333333334,117775.87870723878
