id,mean_1,stdev_1,mean_2,stdev_2
55f800d8-447c-4d5a-b15d-a329c9403b8a,334767.73333333334,127261.67965650758,331932.4666666667,123574.2562018841
