id,mean_1,stdev_1,mean_2,stdev_2
f5b164a3-a94d-4789-a7ba-3c63dc7742c7,303844.06666666665,115658.74843894094,314454.8,124272.65828770759
