id,mean_1,stdev_1,mean_2,stdev_2
379ecf22-856c-4b87-b7a8-40c0ac175849,300840.86666666664,120056.15995906065,322716.5333333333,128842.97772242856
