id,mean_1,stdev_1,mean_2,stdev_2
38b5c90b-7cd3-4206-a5bb-939f32d6860f,310073.6666666667,119769.54087561475,314215.0,116188.17655108744
