id,mean_1,stdev_1,mean_2,stdev_2
fce6b648-6372-4fc0-9ab5-6d23a4dbd806,322867.13333333336,140170.1757459442,309343.3333333333,125630.8650826787
