id,mean_1,stdev_1,mean_2,stdev_2
a08550aa-4f0b-41c1-a688-5694988ed5a1,383720.5333333333,142450.07131242706,327227.06666666665,117471.30889964389
