id,mean_1,stdev_1,mean_2,stdev_2
dfdf77d3-99fd-40d4-912d-5bc172f57f88,347678.0,134206.21583667427,347360.26666666666,134153.95763846184
