id,mean_1,stdev_1,mean_2,stdev_2
c843982e-6159-4983-9bc1-49cefa950e6c,309443.5333333333,131622.5738637395,291735.6,118592.83581948222
