id,mean_1,stdev_1,mean_2,stdev_2
4ccae5b5-bd62-4ca0-9eab-9eacf916bbaf,323582.4666666667,125845.22152436124,298408.6666666667,110040.01273577212
