id,mean_1,stdev_1,mean_2,stdev_2
43a8f28b-482d-409f-9fe2-920ab2008b5d,381772.8,153441.7318803026,337737.8,141986.18638266658
