id,mean_1,stdev_1,mean_2,stdev_2
e778d361-a364-4852-a48d-9e6bb2f1d3f4,281046.0,112196.22571964412,279636.8,118563.54881733257
