id,mean_1,stdev_1,mean_2,stdev_2
2e6d675b-8b3e-4203-b1f0-eccaddeb8234,205499.4,88219.09867808293,218861.4,96167.2255034947
