id,mean_1,stdev_1,mean_2,stdev_2
7a507272-c425-4b59-9455-4540c4bb3e07,315375.4666666667,115286.8492846527,340013.0,128607.69974823954
