id,mean_1,stdev_1,mean_2,stdev_2
978d41a8-fb3e-417e-9f70-ffb5ade822e9,277458.2,122774.65477108864,261810.33333333334,112857.74283504976
