id,mean_1,stdev_1,mean_2,stdev_2
a39f7947-8195-44ab-93ae-f74b893c7bdc,317939.4,125450.6852218831,328446.6666666667,123217.71871754306
