id,mean_1,stdev_1,mean_2,stdev_2
dc389e99-213f-4335-8a46-474787591be3,280734.4666666667,108338.21736202891,308912.8,124954.53526580511
