id,mean_1,stdev_1,mean_2,stdev_2
7447b919-f4aa-4549-9ff3-b82d5eca2160,375359.86666666664,136615.3971941507,422342.8,158317.99334175506
