id,mean_1,stdev_1,mean_2,stdev_2
3d43b010-3b62-45d1-9350-b49e65314c42,311258.6,118896.06926376218,277269.2,114716.85737571439
