id,mean_1,stdev_1,mean_2,stdev_2
786f36a0-4f4c-4bea-9e27-ce75cf8a58d5,344462.6666666667,130094.29012920674,295063.6,107959.99681412864
