id,mean_1,stdev_1,mean_2,stdev_2
b6457d22-e3d3-4b69-b826-391f97f7db6e,323531.06666666665,118184.91173719634,305770.5333333333,114088.07409241142
