id,mean_1,stdev_1,mean_2,stdev_2
bb0444f2-5458-4146-8811-10a16eea7d73,431278.4,155513.29053076677,384574.93333333335,141369.0988278399
