id,mean_1,stdev_1,mean_2,stdev_2
a258cff6-d46c-4220-8b2c-4434159066a2,354034.4666666667,130725.49474164896,307150.73333333334,120893.15524349958
