id,mean_1,stdev_1,mean_2,stdev_2
0c8e0288-4bf2-4d3f-82ad-2a79dc887e62,309842.13333333336,123943.52244570464,339936.73333333334,136216.12742670704
