id,mean_1,stdev_1,mean_2,stdev_2
95659f7d-deb3-48ff-800e-adfbb2e4c8a6,361611.86666666664,130687.00146016391,407125.8,160891.07657260966
