id,mean_1,stdev_1,mean_2,stdev_2
c31f7eac-d716-4671-8993-ef288d73f01f,338040.6,131030.09233495437,324488.4,128204.70444607978
