id,mean_1,stdev_1,mean_2,stdev_2
16dda852-106b-44c0-8ec2-de93bc2570f5,374983.93333333335,147563.17456215905,353730.0,126980.51695804886
