id,mean_1,stdev_1,mean_2,stdev_2
c22128f4-4e9b-4f69-b18b-612dd196256e,291020.8,121815.30187416248,297951.26666666666,124469.07239603293
