id,mean_1,stdev_1,mean_2,stdev_2
e944a06f-0ddd-430c-a76e-bf9f009b2bde,382078.86666666664,145531.6423136754,332067.0,128000.86174762002
