id,mean_1,stdev_1,mean_2,stdev_2
bf7eb937-bcb5-4794-9275-a27f0e73a349,369364.4,140041.41854789483,297266.3333333333,107642.52480357794
