id,mean_1,stdev_1,mean_2,stdev_2
50b33928-69d1-4681-b078-719741d6c4d2,330988.0,124840.3323609802,306838.8,122515.41834571952
