id,mean_1,stdev_1,mean_2,stdev_2
febefd9b-2a9f-4f50-8ecb-3ea72a035e0f,349649.8,135108.85361672885,344640.73333333334,139069.88336538657
