id,mean_1,stdev_1,mean_2,stdev_2
61443904-a15c-428e-a648-d26e64c85ddc,248458.46666666667,98186.25792839965,286375.26666666666,115511.52550833282
