id,mean_1,stdev_1,mean_2,stdev_2
15e82e68-4100-4764-8f24-8154f14cb011,309410.73333333334,115908.64187480681,280003.6666666667,111454.63008995584
