id,mean_1,stdev_1,mean_2,stdev_2
b41f88e7-8938-43a3-ade5-818aadc20e9e,329948.6,126679.81948087338,311314.3333333333,123269.87286690218
