id,mean_1,stdev_1,mean_2,stdev_2
735b7e15-0a47-4353-ab6e-b510b6a0ba13,364673.4666666667,146798.3560384183,367178.93333333335,145575.48427830223
