id,mean_1,stdev_1,mean_2,stdev_2
ac1e603b-24f9-4d42-9e13-a4cdc5f2c220,322437.13333333336,126407.90709702019,334098.73333333334,126151.39568284168
