id,mean_1,stdev_1,mean_2,stdev_2
280d8712-1870-43d1-bfad-706e36fd6749,356629.4,139676.00143274435,330752.6666666667,127519.03120223098
