id,mean_1,stdev_1,mean_2,stdev_2
bb140bf3-cf33-49c3-bf21-94195564c37b,346937.6,125900.99060282778,374310.4666666667,135060.10455145105
