id,mean_1,stdev_1,mean_2,stdev_2
b991d83b-dc45-4a21-9b14-015154bbcefd,443137.93333333335,168440.92435013794,362009.0,141002.19218579546
