id,mean_1,stdev_1,mean_2,stdev_2
e655f47f-3dfb-4f4c-9248-cf06959f5d2a,337231.86666666664,143051.86743875648,324684.0,130963.1434997394
