id,mean_1,stdev_1,mean_2,stdev_2
edccbc2e-e2dd-40c3-b836-af3b4d458bff,298616.73333333334,121062.29830929564,336893.0,132384.3310018221
