id,mean_1,stdev_1,mean_2,stdev_2
580d9bc1-a45c-4718-b7de-90a77a9e0e35,377343.5333333333,133232.51642591693,366090.86666666664,126597.67392958775
