id,mean_1,stdev_1,mean_2,stdev_2
1e1e998a-3888-49f2-bb6f-73801e633939,313446.0,118128.87241765522,302205.3333333333,115122.85376568613
