id,mean_1,stdev_1,mean_2,stdev_2
fee52b54-9d27-4ab4-b09e-fdd512b39aa2,328726.3333333333,127882.06622075236,305867.6666666667,123423.05370103629
