id,mean_1,stdev_1,mean_2,stdev_2
92fc0437-143d-46e8-9bf5-5cf5094714d2,324254.5333333333,116196.60355097399,341944.5333333333,124589.76314067256
