id,mean_1,stdev_1,mean_2,stdev_2
6bfe0cef-1dc5-451d-964c-2c5f5975c9ed,355621.0,135481.75680388362,337776.13333333336,126179.10134982294
