id,mean_1,stdev_1,mean_2,stdev_2
c0d0ca56-8cc2-4ae5-afda-d2728e8f20f7,269759.86666666664,111475.91014377153,258383.26666666666,102738.06076196341
