id,mean_1,stdev_1,mean_2,stdev_2
38eae98b-90b1-441b-b864-dda7681c1966,29197.666666666668,43035.36881940507,268979.13333333336,106989.28089415729
