id,mean_1,stdev_1,mean_2,stdev_2
983b1a96-dc05-4fcd-bda3-51ae5152e911,274430.2,105791.81863654044,304041.0,127355.93404209061
