id,mean_1,stdev_1,mean_2,stdev_2
a8abc81f-7e30-4d5c-8ad7-ec507bfb0d09,329016.4,128298.1449924615,290996.4666666667,111179.33239882711
