id,mean_1,stdev_1,mean_2,stdev_2
22d64197-a320-4fc6-a417-f00dfe905dde,333009.5333333333,127803.97290322745,307640.4666666667,115508.79253509473
