id,mean_1,stdev_1,mean_2,stdev_2
05a3c5b9-fff7-41e3-8c3b-53d71b04ce66,353560.6,142579.90692557863,371352.13333333336,142569.31533859434
