id,mean_1,stdev_1,mean_2,stdev_2
9c68b3cb-d4c0-4546-a55d-2a83d4a35850,286226.73333333334,114820.19755337278,241652.93333333332,97290.1073617571
