id,mean_1,stdev_1,mean_2,stdev_2
526e71fd-95c8-4f41-827f-96dae152b1e3,288678.73333333334,112795.13475350887,326152.86666666664,129459.50122096957
