id,mean_1,stdev_1,mean_2,stdev_2
3fa2a5a9-3af9-4ac6-a8a3-ca56c7417f52,200384.13333333333,96364.27228101133,231079.46666666667,103547.41470512701
