id,mean_1,stdev_1,mean_2,stdev_2
e6565232-0e0c-48e2-9e8f-1229e59c4405,323355.13333333336,122521.21794686104,311505.0,119068.8170244418
