id,mean_1,stdev_1,mean_2,stdev_2
107b219a-1aca-4842-9dfc-7deaae3d9878,334298.93333333335,130976.3674471934,306989.4,117912.07443277386
