id,mean_1,stdev_1,mean_2,stdev_2
f5747c6b-d859-42a4-925b-88c7a76aad08,339357.6666666667,140392.4709029021,294867.8,120548.22839632833
