id,mean_1,stdev_1,mean_2,stdev_2
3c0912fe-e7d0-494b-a361-0c39066d4049,323673.6,132050.99607086147,333830.6666666667,135558.56136527203
