id,mean_1,stdev_1,mean_2,stdev_2
668f310f-5da7-4129-b239-6598fd1f6b96,377172.6,153101.78880809984,437282.13333333336,165715.36357456085
