id,mean_1,stdev_1,mean_2,stdev_2
801e47ec-6c20-44c0-a713-451981bd744a,358617.73333333334,141769.21781424282,155559.06666666668,68576.42210601413
