id,mean_1,stdev_1,mean_2,stdev_2
3b7f9f05-ca98-4c31-b058-f28034ec1092,322307.13333333336,127999.49441039037,343432.26666666666,132918.11095180202
