id,mean_1,stdev_1,mean_2,stdev_2
f17ba01a-5968-4d07-8717-40d9895ba1b3,311953.6666666667,123127.02959229634,328095.73333333334,124202.48951797311
