id,mean_1,stdev_1,mean_2,stdev_2
4c30d8ef-33f5-4fe4-8bf0-1abf10732f3c,363686.3333333333,138569.2713625772,327368.6,120304.6915886492
