id,mean_1,stdev_1,mean_2,stdev_2
687bb67e-1756-4359-9ef8-134d777d1a6a,290393.86666666664,117498.49071647214,281575.8,113190.77905271259
