id,mean_1,stdev_1,mean_2,stdev_2
66ffbbd4-3a96-49a8-9a3c-e14de87fc9e3,364018.8,145086.59391742575,400364.26666666666,155276.791251179
