id,mean_1,stdev_1,mean_2,stdev_2
4801c1e1-ba28-4f08-9048-4f2dfe6ebcc8,319241.06666666665,127698.14116343102,304389.2,122181.06218133807
