id,mean_1,stdev_1,mean_2,stdev_2
e488e212-87c8-4f19-a67e-fbec632976a4,311872.5333333333,116988.87464818562,304435.5333333333,119735.19853625145
