id,mean_1,stdev_1,mean_2,stdev_2
d3690ecc-d2ae-4a7a-b1f8-6ea52240f7ad,299654.13333333336,111756.94633913763,359071.26666666666,135831.35719877874
