id,mean_1,stdev_1,mean_2,stdev_2
3cf67c4d-630c-47bc-af65-45b1d631d980,375126.73333333334,142850.54722773103,362738.73333333334,143287.60994934474
