id,mean_1,stdev_1,mean_2,stdev_2
97a0ace9-ef17-4a3d-8084-279b5b834650,277673.6,117006.2216880225,310120.86666666664,130622.98681669912
