id,mean_1,stdev_1,mean_2,stdev_2
9b9b4e70-c61d-4d64-a853-d2d7fdf74ce5,287241.93333333335,119422.35509566689,284463.0,115143.57946147062
