id,mean_1,stdev_1,mean_2,stdev_2
3dc3f9c5-6c33-4480-94d7-04f6f1a3c658,261437.73333333334,93161.73654562025,369655.2,129667.58314664978
