id,mean_1,stdev_1,mean_2,stdev_2
b3c03359-571a-4616-b243-4d4a4a75a4e7,358158.06666666665,128830.00951148335,397298.3333333333,160407.5878474027
