id,mean_1,stdev_1,mean_2,stdev_2
000f29d8-8d78-42e5-9f91-09c10964626e,308830.3333333333,117231.02913117991,296529.8,111891.02213564768
