id,mean_1,stdev_1,mean_2,stdev_2
ffc815c2-0387-4dce-b147-47083ec2bc57,290833.0,118740.82650882972,285199.4,109084.07517433514
