id,mean_1,stdev_1,mean_2,stdev_2
a004b6cb-d5bc-44ad-8958-fc6d4dd696da,286023.3333333333,118608.79208988776,278867.13333333336,115368.21952216978
