id,mean_1,stdev_1,mean_2,stdev_2
6fc8e60b-340a-4386-8b23-39b632614ae3,350922.26666666666,138351.81432154123,336361.3333333333,128735.71969719809
