id,mean_1,stdev_1,mean_2,stdev_2
ebc35a67-a607-44e2-87b9-d3cce4369385,353778.26666666666,137246.00696436389,323607.4,120783.35011846627
