id,mean_1,stdev_1,mean_2,stdev_2
23023d5c-0877-4cab-897b-9beaf3976bbf,353809.6666666667,136468.57371163843,328235.26666666666,126081.62349761982
