id,mean_1,stdev_1,mean_2,stdev_2
b0cd6eb7-2a15-4254-b201-ce722e88e360,260432.13333333333,112116.59257211762,284292.93333333335,121814.0849860785
