id,mean_1,stdev_1,mean_2,stdev_2
9f5f33b1-a053-4b7d-b91c-67c93a6f8277,306107.73333333334,124267.92420436667,321160.4,125336.46434234531
