id,mean_1,stdev_1,mean_2,stdev_2
ff23b6df-38b7-45b3-b387-1c92f6b7a6c1,341229.06666666665,129435.23988644754,340839.2,128304.85763326864
