id,mean_1,stdev_1,mean_2,stdev_2
9801cec9-192c-44bd-95bd-3b6483a65e21,331481.86666666664,142564.7277937834,363127.6666666667,145114.34573037756
