id,mean_1,stdev_1,mean_2,stdev_2
c1173f3e-c560-45db-b550-a7a9087218c0,351351.2,140802.08124228843,334921.26666666666,136818.06790063297
