id,mean_1,stdev_1,mean_2,stdev_2
818d0da2-f77e-46d1-bfab-6d80b2366601,162862.8,65519.26063909248,317006.6,123211.8064000903
