id,mean_1,stdev_1,mean_2,stdev_2
01418d1f-f689-4edb-8b30-34181152b6d2,314220.4666666667,128270.73584668052,319637.86666666664,125968.89750244789
