id,mean_1,stdev_1,mean_2,stdev_2
e19afb93-a9b8-494d-a873-0ff502a70b35,349310.0,136653.3761900281,313682.0,120061.59528231055
