id,mean_1,stdev_1,mean_2,stdev_2
ffbdc8cf-52f8-404c-8619-2ef17d8344a7,301602.8,117715.17691399583,286763.13333333336,110419.48538301057
