id,mean_1,stdev_1,mean_2,stdev_2
af8ec172-859f-42e1-8012-8540fb6805bb,325942.5333333333,122074.87903079086,321778.8,116715.01320807019
