id,mean_1,stdev_1,mean_2,stdev_2
ef8ec3bb-dc7c-47a9-9af3-1f1d9b687fdf,279071.73333333334,117145.48815808295,286826.86666666664,121016.2090128793
