id,mean_1,stdev_1,mean_2,stdev_2
3dd71a8e-5269-4611-b047-1000f19207a6,356403.4666666667,131847.79606595208,357163.93333333335,124796.75072451028
