id,mean_1,stdev_1,mean_2,stdev_2
89ae5064-a734-4d8d-bbdd-0183263bfeb3,343274.86666666664,131901.4934456097,361017.3333333333,130915.27022959886
