id,mean_1,stdev_1,mean_2,stdev_2
c8d9aaa6-e51d-46b0-a4ad-2487979e614f,350871.5333333333,124094.64242309397,373606.6,134497.08685063283
