id,mean_1,stdev_1,mean_2,stdev_2
fab86d08-6e46-4e04-8f1d-60c0d38623c5,317887.93333333335,123778.66012818563,321958.4666666667,124243.66039621051
