id,mean_1,stdev_1,mean_2,stdev_2
87f8f69a-a90d-42b9-be81-23f679a87c8d,149047.26666666666,71259.88825369354,333544.8,135576.98786701722
