id,mean_1,stdev_1,mean_2,stdev_2
f30834a0-9568-47a1-921d-9167ef52a41b,363463.73333333334,137747.18126358237,375668.26666666666,145583.15638217068
