id,mean_1,stdev_1,mean_2,stdev_2
48bf257b-ca77-439c-8245-81f39e46d8a3,303375.06666666665,119891.67401698732,301027.13333333336,120047.10047358727
