id,mean_1,stdev_1,mean_2,stdev_2
30cf191e-6655-4891-a9e1-1c642f315764,391191.4666666667,140559.6573771515,355631.4,128501.41449639118
