id,mean_1,stdev_1,mean_2,stdev_2
64a4fe8b-9a13-4ce6-8331-0f3a5f92c3fc,134671.46666666667,83427.12123114134,290689.93333333335,121007.76505413013
