id,mean_1,stdev_1,mean_2,stdev_2
e6898be3-7fc5-4f53-9cca-6a77b8cb9c5c,357006.06666666665,142645.3431563595,303764.6,120766.07174798724
