id,mean_1,stdev_1,mean_2,stdev_2
498d97d0-4987-4737-b84a-137ae04f52e3,373798.4666666667,147134.43458998832,345219.2,134518.2080241432
