id,mean_1,stdev_1,mean_2,stdev_2
3e21548b-f784-4045-956f-d43aea5b89a4,356345.26666666666,136376.40969780006,360541.06666666665,139836.63869599966
