id,mean_1,stdev_1,mean_2,stdev_2
9535ffa6-1f18-4968-9173-89547e4e9045,323324.4666666667,125124.67324492356,337050.06666666665,129509.28961762635
