id,mean_1,stdev_1,mean_2,stdev_2
390fd1c2-f1e6-47be-912c-64091d19e2b5,328910.86666666664,125616.1010188671,356846.8,138685.63541679434
