id,mean_1,stdev_1,mean_2,stdev_2
4c4cc5d4-f434-4e20-9f80-60ce7d77f8d8,309668.3333333333,117052.379399234,360796.6666666667,146188.0771561834
