id,mean_1,stdev_1,mean_2,stdev_2
e03234f3-d6e3-49ea-bfb0-8b09e2e989e3,305083.5333333333,119707.4011551314,348376.4666666667,130323.01807783442
