id,mean_1,stdev_1,mean_2,stdev_2
68e286b6-f1b2-4bd5-ba53-54f38d8fa032,286534.3333333333,126507.98527664391,308947.06666666665,135592.41895743614
