id,mean_1,stdev_1,mean_2,stdev_2
c3a5f926-d091-439a-8cbc-5424e91fd6de,354373.4,133168.80449654866,395243.13333333336,160053.3078566291
