id,mean_1,stdev_1,mean_2,stdev_2
9ef21c19-0539-4946-9f56-85cb73fa65b5,308618.3333333333,114751.30769257297,311745.86666666664,117518.98717845083
