id,mean_1,stdev_1,mean_2,stdev_2
50b37258-4d37-44ae-85a8-2c64a8d7fcea,316024.86666666664,112778.59542239782,336924.8,124164.94198830845
