id,mean_1,stdev_1,mean_2,stdev_2
59ef370a-a838-4c46-9a32-798229ca246e,310716.73333333334,121854.9690057634,308057.2,126584.79916704059
