id,mean_1,stdev_1,mean_2,stdev_2
3e79e151-77c4-4116-9454-3b225db97678,342107.4666666667,137313.43313061385,349783.86666666664,139515.73903846435
