id,mean_1,stdev_1,mean_2,stdev_2
c3b62ba4-e12c-47ee-b513-bba781baabea,320203.0,137209.15795334752,334838.93333333335,141056.60883794926
