id,mean_1,stdev_1,mean_2,stdev_2
8786da71-0f64-4201-bb53-d4cd246006d1,330759.93333333335,136732.6325383309,329032.3333333333,128991.33608769579
