id,mean_1,stdev_1,mean_2,stdev_2
755e9688-7c75-4195-9727-e4398cd939fc,403121.3333333333,153128.15259891158,422894.26666666666,161780.9981452155
