id,mean_1,stdev_1,mean_2,stdev_2
b731b88a-72f4-490f-b92f-1881d18c2a69,290538.2,119049.05300656533,195387.53333333333,86880.14259339638
