id,mean_1,stdev_1,mean_2,stdev_2
735e3e22-4deb-48de-bbf9-232df04328b7,427263.6,168232.69093641304,364384.6666666667,129245.61249376665
