id,mean_1,stdev_1,mean_2,stdev_2
159b018a-62dc-450a-9143-45b1472b408f,354531.86666666664,133954.32456817344,374328.6,151405.90935618506
