id,mean_1,stdev_1,mean_2,stdev_2
d16fa156-e01f-4215-9496-b3934553d4cc,335139.13333333336,131946.8742925812,349302.06666666665,138641.55774200207
