id,mean_1,stdev_1,mean_2,stdev_2
ae052f5e-2789-424f-a5a4-678416fcbddb,304345.73333333334,120993.58610960428,298177.8,118036.1293345954
