id,mean_1,stdev_1,mean_2,stdev_2
aae62bc3-b596-47fd-92b1-5b801a5c4d1b,204099.06666666668,115899.92543251363,350178.13333333336,134006.18276575484
