id,mean_1,stdev_1,mean_2,stdev_2
a38562a3-a2d3-4171-9504-3c2f1ef9fde3,354565.4666666667,137714.30546890263,329804.5333333333,128776.07083350366
