id,mean_1,stdev_1,mean_2,stdev_2
a5c473a0-e71d-49ad-a499-2e8d1e124404,332650.3333333333,120189.74451683564,369426.13333333336,135826.54696136867
