id,mean_1,stdev_1,mean_2,stdev_2
28982d77-df70-47d1-8541-5455efafaf50,336003.0,124741.39270934355,296382.4,114373.6964911076
