id,mean_1,stdev_1,mean_2,stdev_2
5fa00725-1b91-43d9-b569-f22a0b3aae7a,332126.6666666667,138219.10707311376,296681.6,117144.96102282849
