id,mean_1,stdev_1,mean_2,stdev_2
a844bd27-f3b6-441e-8f4a-929c483a4271,334062.8,126350.73540754191,152201.46666666667,70420.54219034543
