id,mean_1,stdev_1,mean_2,stdev_2
5ab8b3df-5d10-445e-babb-cd03928b5f4a,354771.06666666665,130191.79902460148,381765.13333333336,135785.20723106115
