id,mean_1,stdev_1,mean_2,stdev_2
56718013-28b6-4977-a5cc-9c8c88df6eb2,310644.93333333335,113425.58542848946,306546.6,119288.3913484739
