id,mean_1,stdev_1,mean_2,stdev_2
73fa735b-e1ce-40e8-ad49-3b9fdc239cc3,276590.6,118122.75391743964,297329.3333333333,124446.54161133699
