id,mean_1,stdev_1,mean_2,stdev_2
5b25ec79-b37b-4e90-bfeb-d1ce771e5bfa,321939.8,121174.30362371937,309090.2,122967.97593747733
