id,mean_1,stdev_1,mean_2,stdev_2
e9165a95-f319-4051-8a82-0d3a3033659b,307745.6666666667,121930.77263959615,316730.0,123720.04285482607
