id,mean_1,stdev_1,mean_2,stdev_2
de59e3ef-53ec-487b-ba57-ddef98b3685d,343056.4666666667,136004.69770801626,328409.13333333336,127494.91819721898
