id,mean_1,stdev_1,mean_2,stdev_2
3bfb1410-6336-41a4-92ab-2982bae05e9d,326005.5333333333,131029.06848017436,349530.73333333334,134645.53610101188
