id,mean_1,stdev_1,mean_2,stdev_2
9598dbc0-36fd-4a05-8e13-41809568d649,60019.86666666667,65331.836606529156,325831.4,125979.72229466136
