id,mean_1,stdev_1,mean_2,stdev_2
5be18d42-0bd0-4850-9b9c-dd1105870ef5,355858.8,142391.65453316897,381973.4,153938.41069501356
