id,mean_1,stdev_1,mean_2,stdev_2
dc7d7dce-69c6-4921-a548-15ef25aed963,304988.06666666665,121101.08334360826,339194.73333333334,135211.3747761712
