id,mean_1,stdev_1,mean_2,stdev_2
aefb26f1-07ca-464d-9ce6-93fc30b559b8,360281.3333333333,136988.7513823266,393748.3333333333,159318.03962333399
