id,mean_1,stdev_1,mean_2,stdev_2
ebaaa358-d9cd-4c66-add6-5574020e054b,322513.13333333336,132245.22118038477,275686.13333333336,116861.66415830681
