id,mean_1,stdev_1,mean_2,stdev_2
fbb3ba59-529a-45ba-8a97-4ed11d1e84c3,376022.73333333334,136467.2125606082,389797.26666666666,148945.78528152077
