id,mean_1,stdev_1,mean_2,stdev_2
c41d1cff-2771-4247-bbc6-83fb97ed2a92,316284.26666666666,122280.79204762928,313238.8,125183.62893136892
