id,mean_1,stdev_1,mean_2,stdev_2
a1846ac6-f90b-48f2-aec6-070b70bde668,316043.6,123418.73669952493,340215.8,131352.87818351501
