id,mean_1,stdev_1,mean_2,stdev_2
0cdec9c8-301b-4b03-b9e7-29adec5c5306,307140.4666666667,122184.2404457938,317629.3333333333,123502.39660760526
