id,mean_1,stdev_1,mean_2,stdev_2
a2482561-5408-4100-a5e6-a9752942559a,356997.73333333334,137507.56167206063,357444.0,136558.26282433444
