id,mean_1,stdev_1,mean_2,stdev_2
9e8a2378-b80a-44b9-abdb-b5b48bad170c,294174.3333333333,128783.13883510613,293304.4666666667,129419.05970547338
