id,mean_1,stdev_1,mean_2,stdev_2
a412fee0-606f-4803-8cb7-443c691f35ec,282907.06666666665,109831.76942668072,292231.4,120723.97796836661
