id,mean_1,stdev_1,mean_2,stdev_2
7e4b9401-a70a-43f7-b55a-9b8b05ed096c,356962.06666666665,141424.0609054752,377604.2,160093.6181826954
