id,mean_1,stdev_1,mean_2,stdev_2
fba71add-69d2-4647-98e6-f17991c9508e,276858.4666666667,113233.73582513099,333180.4,133546.70604289224
