id,mean_1,stdev_1,mean_2,stdev_2
ef5476dc-7b68-4af2-bcdb-bcd012d8f8c0,345187.4,149886.10813761226,309998.4,122132.851324995
