id,mean_1,stdev_1,mean_2,stdev_2
f6481b8f-dc44-4a49-85fe-e1d4b153ae40,302117.2,115806.65476917406,318077.86666666664,121272.44913437219
