id,mean_1,stdev_1,mean_2,stdev_2
1491e646-4c0a-4b5e-be2e-d7afb22cfd8c,395662.0,148413.37427424346,366613.73333333334,142789.25522856714
