id,mean_1,stdev_1,mean_2,stdev_2
f841f7a3-aecb-4751-a3bd-18dec60bfa9a,302946.5333333333,114995.97007308077,325590.06666666665,120995.07632101767
