id,mean_1,stdev_1,mean_2,stdev_2
a5648771-fa09-494d-b7fd-4612fa4db1ee,356309.6666666667,144282.297387063,361363.6,148256.23044121958
