id,mean_1,stdev_1,mean_2,stdev_2
5ea8046c-a6f5-4af0-9995-804d4a8c981a,350047.5333333333,133177.90182452276,353377.6666666667,141117.787733825
