id,mean_1,stdev_1,mean_2,stdev_2
32642f6e-db82-4d7f-a325-f3ffc54d23cc,303722.2,123060.95967673906,303493.3333333333,120634.28940544043
