id,mean_1,stdev_1,mean_2,stdev_2
293eb18c-99b2-417d-aff6-027ae782109b,319744.73333333334,126651.24599964352,314554.3333333333,121837.91267016284
