id,mean_1,stdev_1,mean_2,stdev_2
23cafac6-1c5e-4454-bfab-bcf1d1d47876,281804.3333333333,113904.64352704074,302917.06666666665,123135.04605024336
