id,mean_1,stdev_1,mean_2,stdev_2
c0181157-8c8d-4578-8352-b66cfaab1e42,355280.2,140964.37912853493,433570.4,164223.68952693767
