id,mean_1,stdev_1,mean_2,stdev_2
d3f5e61b-7735-4190-bdae-ca63fadabfa7,336361.5333333333,118338.4194829201,340854.13333333336,122864.1296944809
