id,mean_1,stdev_1,mean_2,stdev_2
3d6cb98c-56fc-4afe-a829-4ffeaf935bb0,329193.4,122135.69482331253,356913.0,136497.09521500205
