id,mean_1,stdev_1,mean_2,stdev_2
c1cf1f7f-fa9c-4a39-b040-de4f16a532e9,313695.13333333336,131356.44384592972,316920.6666666667,132510.5956325338
