id,mean_1,stdev_1,mean_2,stdev_2
6dc7aa47-e327-4cdd-8c0b-c25987718dd8,320843.8,122500.77428337613,340776.73333333334,127476.67963956736
