id,mean_1,stdev_1,mean_2,stdev_2
95d7670d-6492-4514-a288-209b4ca7c2fa,326405.5333333333,121815.26937559548,310423.86666666664,122621.48882740288
