id,mean_1,stdev_1,mean_2,stdev_2
12520667-644d-429b-8555-e2fea55d61e0,352124.2,146051.966046427,349979.4,143238.87371557578
