id,mean_1,stdev_1,mean_2,stdev_2
0d65e561-a409-49fd-9f5d-fa27f0bf926f,288313.26666666666,115696.5080219028,360794.26666666666,146156.21243471734
