id,mean_1,stdev_1,mean_2,stdev_2
4bfde55f-fd0a-48f0-8241-33ab58614ee1,341844.4,132520.34473181845,328233.2,131183.38831940576
