id,mean_1,stdev_1,mean_2,stdev_2
5820d7db-d7d8-487c-8f36-8058135aba1c,280117.4,112074.96613178162,289193.93333333335,121796.43341109059
