id,mean_1,stdev_1,mean_2,stdev_2
bc154b80-8e19-456a-a4a0-0b3e341cc7e2,290954.93333333335,114817.53449972508,300198.26666666666,120384.92914340325
