id,mean_1,stdev_1,mean_2,stdev_2
beddb191-5497-4c5d-a4dc-319978d51db2,300658.13333333336,121114.22664568444,293691.0,115785.37319886308
