id,mean_1,stdev_1,mean_2,stdev_2
075a4732-2f4a-44a7-bf2f-ebe1fbe9086a,382751.06666666665,142896.6571493617,375514.2,141933.76493900246
