id,mean_1,stdev_1,mean_2,stdev_2
4c2eb948-e19e-4bda-ab8e-bfb9d19c596a,359429.93333333335,139316.82535165024,351914.86666666664,140018.540819358
