id,mean_1,stdev_1,mean_2,stdev_2
e3757981-5506-4736-a410-8900533e8060,324502.86666666664,126527.50142050366,316470.06666666665,124140.86999397991
