id,mean_1,stdev_1,mean_2,stdev_2
3ff2ca86-5eb9-4393-8fc9-3e57dbbd94f8,328208.4666666667,152061.0563968157,339626.73333333334,132943.32759611853
