id,mean_1,stdev_1,mean_2,stdev_2
d73216a5-d0b2-4fea-ae46-c429ccd7eb73,391137.4666666667,159463.31885708246,376724.4666666667,151922.85521227174
