id,mean_1,stdev_1,mean_2,stdev_2
b706e3ea-de36-41d2-8dde-5e84783496ec,324202.26666666666,121423.20871533945,291633.13333333336,115109.01962682547
