id,mean_1,stdev_1,mean_2,stdev_2
6d38e3f0-a257-4d5e-8f4a-d0c0619a6049,306743.4,119695.50366648419,340598.26666666666,127300.52334035742
