id,mean_1,stdev_1,mean_2,stdev_2
9d0036fa-8d05-4337-a232-944c0c7e19c1,292642.93333333335,115991.69247577844,191493.06666666668,70384.62739970678
