id,mean_1,stdev_1,mean_2,stdev_2
7f551ded-a51c-416b-b5b9-d7bbcd69fa46,309663.2,117914.12868874818,354155.73333333334,133402.5253226573
