id,mean_1,stdev_1,mean_2,stdev_2
43133a57-7d00-4ba2-ac63-387e13620ad3,319526.3333333333,115697.97309873477,324564.13333333336,120232.97744787917
