id,mean_1,stdev_1,mean_2,stdev_2
ad6542ab-5369-4609-a605-9632e06b2e3f,295715.5333333333,114510.09529228802,291381.8,113372.43911944971
