id,mean_1,stdev_1,mean_2,stdev_2
c7ddb0e8-28fa-4afc-9ae1-cdf9fb61f8c3,313114.4,122837.76413399911,324365.13333333336,127184.91557354154
