id,mean_1,stdev_1,mean_2,stdev_2
e310cd62-b66c-4c2b-9443-0f691138f470,299104.4666666667,123565.7452850461,294344.13333333336,122199.66893401234
