id,mean_1,stdev_1,mean_2,stdev_2
9e0a7982-48cf-4d5c-81e8-5cacae464691,312455.73333333334,123081.41309418828,307366.73333333334,122289.25080342188
