id,mean_1,stdev_1,mean_2,stdev_2
922a2b80-40b8-4b41-9f5c-fe6a888f66ab,310512.06666666665,125549.0104049499,324635.6666666667,133680.51882737275
