id,mean_1,stdev_1,mean_2,stdev_2
64fd8eb3-9388-4215-8698-3c028fe1fb52,230588.53333333333,92560.9374288936,289621.4,116839.81574263686
