id,mean_1,stdev_1,mean_2,stdev_2
f4613dec-30e6-47a8-88ac-1f78399bb332,323373.73333333334,134928.24685808213,309163.8,132174.0895254941
