id,mean_1,stdev_1,mean_2,stdev_2
ce3eb616-e871-4a11-931a-858450ed77f8,378433.4666666667,152972.64199974525,375572.2,150004.8766421501
