id,mean_1,stdev_1,mean_2,stdev_2
3233ddf3-8ccb-46b9-98d3-1ff375be4f5b,331110.8,129664.28077215406,320254.26666666666,130527.38701103645
