id,mean_1,stdev_1,mean_2,stdev_2
49999324-20a6-4a09-a07b-5d91c4d57526,297213.8,109878.80647282867,360746.5333333333,136129.13332757083
