id,mean_1,stdev_1,mean_2,stdev_2
4e0646e8-6f3c-40f7-8d6c-cfdd7e1ecdb6,355037.6,139119.62269538638,354940.93333333335,136859.25367640372
