id,mean_1,stdev_1,mean_2,stdev_2
7b3bfe1f-1895-46f2-84b8-bbc7362d07a3,274337.93333333335,116058.3778337245,277613.26666666666,118813.8116760655
