id,mean_1,stdev_1,mean_2,stdev_2
f581a290-78cf-4d49-9cba-2c2d3ca42742,312859.2,119528.70528884123,305171.06666666665,121314.19585768004
