id,mean_1,stdev_1,mean_2,stdev_2
7203774d-cc88-440d-878f-662371dbdf40,254915.8,99638.96951641627,147313.33333333334,70190.35329033628
