id,mean_1,stdev_1,mean_2,stdev_2
897ff8c0-7736-4301-bf6a-bb764312340a,282070.6,119136.5393771925,288811.3333333333,120978.03175930561
