id,mean_1,stdev_1,mean_2,stdev_2
dd579a43-387a-4e53-a9a9-d058dcb4a927,287194.4666666667,112437.11546867232,277584.06666666665,104326.19147939578
