id,mean_1,stdev_1,mean_2,stdev_2
6cbe1983-aefd-413f-bc2b-80a65aca4ecf,301219.8,111702.32947388936,323075.2,131077.80214218833
