id,mean_1,stdev_1,mean_2,stdev_2
3b3b20de-72b8-4c42-b39d-db21c848dcf3,42524.066666666666,54230.31325924234,319678.6,123774.84879075123
