id,mean_1,stdev_1,mean_2,stdev_2
61ac0ad2-a5ef-4cc7-96af-1296d8970a28,355027.26666666666,138215.0295254785,330953.13333333336,127647.58583426305
