id,mean_1,stdev_1,mean_2,stdev_2
61f9e188-6fbb-421a-ac54-f62332c2a9e2,370468.5333333333,135078.53553093557,397653.8,139002.8733967755
