id,mean_1,stdev_1,mean_2,stdev_2
18d30d78-f787-4395-bcc8-f7390b53a606,287235.13333333336,114485.92204858882,245049.06666666668,101403.9586883186
