id,mean_1,stdev_1,mean_2,stdev_2
72330478-d19b-4e84-99c4-a32cbaac2a39,388462.5333333333,147270.6688280083,380253.0,143511.88247249773
