id,mean_1,stdev_1,mean_2,stdev_2
0900bbdf-f49b-4705-b27d-7a042d467c23,308076.26666666666,116957.30891253536,337368.5333333333,128339.27049497447
