id,mean_1,stdev_1,mean_2,stdev_2
23fe1f2c-8220-4e87-a3ca-4e8d50a265ef,347003.26666666666,133504.15226324945,356366.4666666667,136006.6275149201
