id,mean_1,stdev_1,mean_2,stdev_2
cc348c86-5774-4bc0-9204-a497edc9c740,117413.8,49991.476917837375,326450.06666666665,125241.86431406323
