id,mean_1,stdev_1,mean_2,stdev_2
59dbbf5a-f3df-4ac9-b5f2-adcc2cf05196,170448.86666666667,62700.87416813969,136874.73333333334,53122.151352603265
