id,mean_1,stdev_1,mean_2,stdev_2
2eb580c1-379f-42d2-8de0-2ffe19f7d814,371831.8,144369.280810104,346131.4,133072.90692689226
