id,mean_1,stdev_1,mean_2,stdev_2
23943b7e-acd8-4a95-b4d4-3755842c28d8,356254.86666666664,128025.83560144759,360571.13333333336,125276.31862187237
