id,mean_1,stdev_1,mean_2,stdev_2
7e8b1c9a-b5db-4b61-a076-f781cfcf4745,325823.86666666664,122748.27916722726,343698.26666666666,132020.40025716563
