id,mean_1,stdev_1,mean_2,stdev_2
bf36af4f-4d7e-44f5-a7a8-9e339a449cdd,337278.8,145499.2826187126,262077.6,128419.65245646788
