id,mean_1,stdev_1,mean_2,stdev_2
ced3907c-a532-431a-a287-25eb70460e3b,343775.6666666667,141181.38030239288,338309.8,138393.8251258343
