id,mean_1,stdev_1,mean_2,stdev_2
7e7ca1ec-7c1a-4088-807f-00d734c47503,341021.06666666665,128226.11161822263,339240.6666666667,134715.23545447842
