id,mean_1,stdev_1,mean_2,stdev_2
23084fe0-a6c8-40f2-9de9-ae9cd7046d75,340106.5333333333,129199.91400557854,355797.4,139257.06324865532
