id,mean_1,stdev_1,mean_2,stdev_2
b93346b1-5578-44c0-aa83-a65e0ec4ca18,274331.06666666665,111879.39199779178,265080.26666666666,107291.1559483301
