id,mean_1,stdev_1,mean_2,stdev_2
434a73d0-05d8-4973-baf9-18ad09224f1f,346320.06666666665,129348.2968074785,312508.2,124953.39071040317
